platform,source_product_id,review_date,review_count,rating_sum,rating_1_count,rating_2_count,rating_3_count,rating_4_count,rating_5_count,positive_count,negative_count,neutral_count,helpful_count_sum,last_rebuilt_at
myntra,300006,2026-08-29,86,172,0,86,0,0,0,0,86,0,511,2026-08-20 14:07:43.527+05:30
myntra,300006,2026-08-27,86,172,0,86,0,0,0,0,86,0,511,2026-08-20 14:07:43.527+05:30
myntra,300006,2026-08-28,85,170,0,85,0,0,0,0,85,0,515,2026-08-20 14:07:43.527+05:30
myntra,300006,2026-08-24,86,172,0,86,0,0,0,0,86,0,516,2026-08-20 14:07:43.527+05:30
myntra,300006,2026-08-26,86,172,0,86,0,0,0,0,86,0,516,2026-08-20 14:07:43.527+05:30
myntra,300006,2026-08-25,105,210,0,105,0,0,0,0,105,0,625,2026-08-20 14:08:45.156+05:30
myntra,300006,2026-08-30,86,172,0,86,0,0,0,0,86,0,521,2026-08-20 14:07:43.527+05:30
myntra,300007,2026-08-29,85,255,0,0,85,0,0,0,0,85,600,2026-08-20 14:07:43.531+05:30
myntra,300007,2026-08-27,86,258,0,0,86,0,0,0,0,86,602,2026-08-20 14:07:43.531+05:30
myntra,300007,2026-08-28,86,258,0,0,86,0,0,0,0,86,597,2026-08-20 14:07:43.531+05:30
myntra,300007,2026-08-24,86,258,0,0,86,0,0,0,0,86,607,2026-08-20 14:07:43.531+05:30
myntra,300007,2026-08-26,85,255,0,0,85,0,0,0,0,85,595,2026-08-20 14:07:43.531+05:30
myntra,300007,2026-08-25,106,318,0,0,106,0,0,0,0,106,737,2026-08-20 14:08:45.169+05:30
myntra,300007,2026-08-30,86,258,0,0,86,0,0,0,0,86,597,2026-08-20 14:07:43.531+05:30
myntra,300008,2026-08-29,86,344,0,0,0,86,0,86,0,0,683,2026-08-20 14:07:43.536+05:30
myntra,300008,2026-08-27,85,340,0,0,0,85,0,85,0,0,680,2026-08-20 14:07:43.536+05:30
myntra,300008,2026-08-28,86,344,0,0,0,86,0,86,0,0,688,2026-08-20 14:07:43.536+05:30
myntra,300008,2026-08-24,86,344,0,0,0,86,0,86,0,0,683,2026-08-20 14:07:43.536+05:30
myntra,300008,2026-08-26,86,344,0,0,0,86,0,86,0,0,688,2026-08-20 14:07:43.536+05:30
myntra,300008,2026-08-25,106,424,0,0,0,106,0,106,0,0,848,2026-08-20 14:08:45.174+05:30
myntra,300008,2026-08-30,85,340,0,0,0,85,0,85,0,0,685,2026-08-20 14:07:43.536+05:30
myntra,300009,2026-08-29,86,430,0,0,0,0,86,86,0,0,774,2026-08-20 14:07:43.54+05:30
myntra,300009,2026-08-27,86,430,0,0,0,0,86,86,0,0,774,2026-08-20 14:07:43.54+05:30
myntra,300009,2026-08-28,85,425,0,0,0,0,85,85,0,0,765,2026-08-20 14:07:43.54+05:30
myntra,300009,2026-08-24,85,425,0,0,0,0,85,85,0,0,770,2026-08-20 14:07:43.54+05:30
myntra,300009,2026-08-26,86,430,0,0,0,0,86,86,0,0,779,2026-08-20 14:07:43.54+05:30
myntra,300009,2026-08-25,106,530,0,0,0,0,106,106,0,0,944,2026-08-20 14:08:45.179+05:30
myntra,300009,2026-08-30,86,430,0,0,0,0,86,86,0,0,769,2026-08-20 14:07:43.54+05:30
myntra,300010,2026-08-29,85,85,85,0,0,0,0,0,85,0,430,2026-08-20 14:07:43.544+05:30
myntra,300010,2026-08-27,86,86,86,0,0,0,0,0,86,0,430,2026-08-20 14:07:43.544+05:30
flipkart,TSHHCKSGPGYUQY9G,2026-07-13,1,5,0,0,0,0,1,1,0,0,0,2026-08-19 20:00:40.818952+05:30
myntra,300010,2026-08-28,86,86,86,0,0,0,0,0,86,0,425,2026-08-20 14:07:43.544+05:30
flipkart,TSHHHJRARG5VGWZC,2026-07-11,1,5,0,0,0,0,1,1,0,0,0,2026-08-19 20:00:40.818952+05:30
myntra,300010,2026-08-24,86,86,86,0,0,0,0,0,86,0,435,2026-08-20 14:07:43.544+05:30
myntra,300010,2026-08-26,86,86,86,0,0,0,0,0,86,0,435,2026-08-20 14:07:43.544+05:30
myntra,300010,2026-08-25,105,105,105,0,0,0,0,0,105,0,525,2026-08-20 14:08:45.184+05:30
myntra,300010,2026-08-30,86,86,86,0,0,0,0,0,86,0,425,2026-08-20 14:07:43.544+05:30
myntra,300011,2026-08-29,86,172,0,86,0,0,0,0,86,0,511,2026-08-20 14:07:43.548+05:30
flipkart,BXRHC6D3GGAB6HGP,2026-01-01,4,19,0,0,0,1,3,4,0,0,0,2026-08-19 20:00:40.818952+05:30
myntra,300011,2026-08-27,86,172,0,86,0,0,0,0,86,0,521,2026-08-20 14:07:43.548+05:30
myntra,300011,2026-08-28,86,172,0,86,0,0,0,0,86,0,516,2026-08-20 14:07:43.548+05:30
myntra,300011,2026-08-24,86,172,0,86,0,0,0,0,86,0,511,2026-08-20 14:07:43.548+05:30
myntra,300011,2026-08-26,85,170,0,85,0,0,0,0,85,0,505,2026-08-20 14:07:43.548+05:30
myntra,300011,2026-08-25,106,212,0,106,0,0,0,0,106,0,646,2026-08-20 14:08:45.189+05:30
myntra,300011,2026-08-30,85,170,0,85,0,0,0,0,85,0,515,2026-08-20 14:07:43.548+05:30
myntra,300012,2026-08-29,86,258,0,0,86,0,0,0,0,86,602,2026-08-20 14:07:43.552+05:30
myntra,300012,2026-08-27,85,255,0,0,85,0,0,0,0,85,590,2026-08-20 14:07:43.552+05:30
myntra,300012,2026-08-28,86,258,0,0,86,0,0,0,0,86,607,2026-08-20 14:07:43.552+05:30
myntra,300012,2026-08-24,85,255,0,0,85,0,0,0,0,85,600,2026-08-20 14:07:43.552+05:30
myntra,300012,2026-08-26,86,258,0,0,86,0,0,0,0,86,607,2026-08-20 14:07:43.552+05:30
myntra,300012,2026-08-25,106,318,0,0,106,0,0,0,0,106,742,2026-08-20 14:08:45.193+05:30
myntra,300012,2026-08-30,86,258,0,0,86,0,0,0,0,86,597,2026-08-20 14:07:43.552+05:30
myntra,300013,2026-08-29,86,344,0,0,0,86,0,86,0,0,693,2026-08-20 14:07:43.555+05:30
flipkart,TKPH8MTJH5D4AHG6,2025-12-01,5,16,1,1,0,2,1,3,2,0,0,2026-08-19 20:00:40.818952+05:30
myntra,300013,2026-08-27,86,344,0,0,0,86,0,86,0,0,693,2026-08-20 14:07:43.555+05:30
myntra,300013,2026-08-28,85,340,0,0,0,85,0,85,0,0,675,2026-08-20 14:07:43.555+05:30
myntra,300013,2026-08-24,86,344,0,0,0,86,0,86,0,0,683,2026-08-20 14:07:43.555+05:30
myntra,300013,2026-08-26,86,344,0,0,0,86,0,86,0,0,683,2026-08-20 14:07:43.555+05:30
myntra,300013,2026-08-25,105,420,0,0,0,105,0,105,0,0,850,2026-08-20 14:08:45.198+05:30
flipkart,TKPGSYPCYGWJEACQ,2026-06-15,1,1,1,0,0,0,0,0,1,0,0,2026-08-19 20:00:40.818952+05:30
myntra,300013,2026-08-30,86,344,0,0,0,86,0,86,0,0,688,2026-08-20 14:07:43.555+05:30
myntra,300014,2026-08-29,85,425,0,0,0,0,85,85,0,0,760,2026-08-20 14:07:43.566+05:30
myntra,300014,2026-08-27,86,430,0,0,0,0,86,86,0,0,769,2026-08-20 14:07:43.566+05:30
myntra,300014,2026-08-28,86,430,0,0,0,0,86,86,0,0,779,2026-08-20 14:07:43.566+05:30
myntra,300014,2026-08-24,86,430,0,0,0,0,86,86,0,0,774,2026-08-20 14:07:43.566+05:30
myntra,300014,2026-08-26,85,425,0,0,0,0,85,85,0,0,770,2026-08-20 14:07:43.566+05:30
myntra,300014,2026-08-25,106,530,0,0,0,0,106,106,0,0,954,2026-08-20 14:08:45.202+05:30
flipkart,SRTHDH2JJY3GGYAD,2025-12-01,2,9,0,0,0,1,1,2,0,0,0,2026-08-19 20:00:40.818952+05:30
myntra,300014,2026-08-30,86,430,0,0,0,0,86,86,0,0,779,2026-08-20 14:07:43.566+05:30
flipkart,BXRGRFHZNQNZARUM,2026-07-23,1,5,0,0,0,0,1,1,0,0,0,2026-08-19 20:00:40.818952+05:30
myntra,300015,2026-08-29,86,86,86,0,0,0,0,0,86,0,430,2026-08-20 14:07:43.569+05:30
myntra,300015,2026-08-27,85,85,85,0,0,0,0,0,85,0,420,2026-08-20 14:07:43.569+05:30
myntra,300015,2026-08-28,86,86,86,0,0,0,0,0,86,0,435,2026-08-20 14:07:43.569+05:30
myntra,300015,2026-08-24,86,86,86,0,0,0,0,0,86,0,430,2026-08-20 14:07:43.569+05:30
myntra,300015,2026-08-26,86,86,86,0,0,0,0,0,86,0,435,2026-08-20 14:07:43.569+05:30
myntra,300015,2026-08-25,106,106,106,0,0,0,0,0,106,0,525,2026-08-20 14:08:45.206+05:30
myntra,300015,2026-08-30,85,85,85,0,0,0,0,0,85,0,425,2026-08-20 14:07:43.569+05:30
myntra,300016,2026-08-24,85,170,0,85,0,0,0,0,85,0,510,2026-08-20 14:07:43.572+05:30
myntra,300016,2026-08-26,86,172,0,86,0,0,0,0,86,0,511,2026-08-20 14:07:43.572+05:30
myntra,300016,2026-08-25,106,212,0,106,0,0,0,0,106,0,636,2026-08-20 14:08:45.218+05:30
myntra,300018,2026-08-30,85,340,0,0,0,85,0,85,0,0,675,2026-08-20 14:07:43.579+05:30
myntra,300019,2026-08-29,86,430,0,0,0,0,86,86,0,0,769,2026-08-20 14:07:43.582+05:30
myntra,300019,2026-08-27,85,425,0,0,0,0,85,85,0,0,765,2026-08-20 14:07:43.582+05:30
myntra,300019,2026-08-28,86,430,0,0,0,0,86,86,0,0,774,2026-08-20 14:07:43.582+05:30
myntra,300019,2026-08-24,85,425,0,0,0,0,85,85,0,0,760,2026-08-20 14:07:43.582+05:30
myntra,300019,2026-08-26,86,430,0,0,0,0,86,86,0,0,774,2026-08-20 14:07:43.582+05:30
myntra,300019,2026-08-25,106,530,0,0,0,0,106,106,0,0,959,2026-08-20 14:08:45.231+05:30
myntra,300019,2026-08-30,86,430,0,0,0,0,86,86,0,0,779,2026-08-20 14:07:43.582+05:30
myntra,300020,2026-08-29,86,86,86,0,0,0,0,0,86,0,425,2026-08-20 14:07:43.586+05:30
myntra,300020,2026-08-27,86,86,86,0,0,0,0,0,86,0,425,2026-08-20 14:07:43.586+05:30
myntra,300020,2026-08-28,85,85,85,0,0,0,0,0,85,0,430,2026-08-20 14:07:43.586+05:30
myntra,300020,2026-08-24,86,86,86,0,0,0,0,0,86,0,430,2026-08-20 14:07:43.586+05:30
myntra,300020,2026-08-26,86,86,86,0,0,0,0,0,86,0,430,2026-08-20 14:07:43.586+05:30
myntra,300020,2026-08-25,105,105,105,0,0,0,0,0,105,0,520,2026-08-20 14:08:45.235+05:30
myntra,300020,2026-08-30,86,86,86,0,0,0,0,0,86,0,435,2026-08-20 14:07:43.586+05:30
myntra,300021,2026-08-29,85,170,0,85,0,0,0,0,85,0,515,2026-08-20 14:07:43.59+05:30
myntra,300021,2026-08-27,86,172,0,86,0,0,0,0,86,0,516,2026-08-20 14:07:43.59+05:30
flipkart,TKPGSYPCBFKNUZ7W,2026-06-01,3,11,1,0,0,0,2,2,1,0,0,2026-08-19 20:00:40.818952+05:30
myntra,300021,2026-08-28,86,172,0,86,0,0,0,0,86,0,511,2026-08-20 14:07:43.59+05:30
myntra,300021,2026-08-24,86,172,0,86,0,0,0,0,86,0,521,2026-08-20 14:07:43.59+05:30
myntra,300021,2026-08-26,85,170,0,85,0,0,0,0,85,0,510,2026-08-20 14:07:43.59+05:30
myntra,300021,2026-08-25,106,212,0,106,0,0,0,0,106,0,631,2026-08-20 14:08:45.239+05:30
myntra,300021,2026-08-30,86,172,0,86,0,0,0,0,86,0,511,2026-08-20 14:07:43.59+05:30
myntra,300022,2026-08-29,86,258,0,0,86,0,0,0,0,86,597,2026-08-20 14:07:43.593+05:30
myntra,300022,2026-08-27,85,255,0,0,85,0,0,0,0,85,595,2026-08-20 14:07:43.593+05:30
myntra,300022,2026-08-28,86,258,0,0,86,0,0,0,0,86,602,2026-08-20 14:07:43.593+05:30
myntra,300022,2026-08-24,86,258,0,0,86,0,0,0,0,86,597,2026-08-20 14:07:43.593+05:30
myntra,300022,2026-08-26,86,258,0,0,86,0,0,0,0,86,602,2026-08-20 14:07:43.593+05:30
myntra,300022,2026-08-25,106,318,0,0,106,0,0,0,0,106,742,2026-08-20 14:08:45.243+05:30
myntra,300022,2026-08-30,85,255,0,0,85,0,0,0,0,85,600,2026-08-20 14:07:43.593+05:30
myntra,300023,2026-08-29,86,344,0,0,0,86,0,86,0,0,688,2026-08-20 14:07:43.596+05:30
myntra,300023,2026-08-27,86,344,0,0,0,86,0,86,0,0,688,2026-08-20 14:07:43.596+05:30
myntra,300023,2026-08-28,85,340,0,0,0,85,0,85,0,0,680,2026-08-20 14:07:43.596+05:30
myntra,300023,2026-08-24,85,340,0,0,0,85,0,85,0,0,685,2026-08-20 14:07:43.596+05:30
myntra,300023,2026-08-26,86,344,0,0,0,86,0,86,0,0,693,2026-08-20 14:07:43.596+05:30
myntra,300023,2026-08-25,106,424,0,0,0,106,0,106,0,0,838,2026-08-20 14:08:45.246+05:30
myntra,300023,2026-08-30,86,344,0,0,0,86,0,86,0,0,683,2026-08-20 14:07:43.596+05:30
myntra,300024,2026-08-29,85,425,0,0,0,0,85,85,0,0,765,2026-08-20 14:07:43.599+05:30
myntra,300024,2026-08-27,86,430,0,0,0,0,86,86,0,0,779,2026-08-20 14:07:43.599+05:30
myntra,300024,2026-08-28,86,430,0,0,0,0,86,86,0,0,774,2026-08-20 14:07:43.599+05:30
myntra,300024,2026-08-24,86,430,0,0,0,0,86,86,0,0,769,2026-08-20 14:07:43.599+05:30
myntra,300024,2026-08-26,86,430,0,0,0,0,86,86,0,0,769,2026-08-20 14:07:43.599+05:30
myntra,300024,2026-08-25,105,525,0,0,0,0,105,105,0,0,945,2026-08-20 14:08:45.25+05:30
myntra,300024,2026-08-30,86,430,0,0,0,0,86,86,0,0,774,2026-08-20 14:07:43.599+05:30
flipkart,TSHHCHZPAD7JCGRK,2025-11-01,4,17,0,0,1,1,2,3,0,1,0,2026-08-19 20:00:40.818952+05:30
flipkart,TSHHCHZPYY2A6GA4,2026-06-01,4,19,0,0,0,1,3,4,0,0,0,2026-08-19 20:00:40.818952+05:30
myntra,300001,2026-08-29,86,172,0,86,0,0,0,0,86,0,516,2026-08-20 14:07:43.499+05:30
flipkart,SRTHDH2JU8TN9A2F,2026-07-01,2,9,0,0,0,1,1,2,0,0,0,2026-08-19 20:00:40.818952+05:30
myntra,300001,2026-08-27,85,170,0,85,0,0,0,0,85,0,505,2026-08-20 14:07:43.499+05:30
myntra,300001,2026-08-28,86,172,0,86,0,0,0,0,86,0,521,2026-08-20 14:07:43.499+05:30
myntra,300001,2026-08-24,86,172,0,86,0,0,0,0,86,0,516,2026-08-20 14:07:43.499+05:30
myntra,300001,2026-08-26,86,172,0,86,0,0,0,0,86,0,521,2026-08-20 14:07:43.499+05:30
myntra,300001,2026-08-25,106,212,0,106,0,0,0,0,106,0,631,2026-08-20 14:08:45.128+05:30
myntra,300001,2026-08-30,85,170,0,85,0,0,0,0,85,0,510,2026-08-20 14:07:43.499+05:30
myntra,300002,2026-08-29,86,258,0,0,86,0,0,0,0,86,607,2026-08-20 14:07:43.502+05:30
myntra,300002,2026-08-27,86,258,0,0,86,0,0,0,0,86,607,2026-08-20 14:07:43.502+05:30
myntra,300002,2026-08-28,85,255,0,0,85,0,0,0,0,85,590,2026-08-20 14:07:43.502+05:30
myntra,300002,2026-08-24,85,255,0,0,85,0,0,0,0,85,595,2026-08-20 14:07:43.502+05:30
myntra,300002,2026-08-26,86,258,0,0,86,0,0,0,0,86,597,2026-08-20 14:07:43.502+05:30
myntra,300002,2026-08-25,106,318,0,0,106,0,0,0,0,106,742,2026-08-20 14:08:45.135+05:30
myntra,300002,2026-08-30,86,258,0,0,86,0,0,0,0,86,602,2026-08-20 14:07:43.502+05:30
myntra,300003,2026-08-24,86,344,0,0,0,86,0,86,0,0,688,2026-08-20 14:07:43.505+05:30
myntra,300003,2026-08-25,105,420,0,0,0,105,0,105,0,0,840,2026-08-20 14:08:45.14+05:30
myntra,300000,2026-08-29,86,86,86,0,0,0,0,0,86,0,425,2026-08-20 14:07:43.497+05:30
myntra,300000,2026-08-27,86,86,86,0,0,0,0,0,86,0,435,2026-08-20 14:07:43.497+05:30
myntra,300000,2026-08-28,86,86,86,0,0,0,0,0,86,0,430,2026-08-20 14:07:43.497+05:30
myntra,300000,2026-08-24,86,86,86,0,0,0,0,0,86,0,425,2026-08-20 14:07:43.497+05:30
myntra,300000,2026-08-26,85,85,85,0,0,0,0,0,85,0,420,2026-08-20 14:07:43.497+05:30
myntra,300000,2026-08-25,106,106,106,0,0,0,0,0,106,0,540,2026-08-20 14:08:45.254+05:30
myntra,300000,2026-08-30,85,85,85,0,0,0,0,0,85,0,430,2026-08-20 14:07:43.497+05:30
flipkart,TSHHCKSG7PQRZGM2,2026-07-29,1,5,0,0,0,0,1,1,0,0,0,2026-08-19 20:00:40.818952+05:30
flipkart,TSHHCHZPVJAGWTTG,2026-06-29,2,6,1,0,0,0,1,1,1,0,0,2026-08-19 20:00:40.818952+05:30
flipkart,TKPGSYPCNTSBCUUV,2025-11-01,28,115,3,0,2,9,14,23,3,2,0,2026-08-19 20:00:40.818952+05:30
flipkart,BXRHFS5FHHMGH7HH,2026-08-04,1,4,0,0,0,1,0,1,0,0,0,2026-08-19 20:00:40.818952+05:30
myntra,2,2026-07-27,2,10,0,0,0,0,2,2,0,0,8,2026-08-20 15:16:57.963+05:30
myntra,2,2026-07-28,2,8,0,0,0,2,0,2,0,0,26,2026-08-20 15:16:57.963+05:30
myntra,2,2026-07-29,2,6,0,0,2,0,0,0,0,2,14,2026-08-20 15:16:57.963+05:30
myntra,2,2026-07-30,2,4,0,2,0,0,0,0,2,0,2,2026-08-20 15:16:57.963+05:30
myntra,2,2026-07-31,2,2,2,0,0,0,0,0,2,0,20,2026-08-20 15:16:57.963+05:30
myntra,2,2026-08-01,12,60,0,0,0,0,12,12,0,0,148,2026-08-20 15:20:01.587+05:30
myntra,2,2026-08-02,2,8,0,0,0,2,0,2,0,0,26,2026-08-20 15:16:57.963+05:30
myntra,2,2026-08-03,2,6,0,0,2,0,0,0,0,2,14,2026-08-20 15:16:57.963+05:30
myntra,2,2026-08-04,2,4,0,2,0,0,0,0,2,0,2,2026-08-20 15:16:57.963+05:30
myntra,2,2026-08-05,2,2,2,0,0,0,0,0,2,0,20,2026-08-20 15:16:57.963+05:30
myntra,2,2026-08-06,2,10,0,0,0,0,2,2,0,0,8,2026-08-20 15:16:57.963+05:30
myntra,2,2026-08-07,28,112,0,0,0,28,0,28,0,0,194,2026-08-20 15:21:42.036+05:30
myntra,2,2026-08-08,2,6,0,0,2,0,0,0,0,2,14,2026-08-20 15:16:57.963+05:30
myntra,2,2026-08-09,2,4,0,2,0,0,0,0,2,0,2,2026-08-20 15:16:57.963+05:30
myntra,2,2026-08-10,19,19,19,0,0,0,0,0,19,0,60,2026-08-20 15:21:42.036+05:30
myntra,2,2026-08-11,2,10,0,0,0,0,2,2,0,0,8,2026-08-20 15:16:57.963+05:30
myntra,2,2026-08-12,2,8,0,0,0,2,0,2,0,0,26,2026-08-20 15:16:57.963+05:30
myntra,2,2026-08-13,29,87,0,0,29,0,0,0,0,29,213,2026-08-20 15:21:42.036+05:30
myntra,2,2026-08-14,2,4,0,2,0,0,0,0,2,0,2,2026-08-20 15:16:57.963+05:30
myntra,2,2026-08-15,2,2,2,0,0,0,0,0,2,0,20,2026-08-20 15:16:57.963+05:30
myntra,2,2026-08-16,19,95,0,0,0,0,19,19,0,0,116,2026-08-20 15:21:42.036+05:30
myntra,2,2026-08-17,2,8,0,0,0,2,0,2,0,0,26,2026-08-20 15:16:57.963+05:30
myntra,2,2026-08-18,2,6,0,0,2,0,0,0,0,2,14,2026-08-20 15:16:57.963+05:30
flipkart,TKPH2TTMZNKBVN52,2025-11-01,6,15,2,1,2,0,1,1,3,2,0,2026-08-19 20:00:40.818952+05:30
flipkart,TKPGTHNYFGUCTHDE,2026-02-01,1,5,0,0,0,0,1,1,0,0,0,2026-08-19 20:00:40.818952+05:30
flipkart,FCKFB5ZT3FMM3MHR,2026-07-26,1,4,0,0,0,1,0,1,0,0,0,2026-08-19 20:00:40.818952+05:30
flipkart,VESFF2CGKSVEYRMF,2026-03-01,1,4,0,0,0,1,0,1,0,0,0,2026-08-19 20:00:40.818952+05:30
flipkart,TKPH2TTMJCBF8R3M,2026-05-01,4,16,1,0,0,0,3,3,1,0,0,2026-08-19 20:00:40.818952+05:30
flipkart,PYJH2TWEHY8YWRMT,2026-01-01,1,4,0,0,0,1,0,1,0,0,0,2026-08-19 20:00:40.818952+05:30
flipkart,TKPGDC7BNJTFHSJS,2026-06-01,3,11,1,0,0,0,2,2,1,0,0,2026-08-19 20:00:40.818952+05:30
flipkart,TSHHCKSGSP8GHBJG,2026-06-30,1,5,0,0,0,0,1,1,0,0,0,2026-08-19 20:00:40.818952+05:30
flipkart,TKPGTHNYQFUTTFVA,2026-07-16,1,5,0,0,0,0,1,1,0,0,0,2026-08-19 20:00:40.818952+05:30
flipkart,VESFF2CGWGGC88DT,2026-07-10,1,5,0,0,0,0,1,1,0,0,0,2026-08-19 20:00:40.818952+05:30
myntra,300003,2026-08-29,85,340,0,0,0,85,0,85,0,0,675,2026-08-20 14:07:43.505+05:30
myntra,300003,2026-08-27,86,344,0,0,0,86,0,86,0,0,683,2026-08-20 14:07:43.505+05:30
myntra,300003,2026-08-28,86,344,0,0,0,86,0,86,0,0,693,2026-08-20 14:07:43.505+05:30
myntra,300003,2026-08-26,86,344,0,0,0,86,0,86,0,0,688,2026-08-20 14:07:43.505+05:30
myntra,300003,2026-08-30,86,344,0,0,0,86,0,86,0,0,693,2026-08-20 14:07:43.505+05:30
myntra,300004,2026-08-29,86,430,0,0,0,0,86,86,0,0,779,2026-08-20 14:07:43.517+05:30
myntra,300004,2026-08-27,86,430,0,0,0,0,86,86,0,0,774,2026-08-20 14:07:43.517+05:30
myntra,300004,2026-08-28,86,430,0,0,0,0,86,86,0,0,769,2026-08-20 14:07:43.517+05:30
myntra,300004,2026-08-24,86,430,0,0,0,0,86,86,0,0,779,2026-08-20 14:07:43.517+05:30
myntra,300004,2026-08-26,85,425,0,0,0,0,85,85,0,0,765,2026-08-20 14:07:43.517+05:30
myntra,300004,2026-08-25,106,530,0,0,0,0,106,106,0,0,954,2026-08-20 14:08:45.145+05:30
myntra,300004,2026-08-30,85,425,0,0,0,0,85,85,0,0,760,2026-08-20 14:07:43.517+05:30
myntra,300005,2026-08-29,86,86,86,0,0,0,0,0,86,0,435,2026-08-20 14:07:43.522+05:30
myntra,300005,2026-08-27,85,85,85,0,0,0,0,0,85,0,430,2026-08-20 14:07:43.522+05:30
myntra,300005,2026-08-28,86,86,86,0,0,0,0,0,86,0,425,2026-08-20 14:07:43.522+05:30
myntra,300005,2026-08-24,85,85,85,0,0,0,0,0,85,0,425,2026-08-20 14:07:43.522+05:30
flipkart,TSHHCHZPXTGZXVZF,2026-08-01,1,2,0,1,0,0,0,0,1,0,0,2026-08-19 20:00:40.818952+05:30
flipkart,TKPH5URAFZJ9YSGG,2026-01-01,9,27,1,4,0,2,2,4,5,0,0,2026-08-19 20:00:40.818952+05:30
myntra,300005,2026-08-26,86,86,86,0,0,0,0,0,86,0,425,2026-08-20 14:07:43.522+05:30
flipkart,TSHHG96E34GYMJQV,2026-03-01,2,7,0,1,0,0,1,1,1,0,0,2026-08-19 20:00:40.818952+05:30
myntra,300005,2026-08-25,106,106,106,0,0,0,0,0,106,0,525,2026-08-20 14:08:45.151+05:30
myntra,300005,2026-08-30,86,86,86,0,0,0,0,0,86,0,430,2026-08-20 14:07:43.522+05:30
flipkart,TKPGSYPCBFKNUZ7W,2026-02-01,8,30,1,1,1,1,4,5,2,1,0,2026-08-19 20:00:40.818952+05:30
flipkart,BXRGRFHZMPDXZWY7,2026-08-06,1,4,0,0,0,1,0,1,0,0,0,2026-08-19 20:00:40.818952+05:30
flipkart,TSHHCHZPCTKYBK4A,2026-07-22,1,3,0,0,1,0,0,0,0,1,0,2026-08-19 20:00:40.818952+05:30
flipkart,SRTGSYQGDJQ4FYCH,2026-07-23,1,5,0,0,0,0,1,1,0,0,0,2026-08-19 20:00:40.818952+05:30
myntra,5,2026-08-19,2,4,0,2,0,0,0,0,2,0,2,2026-08-20 15:16:57.973+05:30
myntra,5,2026-08-20,2,2,2,0,0,0,0,0,2,0,20,2026-08-20 15:16:57.973+05:30
myntra,6,2026-07-27,2,10,0,0,0,0,2,2,0,0,28,2026-08-20 15:16:57.976+05:30
myntra,6,2026-07-28,12,48,0,0,0,12,0,12,0,0,96,2026-08-20 15:20:01.596+05:30
myntra,6,2026-07-29,2,6,0,0,2,0,0,0,0,2,4,2026-08-20 15:16:57.976+05:30
myntra,6,2026-07-30,2,4,0,2,0,0,0,0,2,0,22,2026-08-20 15:16:57.976+05:30
myntra,6,2026-07-31,2,2,2,0,0,0,0,0,2,0,10,2026-08-20 15:16:57.976+05:30
myntra,6,2026-08-01,2,10,0,0,0,0,2,2,0,0,28,2026-08-20 15:16:57.976+05:30
myntra,6,2026-08-02,2,8,0,0,0,2,0,2,0,0,16,2026-08-20 15:16:57.976+05:30
myntra,6,2026-08-03,12,36,0,0,12,0,0,0,0,12,124,2026-08-20 15:20:01.596+05:30
myntra,6,2026-08-04,2,4,0,2,0,0,0,0,2,0,22,2026-08-20 15:16:57.976+05:30
myntra,6,2026-08-05,2,2,2,0,0,0,0,0,2,0,10,2026-08-20 15:16:57.976+05:30
myntra,6,2026-08-06,2,10,0,0,0,0,2,2,0,0,28,2026-08-20 15:16:57.976+05:30
myntra,6,2026-08-07,2,8,0,0,0,2,0,2,0,0,16,2026-08-20 15:16:57.976+05:30
myntra,6,2026-08-08,2,6,0,0,2,0,0,0,0,2,4,2026-08-20 15:16:57.976+05:30
myntra,6,2026-08-09,12,24,0,12,0,0,0,0,12,0,82,2026-08-20 15:20:01.596+05:30
myntra,6,2026-08-10,2,2,2,0,0,0,0,0,2,0,10,2026-08-20 15:16:57.976+05:30
myntra,6,2026-08-11,2,10,0,0,0,0,2,2,0,0,28,2026-08-20 15:16:57.976+05:30
flipkart,TKPGDC7BNJTFHSJS,2026-06-13,1,4,0,0,0,1,0,1,0,0,0,2026-08-19 20:00:40.818952+05:30
flipkart,SRTGSYQGXBGUJYRQ,2025-12-01,2,9,0,0,0,1,1,2,0,0,0,2026-08-19 20:00:40.818952+05:30
flipkart,TSHHCKSGSZFNEFAY,2026-03-01,1,5,0,0,0,0,1,1,0,0,0,2026-08-19 20:00:40.818952+05:30
flipkart,TSHHCKTJKHPZUDZM,2026-04-01,1,4,0,0,0,1,0,1,0,0,0,2026-08-19 20:00:40.818952+05:30
flipkart,SNRGEHFWXXTCVDZM,2026-07-27,1,4,0,0,0,1,0,1,0,0,0,2026-08-19 20:00:40.818952+05:30
flipkart,BXRHC6DFE3JTKT5S,2026-02-01,1,3,0,0,1,0,0,0,0,1,0,2026-08-19 20:00:40.818952+05:30
flipkart,TSHHCKSGWQKARXTR,2026-07-26,1,5,0,0,0,0,1,1,0,0,0,2026-08-19 20:00:40.818952+05:30
flipkart,BXRHFQXCJSCCGJ6J,2025-10-01,3,10,1,0,0,1,1,2,1,0,0,2026-08-19 20:00:40.818952+05:30
flipkart,BXRH2W5SF88MYEM4,2026-06-01,1,1,1,0,0,0,0,0,1,0,0,2026-08-19 20:00:40.818952+05:30
myntra,300016,2026-08-29,86,172,0,86,0,0,0,0,86,0,521,2026-08-20 14:07:43.572+05:30
myntra,300016,2026-08-27,86,172,0,86,0,0,0,0,86,0,521,2026-08-20 14:07:43.572+05:30
myntra,300016,2026-08-28,85,170,0,85,0,0,0,0,85,0,505,2026-08-20 14:07:43.572+05:30
myntra,300016,2026-08-30,86,172,0,86,0,0,0,0,86,0,516,2026-08-20 14:07:43.572+05:30
myntra,300017,2026-08-29,85,255,0,0,85,0,0,0,0,85,590,2026-08-20 14:07:43.576+05:30
flipkart,BXRHFQXCH2ZZWNSU,2025-12-01,3,14,0,0,0,1,2,3,0,0,0,2026-08-19 20:00:40.818952+05:30
myntra,300017,2026-08-27,86,258,0,0,86,0,0,0,0,86,597,2026-08-20 14:07:43.576+05:30
flipkart,BXRHFQXCBDZZKBFW,2026-03-01,1,4,0,0,0,1,0,1,0,0,0,2026-08-19 20:00:40.818952+05:30
myntra,300017,2026-08-28,86,258,0,0,86,0,0,0,0,86,607,2026-08-20 14:07:43.576+05:30
myntra,300017,2026-08-24,86,258,0,0,86,0,0,0,0,86,602,2026-08-20 14:07:43.576+05:30
myntra,300017,2026-08-26,86,258,0,0,86,0,0,0,0,86,602,2026-08-20 14:07:43.576+05:30
myntra,300017,2026-08-25,105,315,0,0,105,0,0,0,0,105,735,2026-08-20 14:08:45.223+05:30
myntra,300017,2026-08-30,86,258,0,0,86,0,0,0,0,86,607,2026-08-20 14:07:43.576+05:30
myntra,300018,2026-08-29,86,344,0,0,0,86,0,86,0,0,693,2026-08-20 14:07:43.579+05:30
myntra,300018,2026-08-27,86,344,0,0,0,86,0,86,0,0,688,2026-08-20 14:07:43.579+05:30
myntra,300018,2026-08-28,86,344,0,0,0,86,0,86,0,0,683,2026-08-20 14:07:43.579+05:30
myntra,300018,2026-08-24,86,344,0,0,0,86,0,86,0,0,693,2026-08-20 14:07:43.579+05:30
myntra,300018,2026-08-26,85,340,0,0,0,85,0,85,0,0,680,2026-08-20 14:07:43.579+05:30
myntra,300018,2026-08-25,106,424,0,0,0,106,0,106,0,0,848,2026-08-20 14:08:45.227+05:30
myntra,1,2026-08-19,2,4,0,2,0,0,0,0,2,0,12,2026-08-20 15:16:57.977+05:30
myntra,1,2026-08-20,128,328,48,20,20,20,20,40,68,20,590,2026-08-20 15:22:43.452+05:30
myntra,1,2026-08-04,2,4,0,2,0,0,0,0,2,0,12,2026-08-20 15:16:57.977+05:30
myntra,1,2026-08-05,2,2,2,0,0,0,0,0,2,0,0,2026-08-20 15:16:57.977+05:30
myntra,1,2026-08-06,2,10,0,0,0,0,2,2,0,0,18,2026-08-20 15:16:57.977+05:30
myntra,1,2026-08-07,2,8,0,0,0,2,0,2,0,0,6,2026-08-20 15:16:57.977+05:30
myntra,1,2026-08-08,28,84,0,0,28,0,0,0,0,28,166,2026-08-20 15:21:42.04+05:30
myntra,1,2026-08-09,2,4,0,2,0,0,0,0,2,0,12,2026-08-20 15:16:57.977+05:30
myntra,1,2026-08-10,2,2,2,0,0,0,0,0,2,0,0,2026-08-20 15:16:57.977+05:30
myntra,1,2026-08-11,19,95,0,0,0,0,19,19,0,0,131,2026-08-20 15:21:42.04+05:30
myntra,1,2026-08-12,2,8,0,0,0,2,0,2,0,0,6,2026-08-20 15:16:57.977+05:30
myntra,1,2026-08-13,2,6,0,0,2,0,0,0,0,2,24,2026-08-20 15:16:57.977+05:30
myntra,1,2026-08-14,29,58,0,29,0,0,0,0,29,0,184,2026-08-20 15:21:42.04+05:30
myntra,1,2026-08-15,2,2,2,0,0,0,0,0,2,0,0,2026-08-20 15:16:57.977+05:30
myntra,1,2026-08-16,2,10,0,0,0,0,2,2,0,0,18,2026-08-20 15:16:57.977+05:30
myntra,1,2026-08-17,19,76,0,0,0,19,0,19,0,0,97,2026-08-20 15:21:42.04+05:30
myntra,1,2026-08-18,2,6,0,0,2,0,0,0,0,2,24,2026-08-20 15:16:57.977+05:30
flipkart,TSHHCKSGFXPPK5GV,2025-09-01,2,8,0,0,1,0,1,1,0,1,0,2026-08-19 20:00:40.818952+05:30
flipkart,BXRGRFMQHGNKWPEY,2026-06-01,1,3,0,0,1,0,0,0,0,1,0,2026-08-19 20:00:40.818952+05:30
myntra,4,2026-07-24,10,30,0,0,10,0,0,0,0,10,120,2026-08-20 15:20:01.592+05:30
flipkart,BXRGZJCWFM47ZXAB,2026-01-01,1,5,0,0,0,0,1,1,0,0,0,2026-08-19 20:00:40.818952+05:30
myntra,4,2026-07-27,2,10,0,0,0,0,2,2,0,0,18,2026-08-20 15:16:57.972+05:30
myntra,4,2026-07-28,2,8,0,0,0,2,0,2,0,0,6,2026-08-20 15:16:57.972+05:30
myntra,4,2026-07-29,2,6,0,0,2,0,0,0,0,2,24,2026-08-20 15:16:57.972+05:30
flipkart,BXRGRFMQYKUB9K5S,2026-07-15,1,4,0,0,0,1,0,1,0,0,0,2026-08-19 20:00:40.818952+05:30
flipkart,BXRGRFHZCVHHZTGY,2026-07-08,1,1,1,0,0,0,0,0,1,0,0,2026-08-19 20:00:40.818952+05:30
myntra,4,2026-07-30,12,24,0,12,0,0,0,0,12,0,72,2026-08-20 15:20:01.592+05:30
myntra,4,2026-07-31,2,2,2,0,0,0,0,0,2,0,0,2026-08-20 15:16:57.972+05:30
myntra,4,2026-08-01,2,10,0,0,0,0,2,2,0,0,18,2026-08-20 15:16:57.972+05:30
myntra,4,2026-08-02,2,8,0,0,0,2,0,2,0,0,6,2026-08-20 15:16:57.972+05:30
myntra,4,2026-08-03,2,6,0,0,2,0,0,0,0,2,24,2026-08-20 15:16:57.972+05:30
myntra,4,2026-08-04,2,4,0,2,0,0,0,0,2,0,12,2026-08-20 15:16:57.972+05:30
myntra,4,2026-08-05,12,12,12,0,0,0,0,0,12,0,100,2026-08-20 15:20:01.592+05:30
myntra,4,2026-08-06,2,10,0,0,0,0,2,2,0,0,18,2026-08-20 15:16:57.972+05:30
flipkart,SRTFFFUDEG5GPAZ3,2026-05-01,2,10,0,0,0,0,2,2,0,0,0,2026-08-19 20:00:40.818952+05:30
myntra,4,2026-08-07,2,8,0,0,0,2,0,2,0,0,6,2026-08-20 15:16:57.972+05:30
myntra,4,2026-08-08,2,6,0,0,2,0,0,0,0,2,24,2026-08-20 15:16:57.972+05:30
myntra,4,2026-08-09,2,4,0,2,0,0,0,0,2,0,12,2026-08-20 15:16:57.972+05:30
myntra,4,2026-08-10,2,2,2,0,0,0,0,0,2,0,0,2026-08-20 15:16:57.972+05:30
myntra,4,2026-08-11,12,60,0,0,0,0,12,12,0,0,158,2026-08-20 15:20:01.592+05:30
myntra,4,2026-08-12,2,8,0,0,0,2,0,2,0,0,6,2026-08-20 15:16:57.972+05:30
myntra,4,2026-08-13,2,6,0,0,2,0,0,0,0,2,24,2026-08-20 15:16:57.972+05:30
myntra,4,2026-08-14,2,4,0,2,0,0,0,0,2,0,12,2026-08-20 15:16:57.972+05:30
myntra,4,2026-08-15,2,2,2,0,0,0,0,0,2,0,0,2026-08-20 15:16:57.972+05:30
myntra,4,2026-08-16,2,10,0,0,0,0,2,2,0,0,18,2026-08-20 15:16:57.972+05:30
myntra,4,2026-08-17,12,48,0,0,0,12,0,12,0,0,86,2026-08-20 15:20:01.592+05:30
flipkart,BXRH2W5SF88MYEM4,2026-07-26,1,5,0,0,0,0,1,1,0,0,0,2026-08-19 20:00:40.818952+05:30
myntra,4,2026-08-18,2,6,0,0,2,0,0,0,0,2,24,2026-08-20 15:16:57.972+05:30
flipkart,TSHHHJRA9WNSWQEP,2026-06-16,1,5,0,0,0,0,1,1,0,0,0,2026-08-19 20:00:40.818952+05:30
myntra,4,2026-08-19,2,4,0,2,0,0,0,0,2,0,12,2026-08-20 15:16:57.972+05:30
myntra,4,2026-08-20,2,2,2,0,0,0,0,0,2,0,0,2026-08-20 15:16:57.972+05:30
myntra,5,2026-07-23,10,40,0,0,0,10,0,10,0,0,130,2026-08-20 15:20:01.594+05:30
myntra,5,2026-07-27,2,10,0,0,0,0,2,2,0,0,8,2026-08-20 15:16:57.973+05:30
myntra,5,2026-07-28,2,8,0,0,0,2,0,2,0,0,26,2026-08-20 15:16:57.973+05:30
myntra,5,2026-07-29,12,36,0,0,12,0,0,0,0,12,84,2026-08-20 15:20:01.594+05:30
myntra,5,2026-07-30,2,4,0,2,0,0,0,0,2,0,2,2026-08-20 15:16:57.973+05:30
myntra,5,2026-07-31,2,2,2,0,0,0,0,0,2,0,20,2026-08-20 15:16:57.973+05:30
myntra,5,2026-08-01,2,10,0,0,0,0,2,2,0,0,8,2026-08-20 15:16:57.973+05:30
myntra,5,2026-08-02,2,8,0,0,0,2,0,2,0,0,26,2026-08-20 15:16:57.973+05:30
myntra,5,2026-08-03,2,6,0,0,2,0,0,0,0,2,14,2026-08-20 15:16:57.973+05:30
myntra,5,2026-08-04,12,24,0,12,0,0,0,0,12,0,112,2026-08-20 15:20:01.594+05:30
myntra,5,2026-08-05,2,2,2,0,0,0,0,0,2,0,20,2026-08-20 15:16:57.973+05:30
myntra,5,2026-08-06,2,10,0,0,0,0,2,2,0,0,8,2026-08-20 15:16:57.973+05:30
myntra,5,2026-08-07,2,8,0,0,0,2,0,2,0,0,26,2026-08-20 15:16:57.973+05:30
myntra,5,2026-08-08,2,6,0,0,2,0,0,0,0,2,14,2026-08-20 15:16:57.973+05:30
myntra,5,2026-08-09,2,4,0,2,0,0,0,0,2,0,2,2026-08-20 15:16:57.973+05:30
myntra,5,2026-08-10,12,12,12,0,0,0,0,0,12,0,70,2026-08-20 15:20:01.594+05:30
myntra,5,2026-08-11,2,10,0,0,0,0,2,2,0,0,8,2026-08-20 15:16:57.973+05:30
myntra,5,2026-08-12,2,8,0,0,0,2,0,2,0,0,26,2026-08-20 15:16:57.973+05:30
myntra,5,2026-08-13,2,6,0,0,2,0,0,0,0,2,14,2026-08-20 15:16:57.973+05:30
myntra,5,2026-08-14,2,4,0,2,0,0,0,0,2,0,2,2026-08-20 15:16:57.973+05:30
myntra,5,2026-08-15,2,2,2,0,0,0,0,0,2,0,20,2026-08-20 15:16:57.973+05:30
myntra,5,2026-08-16,12,60,0,0,0,0,12,12,0,0,98,2026-08-20 15:20:01.594+05:30
myntra,5,2026-08-17,2,8,0,0,0,2,0,2,0,0,26,2026-08-20 15:16:57.973+05:30
myntra,5,2026-08-18,2,6,0,0,2,0,0,0,0,2,14,2026-08-20 15:16:57.973+05:30
myntra,6,2026-07-22,10,50,0,0,0,0,10,10,0,0,140,2026-08-20 15:20:01.596+05:30
myntra,6,2026-08-12,2,8,0,0,0,2,0,2,0,0,16,2026-08-20 15:16:57.976+05:30
myntra,6,2026-08-13,2,6,0,0,2,0,0,0,0,2,4,2026-08-20 15:16:57.976+05:30
myntra,6,2026-08-14,2,4,0,2,0,0,0,0,2,0,22,2026-08-20 15:16:57.976+05:30
myntra,6,2026-08-15,12,12,12,0,0,0,0,0,12,0,110,2026-08-20 15:20:01.596+05:30
myntra,6,2026-08-16,2,10,0,0,0,0,2,2,0,0,28,2026-08-20 15:16:57.976+05:30
myntra,6,2026-08-17,2,8,0,0,0,2,0,2,0,0,16,2026-08-20 15:16:57.976+05:30
myntra,6,2026-08-18,2,6,0,0,2,0,0,0,0,2,4,2026-08-20 15:16:57.976+05:30
myntra,6,2026-08-19,2,4,0,2,0,0,0,0,2,0,22,2026-08-20 15:16:57.976+05:30
flipkart,TSHHG6YYXH9GUSWJ,2026-07-14,1,4,0,0,0,1,0,1,0,0,0,2026-08-19 20:00:40.818952+05:30
myntra,6,2026-08-20,2,2,2,0,0,0,0,0,2,0,10,2026-08-20 15:16:57.976+05:30
flipkart,TKPH8GGB6GETHQEB,2026-06-14,1,3,0,0,1,0,0,0,0,1,0,2026-08-19 20:00:40.818952+05:30
flipkart,TSHHCKSGSP8GHBJG,2026-07-25,1,5,0,0,0,0,1,1,0,0,0,2026-08-19 20:00:40.818952+05:30
flipkart,BXRGRFMQYKUB9K5S,2025-09-01,1,5,0,0,0,0,1,1,0,0,0,2026-08-19 20:00:40.818952+05:30
myntra,1,2026-07-27,12,60,0,0,0,0,12,12,0,0,108,2026-08-20 15:20:01.598+05:30
myntra,1,2026-07-28,2,8,0,0,0,2,0,2,0,0,6,2026-08-20 15:16:57.977+05:30
myntra,1,2026-07-29,2,6,0,0,2,0,0,0,0,2,24,2026-08-20 15:16:57.977+05:30
myntra,1,2026-07-30,2,4,0,2,0,0,0,0,2,0,12,2026-08-20 15:16:57.977+05:30
myntra,1,2026-07-31,2,2,2,0,0,0,0,0,2,0,0,2026-08-20 15:16:57.977+05:30
myntra,1,2026-08-01,2,10,0,0,0,0,2,2,0,0,18,2026-08-20 15:16:57.977+05:30
myntra,1,2026-08-02,12,48,0,0,0,12,0,12,0,0,136,2026-08-20 15:20:01.598+05:30
myntra,1,2026-08-03,2,6,0,0,2,0,0,0,0,2,24,2026-08-20 15:16:57.977+05:30
flipkart,TSHHCKSGWNGKY7HH,2026-06-01,4,19,0,0,0,1,3,4,0,0,0,2026-08-19 20:00:40.818952+05:30
myntra,3,2026-07-25,10,20,0,10,0,0,0,0,10,0,110,2026-08-20 15:20:01.589+05:30
myntra,3,2026-07-27,2,10,0,0,0,0,2,2,0,0,28,2026-08-20 15:16:57.97+05:30
myntra,3,2026-07-28,2,8,0,0,0,2,0,2,0,0,16,2026-08-20 15:16:57.97+05:30
myntra,3,2026-07-29,2,6,0,0,2,0,0,0,0,2,4,2026-08-20 15:16:57.97+05:30
myntra,3,2026-07-30,2,4,0,2,0,0,0,0,2,0,22,2026-08-20 15:16:57.97+05:30
myntra,3,2026-07-31,12,12,12,0,0,0,0,0,12,0,60,2026-08-20 15:20:01.589+05:30
myntra,3,2026-08-01,2,10,0,0,0,0,2,2,0,0,28,2026-08-20 15:16:57.97+05:30
myntra,3,2026-08-02,2,8,0,0,0,2,0,2,0,0,16,2026-08-20 15:16:57.97+05:30
flipkart,TKPGDC7BBFW3VUZP,2026-06-01,3,11,1,0,0,0,2,2,1,0,0,2026-08-19 20:00:40.818952+05:30
myntra,3,2026-08-03,2,6,0,0,2,0,0,0,0,2,4,2026-08-20 15:16:57.97+05:30
myntra,3,2026-08-04,2,4,0,2,0,0,0,0,2,0,22,2026-08-20 15:16:57.97+05:30
myntra,3,2026-08-05,2,2,2,0,0,0,0,0,2,0,10,2026-08-20 15:16:57.97+05:30
flipkart,SRTGSYQGKBHXGKWV,2025-11-01,5,23,0,0,0,2,3,5,0,0,0,2026-08-19 20:00:40.818952+05:30
myntra,3,2026-08-06,28,140,0,0,0,0,28,28,0,0,222,2026-08-20 15:21:42.038+05:30
myntra,3,2026-08-07,2,8,0,0,0,2,0,2,0,0,16,2026-08-20 15:16:57.97+05:30
myntra,3,2026-08-08,2,6,0,0,2,0,0,0,0,2,4,2026-08-20 15:16:57.97+05:30
myntra,3,2026-08-09,18,36,0,18,0,0,0,0,18,0,78,2026-08-20 15:21:42.038+05:30
myntra,3,2026-08-10,2,2,2,0,0,0,0,0,2,0,10,2026-08-20 15:16:57.97+05:30
myntra,3,2026-08-11,2,10,0,0,0,0,2,2,0,0,28,2026-08-20 15:16:57.97+05:30
myntra,3,2026-08-12,29,116,0,0,0,29,0,29,0,0,242,2026-08-20 15:21:42.038+05:30
myntra,3,2026-08-13,2,6,0,0,2,0,0,0,0,2,4,2026-08-20 15:16:57.97+05:30
flipkart,SRTFEYC44SNDHXKZ,2026-07-14,1,5,0,0,0,0,1,1,0,0,0,2026-08-19 20:00:40.818952+05:30
myntra,3,2026-08-14,2,4,0,2,0,0,0,0,2,0,22,2026-08-20 15:16:57.97+05:30
myntra,3,2026-08-15,19,19,19,0,0,0,0,0,19,0,55,2026-08-20 15:21:42.038+05:30
myntra,3,2026-08-16,2,10,0,0,0,0,2,2,0,0,28,2026-08-20 15:16:57.97+05:30
myntra,3,2026-08-17,2,8,0,0,0,2,0,2,0,0,16,2026-08-20 15:16:57.97+05:30
myntra,3,2026-08-18,29,87,0,0,29,0,0,0,0,29,148,2026-08-20 15:21:42.038+05:30
myntra,3,2026-08-19,2,4,0,2,0,0,0,0,2,0,22,2026-08-20 15:16:57.97+05:30
myntra,3,2026-08-20,2,2,2,0,0,0,0,0,2,0,10,2026-08-20 15:16:57.97+05:30
flipkart,SRTFFFUDPECZJGJN,2025-10-01,8,27,3,0,0,1,4,5,3,0,0,2026-08-19 20:00:40.818952+05:30
myntra,2,2026-07-26,10,10,10,0,0,0,0,0,10,0,100,2026-08-20 15:20:01.587+05:30
myntra,2,2026-08-19,29,58,0,29,0,0,0,0,29,0,119,2026-08-20 15:21:42.036+05:30
myntra,2,2026-08-20,102,302,22,20,20,20,20,40,42,20,520,2026-08-20 15:22:43.449+05:30
flipkart,SRTHZA62GFSPNRSY,2026-07-14,1,5,0,0,0,0,1,1,0,0,0,2026-08-19 20:00:40.818952+05:30
flipkart,TSHGSUTCU9JSGH44,2026-08-09,1,5,0,0,0,0,1,1,0,0,0,2026-08-19 20:00:40.818952+05:30
flipkart,BXRGRFHZ6RH2KZWD,2026-07-15,1,4,0,0,0,1,0,1,0,0,0,2026-08-19 20:00:40.818952+05:30
flipkart,TKPGDC7BGNQBZXHX,2026-02-01,8,30,1,1,1,1,4,5,2,1,0,2026-08-19 20:00:40.818952+05:30
flipkart,FCKFB5ZT3FMM3MHR,2026-06-21,1,5,0,0,0,0,1,1,0,0,0,2026-08-19 20:00:40.818952+05:30
myntra,11,2026-08-20,34,101,7,7,7,6,7,13,14,7,102,2026-08-20 15:23:32.824+05:30
myntra,12,2026-08-20,33,98,7,6,7,7,6,13,13,7,99,2026-08-20 15:23:32.826+05:30
myntra,10,2026-08-20,34,106,6,7,6,7,8,15,13,6,99,2026-08-20 15:23:32.827+05:30
flipkart,TSHHHJRAX9D5ZHGY,2026-07-01,10,42,0,1,2,1,6,7,1,2,0,2026-08-19 20:00:40.818952+05:30
flipkart,TSHHCKSGSP8GHBJG,2026-03-01,1,5,0,0,0,0,1,1,0,0,0,2026-08-19 20:00:40.818952+05:30
flipkart,TKPH2TTMHWRBHFQX,2025-11-01,3,8,1,1,0,0,1,1,2,0,0,2026-08-19 20:00:40.818952+05:30
flipkart,SRTGSYQGUNZZH6A6,2025-12-01,2,9,0,0,0,1,1,2,0,0,0,2026-08-19 20:00:40.818952+05:30
myntra,100,2026-08-16,10,10,10,0,0,0,0,0,10,0,10,2026-08-20 15:29:24.615+05:30
myntra,100,2026-08-17,10,10,10,0,0,0,0,0,10,0,9,2026-08-20 15:29:24.615+05:30
myntra,100,2026-08-18,10,10,10,0,0,0,0,0,10,0,11,2026-08-20 15:29:24.615+05:30
myntra,100,2026-08-19,10,10,10,0,0,0,0,0,10,0,10,2026-08-20 15:29:24.615+05:30
myntra,100,2026-08-20,10,10,10,0,0,0,0,0,10,0,11,2026-08-20 15:29:24.615+05:30
flipkart,TSHH8NR5R9KTDJQW,2026-07-01,3,15,0,0,0,0,3,3,0,0,0,2026-08-19 20:00:40.818952+05:30
flipkart,TSHHCHZPWEDWVFFP,2026-08-01,1,2,0,1,0,0,0,0,1,0,0,2026-08-19 20:00:40.818952+05:30
flipkart,TSHHCHZPAD7JCGRK,2026-04-01,2,10,0,0,0,0,2,2,0,0,0,2026-08-19 20:00:40.818952+05:30
flipkart,TSHHHJRAJZ9W3CHJ,2026-07-24,2,10,0,0,0,0,2,2,0,0,0,2026-08-19 20:00:40.818952+05:30
myntra,200,2026-08-20,25,75,5,5,5,5,5,10,10,5,25,2026-08-20 15:42:22.341+05:30
flipkart,TSHHHJRA8C7ZXDW3,2026-05-01,2,9,0,0,0,1,1,2,0,0,0,2026-08-19 20:00:40.818952+05:30
myntra,201,2026-08-20,25,75,5,5,5,5,5,10,10,5,25,2026-08-20 15:42:37.246+05:30
myntra,202,2026-08-20,25,75,5,5,5,5,5,10,10,5,25,2026-08-20 15:42:48.453+05:30
flipkart,BXRH8ZQZMEXQSX4N,2026-03-01,2,6,0,1,0,1,0,1,1,0,0,2026-08-19 20:00:40.818952+05:30
flipkart,BXRHC6DFCRBPKEPH,2026-07-01,6,18,2,0,1,2,1,3,2,1,0,2026-08-19 20:00:40.818952+05:30
flipkart,BXRGRFMQXVGVCHTX,2026-07-01,4,13,1,0,1,1,1,2,1,1,0,2026-08-19 20:00:40.818952+05:30
flipkart,TSHHHJRANNWPSFHF,2026-02-01,1,5,0,0,0,0,1,1,0,0,0,2026-08-19 20:00:40.818952+05:30
flipkart,TSHHCKSGU77X4FDT,2026-06-13,1,4,0,0,0,1,0,1,0,0,0,2026-08-19 20:00:40.818952+05:30
flipkart,TSHHHJRAAHQGWZMX,2026-07-25,2,8,0,0,0,2,0,2,0,0,0,2026-08-19 20:00:40.818952+05:30
flipkart,TSHHCKSGABGZAHRG,2026-05-01,5,25,0,0,0,0,5,5,0,0,0,2026-08-19 20:00:40.818952+05:30
flipkart,SRTFFFUDVZFADD9P,2026-03-01,2,6,0,1,0,1,0,1,1,0,0,2026-08-19 20:00:40.818952+05:30
flipkart,TSHHCHZPCTKYBK4A,2026-07-23,1,4,0,0,0,1,0,1,0,0,0,2026-08-19 20:00:40.818952+05:30
flipkart,SRTGSYQGKNWEKJRC,2026-04-01,1,5,0,0,0,0,1,1,0,0,0,2026-08-19 20:00:40.818952+05:30
flipkart,SRTHDH2JGGZZSZEA,2026-04-01,1,5,0,0,0,0,1,1,0,0,0,2026-08-19 20:00:40.818952+05:30
flipkart,TKPH8MTJ687ZET8H,2026-06-06,2,8,0,0,0,2,0,2,0,0,0,2026-08-19 20:00:40.818952+05:30
flipkart,TSHHCKSGDRPZGMHU,2026-08-03,1,1,1,0,0,0,0,0,1,0,0,2026-08-19 20:00:40.818952+05:30
flipkart,TKPGTHNYWWCYXHFF,2025-10-01,1,5,0,0,0,0,1,1,0,0,0,2026-08-19 20:00:40.818952+05:30
flipkart,BXRGRFHZNQNZARUM,2026-02-01,3,11,0,0,2,0,1,1,0,2,0,2026-08-19 20:00:40.818952+05:30
myntra,301,2026-08-06,2,10,0,0,0,0,2,2,0,0,18,2026-08-20 15:48:40.459+05:30
myntra,301,2026-08-07,2,8,0,0,0,2,0,2,0,0,6,2026-08-20 15:48:40.459+05:30
myntra,301,2026-08-08,1,3,0,0,1,0,0,0,0,1,7,2026-08-20 15:48:40.459+05:30
myntra,301,2026-08-09,1,2,0,1,0,0,0,0,1,0,1,2026-08-20 15:48:40.459+05:30
myntra,301,2026-08-10,2,2,2,0,0,0,0,0,2,0,10,2026-08-20 15:48:40.459+05:30
myntra,301,2026-08-11,2,10,0,0,0,0,2,2,0,0,18,2026-08-20 15:48:40.459+05:30
myntra,301,2026-08-12,1,4,0,0,0,1,0,1,0,0,3,2026-08-20 15:48:40.459+05:30
myntra,301,2026-08-13,2,6,0,0,2,0,0,0,0,2,14,2026-08-20 15:48:40.459+05:30
myntra,301,2026-08-14,2,4,0,2,0,0,0,0,2,0,2,2026-08-20 15:48:40.459+05:30
myntra,301,2026-08-15,2,2,2,0,0,0,0,0,2,0,10,2026-08-20 15:48:40.459+05:30
flipkart,BXRHFQXCJFMZ8ZPC,2026-04-01,2,6,0,0,2,0,0,0,0,2,0,2026-08-19 20:00:40.818952+05:30
flipkart,BXRGRFMQAJVB8HKM,2026-08-06,1,4,0,0,0,1,0,1,0,0,0,2026-08-19 20:00:40.818952+05:30
flipkart,TSHHCKSGYZBSAB3B,2025-10-01,10,29,4,1,0,2,3,5,5,0,0,2026-08-19 20:00:40.818952+05:30
myntra,302,2026-08-17,2,8,0,0,0,2,0,2,0,0,16,2026-08-20 15:48:40.462+05:30
myntra,302,2026-08-18,2,6,0,0,2,0,0,0,0,2,4,2026-08-20 15:48:40.462+05:30
myntra,302,2026-08-19,1,2,0,1,0,0,0,0,1,0,6,2026-08-20 15:48:40.462+05:30
myntra,302,2026-08-20,2,2,2,0,0,0,0,0,2,0,0,2026-08-20 15:48:40.462+05:30
myntra,303,2026-08-06,1,5,0,0,0,0,1,1,0,0,9,2026-08-20 15:48:40.463+05:30
myntra,303,2026-08-07,1,4,0,0,0,1,0,1,0,0,3,2026-08-20 15:48:40.463+05:30
myntra,303,2026-08-08,2,6,0,0,2,0,0,0,0,2,14,2026-08-20 15:48:40.463+05:30
myntra,303,2026-08-09,2,4,0,2,0,0,0,0,2,0,2,2026-08-20 15:48:40.463+05:30
myntra,303,2026-08-10,1,1,1,0,0,0,0,0,1,0,5,2026-08-20 15:48:40.463+05:30
flipkart,TSHHCKSGABGZAHRG,2025-12-01,1,1,1,0,0,0,0,0,1,0,0,2026-08-19 20:00:40.818952+05:30
flipkart,TSHGSUTCQHTXPU7T,2025-09-01,6,19,1,0,3,1,1,2,1,3,0,2026-08-19 20:00:40.818952+05:30
myntra,301,2026-08-16,1,5,0,0,0,0,1,1,0,0,9,2026-08-20 15:48:40.459+05:30
myntra,301,2026-08-17,2,8,0,0,0,2,0,2,0,0,6,2026-08-20 15:48:40.459+05:30
myntra,301,2026-08-18,2,6,0,0,2,0,0,0,0,2,14,2026-08-20 15:48:40.459+05:30
myntra,301,2026-08-19,2,4,0,2,0,0,0,0,2,0,2,2026-08-20 15:48:40.459+05:30
myntra,301,2026-08-20,1,1,1,0,0,0,0,0,1,0,5,2026-08-20 15:48:40.459+05:30
myntra,302,2026-08-06,2,10,0,0,0,0,2,2,0,0,8,2026-08-20 15:48:40.462+05:30
myntra,302,2026-08-07,1,4,0,0,0,1,0,1,0,0,8,2026-08-20 15:48:40.462+05:30
myntra,302,2026-08-08,1,3,0,0,1,0,0,0,0,1,2,2026-08-20 15:48:40.462+05:30
myntra,302,2026-08-09,2,4,0,2,0,0,0,0,2,0,12,2026-08-20 15:48:40.462+05:30
myntra,302,2026-08-10,2,2,2,0,0,0,0,0,2,0,0,2026-08-20 15:48:40.462+05:30
myntra,302,2026-08-11,1,5,0,0,0,0,1,1,0,0,4,2026-08-20 15:48:40.462+05:30
myntra,302,2026-08-12,2,8,0,0,0,2,0,2,0,0,16,2026-08-20 15:48:40.462+05:30
myntra,302,2026-08-13,2,6,0,0,2,0,0,0,0,2,4,2026-08-20 15:48:40.462+05:30
myntra,302,2026-08-14,2,4,0,2,0,0,0,0,2,0,12,2026-08-20 15:48:40.462+05:30
myntra,302,2026-08-15,1,1,1,0,0,0,0,0,1,0,0,2026-08-20 15:48:40.462+05:30
myntra,302,2026-08-16,2,10,0,0,0,0,2,2,0,0,8,2026-08-20 15:48:40.462+05:30
flipkart,SRTHZA8H2BMKZDB3,2026-07-13,1,5,0,0,0,0,1,1,0,0,0,2026-08-19 20:00:40.818952+05:30
flipkart,TKPGSYPCBFKNUZ7W,2026-07-14,1,5,0,0,0,0,1,1,0,0,0,2026-08-19 20:00:40.818952+05:30
flipkart,VESFF2CGAF9RGFHX,2026-06-01,3,13,0,0,0,2,1,3,0,0,0,2026-08-19 20:00:40.818952+05:30
flipkart,TSHHCHZPQHS2MJAG,2026-07-23,1,4,0,0,0,1,0,1,0,0,0,2026-08-19 20:00:40.818952+05:30
flipkart,TSHHCHZPXTGZXVZF,2025-09-01,2,8,0,0,1,0,1,1,0,1,0,2026-08-19 20:00:40.818952+05:30
myntra,300,2026-08-09,1,2,0,1,0,0,0,0,1,0,6,2026-08-20 15:48:40.465+05:30
flipkart,TSHHCHZPAD7JCGRK,2026-07-01,4,14,1,0,0,2,1,3,1,0,0,2026-08-19 20:00:40.818952+05:30
myntra,300,2026-08-10,2,2,2,0,0,0,0,0,2,0,0,2026-08-20 15:48:40.465+05:30
myntra,300,2026-08-11,2,10,0,0,0,0,2,2,0,0,8,2026-08-20 15:48:40.465+05:30
myntra,300,2026-08-12,2,8,0,0,0,2,0,2,0,0,16,2026-08-20 15:48:40.465+05:30
myntra,300,2026-08-13,1,3,0,0,1,0,0,0,0,1,2,2026-08-20 15:48:40.465+05:30
myntra,300,2026-08-14,2,4,0,2,0,0,0,0,2,0,12,2026-08-20 15:48:40.465+05:30
myntra,300,2026-08-15,2,2,2,0,0,0,0,0,2,0,0,2026-08-20 15:48:40.465+05:30
flipkart,BXRHFQXCBDZZKBFW,2025-12-01,3,14,0,0,0,1,2,3,0,0,0,2026-08-19 20:00:40.818952+05:30
flipkart,TKPG38GFMHZWSH9G,2026-06-14,1,3,0,0,1,0,0,0,0,1,0,2026-08-19 20:00:40.818952+05:30
myntra,300,2026-08-16,2,10,0,0,0,0,2,2,0,0,8,2026-08-20 15:48:40.465+05:30
myntra,300,2026-08-17,1,4,0,0,0,1,0,1,0,0,8,2026-08-20 15:48:40.465+05:30
myntra,300,2026-08-18,2,6,0,0,2,0,0,0,0,2,4,2026-08-20 15:48:40.465+05:30
myntra,300,2026-08-19,2,4,0,2,0,0,0,0,2,0,12,2026-08-20 15:48:40.465+05:30
myntra,300,2026-08-20,1,1,1,0,0,0,0,0,1,0,0,2026-08-20 15:48:40.465+05:30
flipkart,BXRGRFHNGYGVXSHX,2026-07-08,1,1,1,0,0,0,0,0,1,0,0,2026-08-19 20:00:40.818952+05:30
myntra,303,2026-08-11,2,10,0,0,0,0,2,2,0,0,18,2026-08-20 15:48:40.463+05:30
myntra,303,2026-08-12,2,8,0,0,0,2,0,2,0,0,6,2026-08-20 15:48:40.463+05:30
myntra,303,2026-08-13,2,6,0,0,2,0,0,0,0,2,14,2026-08-20 15:48:40.463+05:30
myntra,303,2026-08-14,1,2,0,1,0,0,0,0,1,0,1,2026-08-20 15:48:40.463+05:30
myntra,303,2026-08-15,2,2,2,0,0,0,0,0,2,0,10,2026-08-20 15:48:40.463+05:30
myntra,303,2026-08-16,2,10,0,0,0,0,2,2,0,0,18,2026-08-20 15:48:40.463+05:30
myntra,303,2026-08-17,2,8,0,0,0,2,0,2,0,0,6,2026-08-20 15:48:40.463+05:30
myntra,303,2026-08-18,1,3,0,0,1,0,0,0,0,1,7,2026-08-20 15:48:40.463+05:30
myntra,303,2026-08-19,2,4,0,2,0,0,0,0,2,0,2,2026-08-20 15:48:40.463+05:30
myntra,303,2026-08-20,2,2,2,0,0,0,0,0,2,0,10,2026-08-20 15:48:40.463+05:30
myntra,300,2026-08-06,1,5,0,0,0,0,1,1,0,0,4,2026-08-20 15:48:40.465+05:30
myntra,300,2026-08-07,2,8,0,0,0,2,0,2,0,0,16,2026-08-20 15:48:40.465+05:30
myntra,300,2026-08-08,2,6,0,0,2,0,0,0,0,2,4,2026-08-20 15:48:40.465+05:30
flipkart,TKPGSYPCTDHAGPFB,2026-01-01,15,50,2,3,1,6,3,9,5,1,0,2026-08-19 20:00:40.818952+05:30
flipkart,SRTHDH2JWSHGP896,2025-11-01,5,23,0,0,0,2,3,5,0,0,0,2026-08-19 20:00:40.818952+05:30
flipkart,TKPG38GFGWZYHEA9,2026-03-01,11,39,2,1,1,3,4,7,3,1,0,2026-08-19 20:00:40.818952+05:30
flipkart,TSHHCHZPSYNBHGNM,2026-04-01,2,10,0,0,0,0,2,2,0,0,0,2026-08-19 20:00:40.818952+05:30
flipkart,BXRHC6DYVZD6TGQX,2026-07-01,6,18,2,0,1,2,1,3,2,1,0,2026-08-19 20:00:40.818952+05:30
flipkart,BXRGRFMQHGNKWPEY,2026-07-24,1,5,0,0,0,0,1,1,0,0,0,2026-08-19 20:00:40.818952+05:30
flipkart,BXRHFQXCH2ZZWNSU,2026-07-09,1,4,0,0,0,1,0,1,0,0,0,2026-08-19 20:00:40.818952+05:30
flipkart,BXRH2W5SZQ2NVMUV,2025-09-01,2,8,0,0,1,0,1,1,0,1,0,2026-08-19 20:00:40.818952+05:30
flipkart,SNRGEHFWXXTCVDZM,2026-06-25,1,1,1,0,0,0,0,0,1,0,0,2026-08-19 20:00:40.818952+05:30
flipkart,BXRGZJCWFM47ZXAB,2026-06-01,2,8,0,0,1,0,1,1,0,1,0,2026-08-19 20:00:40.818952+05:30
flipkart,TSHHCKSGSZFNEFAY,2026-07-18,1,5,0,0,0,0,1,1,0,0,0,2026-08-19 20:00:40.818952+05:30
flipkart,SRTHDH2JESGPPG8F,2025-11-01,5,23,0,0,0,2,3,5,0,0,0,2026-08-19 20:00:40.818952+05:30
flipkart,FCKFAGAYGGYMEWQT,2026-07-08,1,5,0,0,0,0,1,1,0,0,0,2026-08-19 20:00:40.818952+05:30
flipkart,TSHGSUTCU9JSGH44,2026-07-01,3,15,0,0,0,0,3,3,0,0,0,2026-08-19 20:00:40.818952+05:30
flipkart,VESFF2CGGBDCRHFC,2026-07-22,1,5,0,0,0,0,1,1,0,0,0,2026-08-19 20:00:40.818952+05:30
flipkart,TSHHCKSGFXPPK5GV,2026-06-13,1,4,0,0,0,1,0,1,0,0,0,2026-08-19 20:00:40.818952+05:30
flipkart,SRTGSYQGMGZZC5A6,2026-07-14,1,5,0,0,0,0,1,1,0,0,0,2026-08-19 20:00:40.818952+05:30
flipkart,BXRHFS5FHHMGH7HH,2026-01-01,5,22,0,0,1,1,3,4,0,1,0,2026-08-19 20:00:40.818952+05:30
flipkart,BXRGRFHZE7HPWZVS,2026-08-07,1,1,1,0,0,0,0,0,1,0,0,2026-08-19 20:00:40.818952+05:30
flipkart,TSHHCHZPAD7JCGRK,2026-06-30,1,5,0,0,0,0,1,1,0,0,0,2026-08-19 20:00:40.818952+05:30
flipkart,PYJH2TWEGWFY74KG,2026-05-01,1,3,0,0,1,0,0,0,0,1,0,2026-08-19 20:00:40.818952+05:30
flipkart,TSHHCHZPM8KUMFGH,2026-07-29,1,5,0,0,0,0,1,1,0,0,0,2026-08-19 20:00:40.818952+05:30
flipkart,BXRHFQXCJSCCGJ6J,2026-05-01,5,15,1,1,1,1,1,2,2,1,0,2026-08-19 20:00:40.818952+05:30
flipkart,SRTFFFUDJNHPTACS,2025-10-01,8,27,3,0,0,1,4,5,3,0,0,2026-08-19 20:00:40.818952+05:30
flipkart,BXRHC6DYVZD6TGQX,2026-02-01,1,3,0,0,1,0,0,0,0,1,0,2026-08-19 20:00:40.818952+05:30
flipkart,TKPHNDMFSHGMQEKB,2026-07-15,1,4,0,0,0,1,0,1,0,0,0,2026-08-19 20:00:40.818952+05:30
flipkart,TKPGTHNYFGUCTHDE,2025-10-01,1,5,0,0,0,0,1,1,0,0,0,2026-08-19 20:00:40.818952+05:30
flipkart,TKPGSYPCX6HYRTNN,2026-07-01,4,15,1,0,0,1,2,3,1,0,0,2026-08-19 20:00:40.818952+05:30
flipkart,TKPG38GFGWZYHEA9,2026-07-01,4,18,0,0,1,0,3,3,0,1,0,2026-08-19 20:00:40.818952+05:30
flipkart,AFKGFYDYGVXGB5R5,2026-07-28,1,5,0,0,0,0,1,1,0,0,0,2026-08-19 20:00:40.818952+05:30
flipkart,TSHHHJRASMKXNJYD,2026-07-07,1,5,0,0,0,0,1,1,0,0,0,2026-08-19 20:00:40.818952+05:30
flipkart,TKPG38GF3GZCVMU5,2026-06-25,1,5,0,0,0,0,1,1,0,0,0,2026-08-19 20:00:40.818952+05:30
flipkart,SOCH8ERGSC6PEHZF,2025-11-01,1,5,0,0,0,0,1,1,0,0,0,2026-08-19 20:00:40.818952+05:30
flipkart,TKPH2TTMHWRBHFQX,2026-08-01,1,4,0,0,0,1,0,1,0,0,0,2026-08-19 20:00:40.818952+05:30
flipkart,TSHHHJRAX9D5ZHGY,2026-07-25,2,8,0,0,0,2,0,2,0,0,0,2026-08-19 20:00:40.818952+05:30
flipkart,BXRGZJCWYYCZQ9PZ,2025-12-01,5,24,0,0,0,1,4,5,0,0,0,2026-08-19 20:00:40.818952+05:30
flipkart,TSHHCKSGM5HEB5FV,2026-02-01,2,5,0,1,1,0,0,0,1,1,0,2026-08-19 20:00:40.818952+05:30
flipkart,TSHHCKSGFXPPK5GV,2026-07-22,1,3,0,0,1,0,0,0,0,1,0,2026-08-19 20:00:40.818952+05:30
flipkart,TSHHCKSGWQKARXTR,2026-08-01,1,2,0,1,0,0,0,0,1,0,0,2026-08-19 20:00:40.818952+05:30
flipkart,TKPGSYPCBFKNUZ7W,2025-11-01,28,115,3,0,2,9,14,23,3,2,0,2026-08-19 20:00:40.818952+05:30
flipkart,TKPGFQNDRFKAVNYZ,2026-06-14,1,1,1,0,0,0,0,0,1,0,0,2026-08-19 20:00:40.818952+05:30
flipkart,TSHHG6YYXYH7PHHU,2026-07-14,1,4,0,0,0,1,0,1,0,0,0,2026-08-19 20:00:40.818952+05:30
flipkart,FCKG75WBGNBBTM4Z,2026-06-29,1,2,0,1,0,0,0,0,1,0,0,2026-08-19 20:00:40.818952+05:30
flipkart,TSHHCKSGYZBSAB3B,2026-07-23,1,4,0,0,0,1,0,1,0,0,0,2026-08-19 20:00:40.818952+05:30
flipkart,TKPGTHNYTRFUBCGM,2026-06-15,1,3,0,0,1,0,0,0,0,1,0,2026-08-19 20:00:40.818952+05:30
flipkart,TKPH5URAPZJ7TGXZ,2026-04-01,3,9,0,1,1,1,0,1,1,1,0,2026-08-19 20:00:40.818952+05:30
flipkart,TSHGSUTCQHTXPU7T,2026-08-08,1,1,1,0,0,0,0,0,1,0,0,2026-08-19 20:00:40.818952+05:30
flipkart,BXRH2W5SMYCHTMF8,2026-06-01,1,1,1,0,0,0,0,0,1,0,0,2026-08-19 20:00:40.818952+05:30
flipkart,TSHHCKSGWNGKY7HH,2026-07-28,1,5,0,0,0,0,1,1,0,0,0,2026-08-19 20:00:40.818952+05:30
flipkart,BXRHE4ERCEFXTENV,2026-06-01,16,71,0,1,0,6,9,15,1,0,0,2026-08-19 20:00:40.818952+05:30
flipkart,TSHHCHZPCTKYBK4A,2026-07-13,1,5,0,0,0,0,1,1,0,0,0,2026-08-19 20:00:40.818952+05:30
flipkart,TSHHCKSGWQKARXTR,2026-07-01,4,14,1,0,0,2,1,3,1,0,0,2026-08-19 20:00:40.818952+05:30
flipkart,TSHHCKSGM5HEB5FV,2026-07-13,1,5,0,0,0,0,1,1,0,0,0,2026-08-19 20:00:40.818952+05:30
flipkart,BXRGRFHNSVU6JKXH,2026-08-08,1,5,0,0,0,0,1,1,0,0,0,2026-08-19 20:00:40.818952+05:30
flipkart,SRTGSYQGQPJEP8SR,2025-12-01,2,9,0,0,0,1,1,2,0,0,0,2026-08-19 20:00:40.818952+05:30
flipkart,TSHGSUTA9ZWNC3QG,2026-06-01,4,17,0,1,0,0,3,3,1,0,0,2026-08-19 20:00:40.818952+05:30
flipkart,TSHHHJRARG5VGWZC,2026-08-03,1,5,0,0,0,0,1,1,0,0,0,2026-08-19 20:00:40.818952+05:30
flipkart,BXRHFQXCZDYKVXP4,2026-07-01,6,18,2,0,1,2,1,3,2,1,0,2026-08-19 20:00:40.818952+05:30
flipkart,TKPGTHNYQFUTTFVA,2026-07-01,4,14,0,1,1,1,1,2,1,1,0,2026-08-19 20:00:40.818952+05:30
flipkart,TSHHHJRA8C7ZXDW3,2026-07-16,1,5,0,0,0,0,1,1,0,0,0,2026-08-19 20:00:40.818952+05:30
flipkart,TKPGTHNYXHCXPJFH,2025-10-01,1,5,0,0,0,0,1,1,0,0,0,2026-08-19 20:00:40.818952+05:30
flipkart,BXRGZJCWFM47ZXAB,2026-04-01,2,9,0,0,0,1,1,2,0,0,0,2026-08-19 20:00:40.818952+05:30
flipkart,BXRH2W5SGFUP77YP,2026-04-01,1,2,0,1,0,0,0,0,1,0,0,2026-08-19 20:00:40.818952+05:30
flipkart,TSHHCKSGM5HEB5FV,2026-06-29,2,6,1,0,0,0,1,1,1,0,0,2026-08-19 20:00:40.818952+05:30
flipkart,TSHHHJRAAHQGWZMX,2026-07-09,2,10,0,0,0,0,2,2,0,0,0,2026-08-19 20:00:40.818952+05:30
flipkart,TSHHG96EHUZMMCUX,2026-06-06,1,5,0,0,0,0,1,1,0,0,0,2026-08-19 20:00:40.818952+05:30
flipkart,BXRHFS5FHHMGH7HH,2026-07-24,1,5,0,0,0,0,1,1,0,0,0,2026-08-19 20:00:40.818952+05:30
flipkart,TSHHHJRAWDVUHWBJ,2026-06-16,1,5,0,0,0,0,1,1,0,0,0,2026-08-19 20:00:40.818952+05:30
flipkart,TKPGDC7BBFW3VUZP,2026-07-26,1,4,0,0,0,1,0,1,0,0,0,2026-08-19 20:00:40.818952+05:30
flipkart,TKPHZTUBSKZYKYGY,2026-04-01,3,9,0,1,1,1,0,1,1,1,0,2026-08-19 20:00:40.818952+05:30
flipkart,TSHHCKSGAHZZHBTY,2026-03-01,1,5,0,0,0,0,1,1,0,0,0,2026-08-19 20:00:40.818952+05:30
flipkart,FCKFB5ZT3FMM3MHR,2026-01-01,3,13,0,0,1,0,2,2,0,1,0,2026-08-19 20:00:40.818952+05:30
flipkart,BXRH2W5SZQ2NVMUV,2026-06-01,1,1,1,0,0,0,0,0,1,0,0,2026-08-19 20:00:40.818952+05:30
flipkart,SRTFFFUDBDKVKAHP,2025-12-01,1,5,0,0,0,0,1,1,0,0,0,2026-08-19 20:00:40.818952+05:30
flipkart,TKPGDC7BK9HTWTBG,2026-01-01,15,50,2,3,1,6,3,9,5,1,0,2026-08-19 20:00:40.818952+05:30
flipkart,BXRGRFMQGMZFEGNJ,2026-07-23,1,5,0,0,0,0,1,1,0,0,0,2026-08-19 20:00:40.818952+05:30
flipkart,TSHHCHZPM8KUMFGH,2026-05-01,5,25,0,0,0,0,5,5,0,0,0,2026-08-19 20:00:40.818952+05:30
flipkart,TSHHCKSGWNGKY7HH,2026-07-25,1,5,0,0,0,0,1,1,0,0,0,2026-08-19 20:00:40.818952+05:30
flipkart,TSHGSUT86EGTBTMZ,2026-08-09,1,5,0,0,0,0,1,1,0,0,0,2026-08-19 20:00:40.818952+05:30
flipkart,BXRHC6DYCZYBRFTQ,2026-07-12,1,3,0,0,1,0,0,0,0,1,0,2026-08-19 20:00:40.818952+05:30
flipkart,SRTGSYQGQPJEP8SR,2026-07-23,1,5,0,0,0,0,1,1,0,0,0,2026-08-19 20:00:40.818952+05:30
flipkart,TSHHCHZP3J5ZFRU7,2026-07-18,1,5,0,0,0,0,1,1,0,0,0,2026-08-19 20:00:40.818952+05:30
flipkart,SRTFFFUDJNHPTACS,2026-03-01,2,6,0,1,0,1,0,1,1,0,0,2026-08-19 20:00:40.818952+05:30
flipkart,TKPGTHNYEEK6PNKC,2026-06-19,1,4,0,0,0,1,0,1,0,0,0,2026-08-19 20:00:40.818952+05:30
flipkart,TSHHHJRAX9D5ZHGY,2026-06-17,1,2,0,1,0,0,0,0,1,0,0,2026-08-19 20:00:40.818952+05:30
flipkart,SRTHDH2JESGPPG8F,2026-07-14,1,5,0,0,0,0,1,1,0,0,0,2026-08-19 20:00:40.818952+05:30
flipkart,TSHHCKSGDRPZGMHU,2026-07-18,1,5,0,0,0,0,1,1,0,0,0,2026-08-19 20:00:40.818952+05:30
flipkart,TSHHCHZPFQEVEAQQ,2025-11-01,4,17,0,0,1,1,2,3,0,1,0,2026-08-19 20:00:40.818952+05:30
flipkart,TKPGDC7BHZZQKEX6,2026-07-14,1,5,0,0,0,0,1,1,0,0,0,2026-08-19 20:00:40.818952+05:30
flipkart,TKPGSYPCSVEGZXTU,2026-06-01,3,11,1,0,0,0,2,2,1,0,0,2026-08-19 20:00:40.818952+05:30
flipkart,TSHHHJRA94PWAYGW,2026-07-15,1,5,0,0,0,0,1,1,0,0,0,2026-08-19 20:00:40.818952+05:30
flipkart,VESFF2CGA2MXW9WH,2026-06-09,1,5,0,0,0,0,1,1,0,0,0,2026-08-19 20:00:40.818952+05:30
flipkart,TKPH2TTM8RYBXMGR,2026-08-02,1,4,0,0,0,1,0,1,0,0,0,2026-08-19 20:00:40.818952+05:30
flipkart,TKPGDC7BNJTFHSJS,2026-02-01,8,30,1,1,1,1,4,5,2,1,0,2026-08-19 20:00:40.818952+05:30
flipkart,TKPGSYPCSVEGZXTU,2026-01-01,15,50,2,3,1,6,3,9,5,1,0,2026-08-19 20:00:40.818952+05:30
flipkart,BXRGRFHZATAPYBDY,2026-06-01,1,3,0,0,1,0,0,0,0,1,0,2026-08-19 20:00:40.818952+05:30
flipkart,BXRGRFMQHQHQPFJZ,2025-09-01,1,5,0,0,0,0,1,1,0,0,0,2026-08-19 20:00:40.818952+05:30
flipkart,SRTHDH2JPJPQYYZA,2026-06-29,1,4,0,0,0,1,0,1,0,0,0,2026-08-19 20:00:40.818952+05:30
flipkart,TSHHCKSGMZPHHWZG,2025-09-01,2,8,0,0,1,0,1,1,0,1,0,2026-08-19 20:00:40.818952+05:30
flipkart,FRNFFMPM4ZGJZWAV,2026-07-01,1,2,0,1,0,0,0,0,1,0,0,2026-08-19 20:00:40.818952+05:30
flipkart,TKPGDC7BK9HTWTBG,2026-02-01,8,30,1,1,1,1,4,5,2,1,0,2026-08-19 20:00:40.818952+05:30
flipkart,BXRH2W5SSXWGWGSD,2025-10-01,4,16,1,0,0,0,3,3,1,0,0,2026-08-19 20:00:40.818952+05:30
flipkart,TSHHCHZPNH4VGSJA,2026-07-14,1,5,0,0,0,0,1,1,0,0,0,2026-08-19 20:00:40.818952+05:30
flipkart,AFKGFYDYGVXGB5R5,2026-08-01,1,5,0,0,0,0,1,1,0,0,0,2026-08-19 20:00:40.818952+05:30
flipkart,SNRE5FB4TUKHY9GR,2026-06-26,3,14,0,0,0,1,2,3,0,0,0,2026-08-19 20:00:40.818952+05:30
flipkart,TKPH2TTMZNKBVN52,2026-07-01,2,8,0,0,0,2,0,2,0,0,0,2026-08-19 20:00:40.818952+05:30
flipkart,BXRGRFMQVPRAX7QU,2026-08-06,1,4,0,0,0,1,0,1,0,0,0,2026-08-19 20:00:40.818952+05:30
flipkart,BXRGRFHZATAPYBDY,2026-07-09,1,1,1,0,0,0,0,0,1,0,0,2026-08-19 20:00:40.818952+05:30
flipkart,TKPGSYPCZ3BPMPSF,2026-06-13,1,4,0,0,0,1,0,1,0,0,0,2026-08-19 20:00:40.818952+05:30
flipkart,TSHGSUTBY85HUUTX,2026-06-05,1,5,0,0,0,0,1,1,0,0,0,2026-08-19 20:00:40.818952+05:30
flipkart,BXRGRFMQXVGVCHTX,2026-05-01,1,3,0,0,1,0,0,0,0,1,0,2026-08-19 20:00:40.818952+05:30
flipkart,TSHGSUTBY85HUUTX,2026-03-01,2,7,0,1,0,0,1,1,1,0,0,2026-08-19 20:00:40.818952+05:30
flipkart,FCKGTQFBSNCNRFFC,2026-01-01,1,5,0,0,0,0,1,1,0,0,0,2026-08-19 20:00:40.818952+05:30
flipkart,TSHHCKSGMZPHHWZG,2026-07-14,1,5,0,0,0,0,1,1,0,0,0,2026-08-19 20:00:40.818952+05:30
flipkart,BXRHC6DYVZD6TGQX,2026-01-01,5,22,0,0,1,1,3,4,0,1,0,2026-08-19 20:00:40.818952+05:30
flipkart,BXRGRFMQYKUB9K5S,2026-07-21,1,5,0,0,0,0,1,1,0,0,0,2026-08-19 20:00:40.818952+05:30
flipkart,TKPGDC7BHZZQKEX6,2026-02-01,8,30,1,1,1,1,4,5,2,1,0,2026-08-19 20:00:40.818952+05:30
flipkart,TSHHCHZPYY2A6GA4,2026-07-18,1,5,0,0,0,0,1,1,0,0,0,2026-08-19 20:00:40.818952+05:30
flipkart,BXRGRFHZCXZP6VP8,2026-07-15,1,4,0,0,0,1,0,1,0,0,0,2026-08-19 20:00:40.818952+05:30
flipkart,VESFF2CGV9KVUF73,2026-06-09,1,5,0,0,0,0,1,1,0,0,0,2026-08-19 20:00:40.818952+05:30
flipkart,BXRHFQXCBDZZKBFW,2026-07-01,6,18,2,0,1,2,1,3,2,1,0,2026-08-19 20:00:40.818952+05:30
flipkart,TKPGDC7BNJTFHSJS,2026-07-01,4,15,1,0,0,1,2,3,1,0,0,2026-08-19 20:00:40.818952+05:30
flipkart,TSHHHJRAX9D5ZHGY,2026-06-29,1,5,0,0,0,0,1,1,0,0,0,2026-08-19 20:00:40.818952+05:30
flipkart,BXRH2W5SSXWGWGSD,2026-05-01,1,5,0,0,0,0,1,1,0,0,0,2026-08-19 20:00:40.818952+05:30
flipkart,TSHHG6YYXH9GUSWJ,2026-07-15,1,4,0,0,0,1,0,1,0,0,0,2026-08-19 20:00:40.818952+05:30
flipkart,TSHHCKSGSZFNEFAY,2025-12-01,1,1,1,0,0,0,0,0,1,0,0,2026-08-19 20:00:40.818952+05:30
flipkart,TSHHHJRASMKXNJYD,2026-08-03,1,5,0,0,0,0,1,1,0,0,0,2026-08-19 20:00:40.818952+05:30
flipkart,TSHHCKSGMZPHHWZG,2026-07-22,1,3,0,0,1,0,0,0,0,1,0,2026-08-19 20:00:40.818952+05:30
flipkart,VESGFCUGNPHDVFG5,2026-01-01,1,5,0,0,0,0,1,1,0,0,0,2026-08-19 20:00:40.818952+05:30
flipkart,TSHHCKSGWQKARXTR,2026-08-03,1,1,1,0,0,0,0,0,1,0,0,2026-08-19 20:00:40.818952+05:30
flipkart,TSHHHJRASMKXNJYD,2026-06-13,1,3,0,0,1,0,0,0,0,1,0,2026-08-19 20:00:40.818952+05:30
flipkart,BXRHC6DYVZD6TGQX,2026-05-01,5,15,1,1,1,1,1,2,2,1,0,2026-08-19 20:00:40.818952+05:30
flipkart,BXRHC6DY55BHVQQW,2026-07-23,1,5,0,0,0,0,1,1,0,0,0,2026-08-19 20:00:40.818952+05:30
flipkart,VESGZ9YZAZKVADDR,2026-01-01,1,5,0,0,0,0,1,1,0,0,0,2026-08-19 20:00:40.818952+05:30
flipkart,BXRGRFMQVPRAX7QU,2026-07-24,1,5,0,0,0,0,1,1,0,0,0,2026-08-19 20:00:40.818952+05:30
flipkart,SRTHDH2JJCKJWXVF,2026-07-14,1,5,0,0,0,0,1,1,0,0,0,2026-08-19 20:00:40.818952+05:30
flipkart,TSHHCHZPQHS2MJAG,2025-12-01,1,1,1,0,0,0,0,0,1,0,0,2026-08-19 20:00:40.818952+05:30
flipkart,TSHHCKSGFXPPK5GV,2026-07-01,4,14,1,0,0,2,1,3,1,0,0,2026-08-19 20:00:40.818952+05:30
flipkart,TSHHCHZPCTKYBK4A,2026-07-18,1,5,0,0,0,0,1,1,0,0,0,2026-08-19 20:00:40.818952+05:30
flipkart,BRFFFFSV3HYFVG3K,2025-10-01,2,10,0,0,0,0,2,2,0,0,0,2026-08-19 20:00:40.818952+05:30
flipkart,TSHHHJRA9WNSWQEP,2026-06-17,1,2,0,1,0,0,0,0,1,0,0,2026-08-19 20:00:40.818952+05:30
flipkart,TKPH5URAJGUXT5SG,2026-01-01,9,27,1,4,0,2,2,4,5,0,0,2026-08-19 20:00:40.818952+05:30
flipkart,TSHHCKSG7PQRZGM2,2026-08-01,1,2,0,1,0,0,0,0,1,0,0,2026-08-19 20:00:40.818952+05:30
flipkart,PYJH2TWEBUFSRDZ3,2026-01-01,1,4,0,0,0,1,0,1,0,0,0,2026-08-19 20:00:40.818952+05:30
flipkart,TSHHCKSGZNZPWUGC,2026-07-14,1,5,0,0,0,0,1,1,0,0,0,2026-08-19 20:00:40.818952+05:30
flipkart,FCKG75WBGNBBTM4Z,2026-03-01,3,14,0,0,0,1,2,3,0,0,0,2026-08-19 20:00:40.818952+05:30
flipkart,TSHHHJRA8ZMQMYHG,2026-06-16,1,5,0,0,0,0,1,1,0,0,0,2026-08-19 20:00:40.818952+05:30
flipkart,SRTFEYC4J3YQFBHE,2026-07-14,1,5,0,0,0,0,1,1,0,0,0,2026-08-19 20:00:40.818952+05:30
flipkart,TSHHCHZPXTGZXVZF,2026-03-01,1,5,0,0,0,0,1,1,0,0,0,2026-08-19 20:00:40.818952+05:30
flipkart,SRTGSYQGMGZZC5A6,2026-04-01,1,5,0,0,0,0,1,1,0,0,0,2026-08-19 20:00:40.818952+05:30
flipkart,TSHHHJRAJZ9W3CHJ,2026-07-11,1,5,0,0,0,0,1,1,0,0,0,2026-08-19 20:00:40.818952+05:30
flipkart,TSHHCKSGZNZPWUGC,2026-07-22,1,3,0,0,1,0,0,0,0,1,0,2026-08-19 20:00:40.818952+05:30
flipkart,TSHHHJRAHXY4F7PK,2026-06-16,1,5,0,0,0,0,1,1,0,0,0,2026-08-19 20:00:40.818952+05:30
flipkart,TSHGSUTA8P6XKZWF,2025-10-01,4,17,0,1,0,0,3,3,1,0,0,2026-08-19 20:00:40.818952+05:30
flipkart,BXRH2W5SWTEMKHPG,2026-07-29,1,1,1,0,0,0,0,0,1,0,0,2026-08-19 20:00:40.818952+05:30
flipkart,BXRGZJCWUYJDVF9M,2026-06-01,2,8,0,0,1,0,1,1,0,1,0,2026-08-19 20:00:40.818952+05:30
flipkart,VESFF2CGQKN2HQCE,2026-03-01,1,4,0,0,0,1,0,1,0,0,0,2026-08-19 20:00:40.818952+05:30
flipkart,TKPGDC7BBFW3VUZP,2026-04-01,4,10,2,0,1,0,1,1,2,1,0,2026-08-19 20:00:40.818952+05:30
flipkart,TSHHCHZPHWHEZWQQ,2026-05-01,5,25,0,0,0,0,5,5,0,0,0,2026-08-19 20:00:40.818952+05:30
flipkart,TSHHCHZPNH4VGSJA,2026-07-22,1,3,0,0,1,0,0,0,0,1,0,2026-08-19 20:00:40.818952+05:30
flipkart,TKPH8MTJUWNEVNBA,2025-12-01,5,16,1,1,0,2,1,3,2,0,0,2026-08-19 20:00:40.818952+05:30
flipkart,BXRHC6DYCZYBRFTQ,2026-06-27,1,4,0,0,0,1,0,1,0,0,0,2026-08-19 20:00:40.818952+05:30
flipkart,BXRGRFHZNQNZARUM,2026-01-01,2,6,0,0,2,0,0,0,0,2,0,2026-08-19 20:00:40.818952+05:30
flipkart,BXRHFS5FHHMGH7HH,2026-06-01,8,28,1,1,2,1,3,4,2,2,0,2026-08-19 20:00:40.818952+05:30
flipkart,TSHHHJRAYZD4VNH2,2026-02-01,1,5,0,0,0,0,1,1,0,0,0,2026-08-19 20:00:40.818952+05:30
flipkart,TSHHCKSGZNZPWUGC,2026-07-26,1,5,0,0,0,0,1,1,0,0,0,2026-08-19 20:00:40.818952+05:30
flipkart,BXRH2W5SSXWGWGSD,2026-07-18,1,1,1,0,0,0,0,0,1,0,0,2026-08-19 20:00:40.818952+05:30
flipkart,TSHHCKTJRRG8YGTG,2026-07-25,1,5,0,0,0,0,1,1,0,0,0,2026-08-19 20:00:40.818952+05:30
flipkart,TSHH8NR5R9KTDJQW,2026-06-05,1,5,0,0,0,0,1,1,0,0,0,2026-08-19 20:00:40.818952+05:30
flipkart,BXRGRFMQAJVB8HKM,2026-01-01,2,6,0,0,2,0,0,0,0,2,0,2026-08-19 20:00:40.818952+05:30
flipkart,TSHGSUT86EGTBTMZ,2026-01-01,4,14,1,0,1,0,2,2,1,1,0,2026-08-19 20:00:40.818952+05:30
flipkart,TKPGSYPCX6HYRTNN,2026-01-01,15,50,2,3,1,6,3,9,5,1,0,2026-08-19 20:00:40.818952+05:30
flipkart,SNRE5FB4TUKHY9GR,2026-06-25,1,5,0,0,0,0,1,1,0,0,0,2026-08-19 20:00:40.818952+05:30
flipkart,TSHHCKSGM5HEB5FV,2026-08-03,1,1,1,0,0,0,0,0,1,0,0,2026-08-19 20:00:40.818952+05:30
flipkart,BXRHFQXCVGA9H3CZ,2025-10-01,3,10,1,0,0,1,1,2,1,0,0,2026-08-19 20:00:40.818952+05:30
flipkart,TKPGTHNYWWCYXHFF,2026-07-01,4,14,0,1,1,1,1,2,1,1,0,2026-08-19 20:00:40.818952+05:30
flipkart,TKPHZTUBSKZYKYGY,2026-02-01,7,21,3,0,0,2,2,4,3,0,0,2026-08-19 20:00:40.818952+05:30
flipkart,BXRGRFHNSVU6JKXH,2025-09-01,1,5,0,0,0,0,1,1,0,0,0,2026-08-19 20:00:40.818952+05:30
flipkart,BXRGRFMQVPRAX7QU,2026-07-21,1,5,0,0,0,0,1,1,0,0,0,2026-08-19 20:00:40.818952+05:30
flipkart,TSHHCKSGWNGKY7HH,2026-07-18,1,5,0,0,0,0,1,1,0,0,0,2026-08-19 20:00:40.818952+05:30
flipkart,PYJH2TWEHY8YWRMT,2026-05-01,1,3,0,0,1,0,0,0,0,1,0,2026-08-19 20:00:40.818952+05:30
flipkart,BXRH2W5SSU8DYVH5,2026-07-01,2,6,1,0,0,0,1,1,1,0,0,2026-08-19 20:00:40.818952+05:30
flipkart,SRTFFFUDJNHPTACS,2025-11-01,3,14,0,0,0,1,2,3,0,0,0,2026-08-19 20:00:40.818952+05:30
flipkart,TSHHCKSGDRPZGMHU,2025-11-01,4,17,0,0,1,1,2,3,0,1,0,2026-08-19 20:00:40.818952+05:30
flipkart,SRTFFFUDKHADW5AT,2025-09-01,2,10,0,0,0,0,2,2,0,0,0,2026-08-19 20:00:40.818952+05:30
flipkart,TKPGSYPCZ3BPMPSF,2026-07-16,1,5,0,0,0,0,1,1,0,0,0,2026-08-19 20:00:40.818952+05:30
flipkart,FCKF66QFWW2WHSW8,2026-06-19,2,10,0,0,0,0,2,2,0,0,0,2026-08-19 20:00:40.818952+05:30
flipkart,TSHHCKSGABGZAHRG,2026-07-26,1,5,0,0,0,0,1,1,0,0,0,2026-08-19 20:00:40.818952+05:30
flipkart,SRTFFFUDGCPVKPJS,2026-05-01,2,10,0,0,0,0,2,2,0,0,0,2026-08-19 20:00:40.818952+05:30
flipkart,BXRHC6DFE3JTKT5S,2026-07-12,1,3,0,0,1,0,0,0,0,1,0,2026-08-19 20:00:40.818952+05:30
flipkart,TKPHZTUBTRJGZ4RZ,2026-04-01,3,9,0,1,1,1,0,1,1,1,0,2026-08-19 20:00:40.818952+05:30
flipkart,TSHHG6YYGZHBMX68,2026-07-15,1,4,0,0,0,1,0,1,0,0,0,2026-08-19 20:00:40.818952+05:30
flipkart,BRFGE32PMW5S6RM9,2025-09-01,1,4,0,0,0,1,0,1,0,0,0,2026-08-19 20:00:40.818952+05:30
flipkart,BXRGRFHZNQNZARUM,2026-07-20,1,1,1,0,0,0,0,0,1,0,0,2026-08-19 20:00:40.818952+05:30
flipkart,TSHHHJRARG5VGWZC,2026-06-15,1,5,0,0,0,0,1,1,0,0,0,2026-08-19 20:00:40.818952+05:30
flipkart,BXRH2W5SGPFYRGVV,2026-04-01,1,2,0,1,0,0,0,0,1,0,0,2026-08-19 20:00:40.818952+05:30
flipkart,BXRHFQXCJSCCGJ6J,2026-06-29,1,5,0,0,0,0,1,1,0,0,0,2026-08-19 20:00:40.818952+05:30
flipkart,SNRE5FB4TUKHY9GR,2026-07-21,1,1,1,0,0,0,0,0,1,0,0,2026-08-19 20:00:40.818952+05:30
flipkart,TSHHCKSGMZPHHWZG,2026-07-26,1,5,0,0,0,0,1,1,0,0,0,2026-08-19 20:00:40.818952+05:30
flipkart,TSHHG6YYNQKYRSUC,2026-07-15,1,4,0,0,0,1,0,1,0,0,0,2026-08-19 20:00:40.818952+05:30
flipkart,TKPGDC7BGNQBZXHX,2026-03-01,6,15,2,1,2,0,1,1,3,2,0,2026-08-19 20:00:40.818952+05:30
flipkart,TSHHCHZPWEDWVFFP,2026-07-01,4,14,1,0,0,2,1,3,1,0,0,2026-08-19 20:00:40.818952+05:30
flipkart,SNRFEMFYNJHWJ9VG,2026-03-01,2,10,0,0,0,0,2,2,0,0,0,2026-08-19 20:00:40.818952+05:30
flipkart,TSHHCKSGMZPHHWZG,2025-12-01,1,1,1,0,0,0,0,0,1,0,0,2026-08-19 20:00:40.818952+05:30
flipkart,SRTFEYC4J2SHRAFG,2026-06-29,1,4,0,0,0,1,0,1,0,0,0,2026-08-19 20:00:40.818952+05:30
flipkart,BXRH2W5SGPFYRGVV,2026-06-01,1,1,1,0,0,0,0,0,1,0,0,2026-08-19 20:00:40.818952+05:30
flipkart,SRTGSYQGKNWEKJRC,2025-11-01,5,23,0,0,0,2,3,5,0,0,0,2026-08-19 20:00:40.818952+05:30
flipkart,TSHHHJRAZY3BXMSE,2026-07-09,2,10,0,0,0,0,2,2,0,0,0,2026-08-19 20:00:40.818952+05:30
flipkart,TSHHCHZPHWHEZWQQ,2026-08-01,1,2,0,1,0,0,0,0,1,0,0,2026-08-19 20:00:40.818952+05:30
flipkart,TSHHHJRAX9D5ZHGY,2026-07-24,2,10,0,0,0,0,2,2,0,0,0,2026-08-19 20:00:40.818952+05:30
flipkart,TSHHCKSGZNZPWUGC,2026-07-13,1,5,0,0,0,0,1,1,0,0,0,2026-08-19 20:00:40.818952+05:30
flipkart,TKPH8MTXXNY2H39G,2026-03-01,6,15,2,1,2,0,1,1,3,2,0,2026-08-19 20:00:40.818952+05:30
flipkart,BXRGZJCWFM47ZXAB,2025-10-01,27,102,2,4,5,3,13,16,6,5,0,2026-08-19 20:00:40.818952+05:30
flipkart,TSHHCHZPCTKYBK4A,2026-07-01,4,14,1,0,0,2,1,3,1,0,0,2026-08-19 20:00:40.818952+05:30
flipkart,TSHGSUTBCYM82QFQ,2026-06-01,3,12,0,1,0,0,2,2,1,0,0,2026-08-19 20:00:40.818952+05:30
flipkart,TSHHHJRATVMXGFAG,2026-06-01,2,7,0,0,1,1,0,1,0,1,0,2026-08-19 20:00:40.818952+05:30
flipkart,TSHHCKSGSP8GHBJG,2026-07-13,1,5,0,0,0,0,1,1,0,0,0,2026-08-19 20:00:40.818952+05:30
flipkart,TKPGDC7BHZZQKEX6,2026-07-01,4,15,1,0,0,1,2,3,1,0,0,2026-08-19 20:00:40.818952+05:30
flipkart,TKPGSYPCBFKNUZ7W,2025-12-01,20,78,1,2,5,2,10,12,3,5,0,2026-08-19 20:00:40.818952+05:30
flipkart,TSHHCKSGWNGKY7HH,2025-11-01,4,17,0,0,1,1,2,3,0,1,0,2026-08-19 20:00:40.818952+05:30
flipkart,SRTHDH2JJY3GGYAD,2026-07-23,1,5,0,0,0,0,1,1,0,0,0,2026-08-19 20:00:40.818952+05:30
flipkart,BXRH2W5SZGUTXVQM,2026-03-01,1,5,0,0,0,0,1,1,0,0,0,2026-08-19 20:00:40.818952+05:30
flipkart,TSHGSUT86EGTBTMZ,2026-02-01,3,7,2,0,0,0,1,1,2,0,0,2026-08-19 20:00:40.818952+05:30
flipkart,TSHHHJRA8ZMQMYHG,2026-07-11,1,5,0,0,0,0,1,1,0,0,0,2026-08-19 20:00:40.818952+05:30
flipkart,FCKFAGAYGGYMEWQT,2026-07-06,1,3,0,0,1,0,0,0,0,1,0,2026-08-19 20:00:40.818952+05:30
flipkart,FCKFZDUGBQHUUHAA,2026-04-01,1,5,0,0,0,0,1,1,0,0,0,2026-08-19 20:00:40.818952+05:30
flipkart,TSHHCKSGAHZZHBTY,2026-06-01,4,19,0,0,0,1,3,4,0,0,0,2026-08-19 20:00:40.818952+05:30
flipkart,BXRGRFHZE7HPWZVS,2025-11-01,3,12,0,0,1,1,1,2,0,1,0,2026-08-19 20:00:40.818952+05:30
flipkart,FCKFFGVX9NEVKSKT,2026-06-17,1,4,0,0,0,1,0,1,0,0,0,2026-08-19 20:00:40.818952+05:30
flipkart,BXRGRFHZ6RH2KZWD,2026-08-06,1,4,0,0,0,1,0,1,0,0,0,2026-08-19 20:00:40.818952+05:30
flipkart,SRTGSYQGXBGUJYRQ,2026-04-01,1,5,0,0,0,0,1,1,0,0,0,2026-08-19 20:00:40.818952+05:30
flipkart,SNRE5FB4TUKHY9GR,2026-06-01,17,66,2,0,1,9,5,14,2,1,0,2026-08-19 20:00:40.818952+05:30
flipkart,TKPH5URAJGUXT5SG,2026-07-01,4,18,0,0,1,0,3,3,0,1,0,2026-08-19 20:00:40.818952+05:30
flipkart,VESFF2CGG3ZMAYYC,2026-06-09,1,5,0,0,0,0,1,1,0,0,0,2026-08-19 20:00:40.818952+05:30
flipkart,TSHHHJRA8ZMQMYHG,2026-04-01,1,1,1,0,0,0,0,0,1,0,0,2026-08-19 20:00:40.818952+05:30
flipkart,TSHHHJRAYZD4VNH2,2026-06-17,1,2,0,1,0,0,0,0,1,0,0,2026-08-19 20:00:40.818952+05:30
flipkart,BXRGRFHZ8VB6UZR3,2026-01-01,2,6,0,0,2,0,0,0,0,2,0,2026-08-19 20:00:40.818952+05:30
flipkart,TSHHZ7ZGC7RJJ5JG,2026-07-01,1,1,1,0,0,0,0,0,1,0,0,2026-08-19 20:00:40.818952+05:30
flipkart,TKPGTHNYEEK6PNKC,2025-10-01,1,5,0,0,0,0,1,1,0,0,0,2026-08-19 20:00:40.818952+05:30
flipkart,TSHHCKSGABGZAHRG,2026-06-01,4,19,0,0,0,1,3,4,0,0,0,2026-08-19 20:00:40.818952+05:30
flipkart,TSHHCKSGDRPZGMHU,2026-07-28,1,5,0,0,0,0,1,1,0,0,0,2026-08-19 20:00:40.818952+05:30
flipkart,TKPGSYPCYGWJEACQ,2026-07-31,1,4,0,0,0,1,0,1,0,0,0,2026-08-19 20:00:40.818952+05:30
flipkart,FCKFAGAYGGYMEWQT,2026-06-20,1,5,0,0,0,0,1,1,0,0,0,2026-08-19 20:00:40.818952+05:30
flipkart,BXRGRFHNAHFPSTSB,2026-07-15,1,4,0,0,0,1,0,1,0,0,0,2026-08-19 20:00:40.818952+05:30
flipkart,SRTGSYQGQPJEP8SR,2026-07-07,1,5,0,0,0,0,1,1,0,0,0,2026-08-19 20:00:40.818952+05:30
flipkart,SRTFFFUDJNHPTACS,2026-02-01,1,4,0,0,0,1,0,1,0,0,0,2026-08-19 20:00:40.818952+05:30
flipkart,TSHHCHZPVJAGWTTG,2026-07-23,1,4,0,0,0,1,0,1,0,0,0,2026-08-19 20:00:40.818952+05:30
flipkart,BXRGRFHNSVU6JKXH,2026-07-15,1,4,0,0,0,1,0,1,0,0,0,2026-08-19 20:00:40.818952+05:30
flipkart,TSHHCHZPXTGZXVZF,2026-07-29,1,5,0,0,0,0,1,1,0,0,0,2026-08-19 20:00:40.818952+05:30
flipkart,TSHHHJRAHXY4F7PK,2026-06-15,1,5,0,0,0,0,1,1,0,0,0,2026-08-19 20:00:40.818952+05:30
flipkart,BRFFFFSV75AEABXU,2026-06-21,1,1,1,0,0,0,0,0,1,0,0,2026-08-19 20:00:40.818952+05:30
flipkart,TSHHHJRA94PWAYGW,2026-08-10,1,1,1,0,0,0,0,0,1,0,0,2026-08-19 20:00:40.818952+05:30
flipkart,BXRGRFHZZKF8JG49,2026-08-08,1,5,0,0,0,0,1,1,0,0,0,2026-08-19 20:00:40.818952+05:30
flipkart,TSHHCHZPWEDWVFFP,2025-12-01,1,1,1,0,0,0,0,0,1,0,0,2026-08-19 20:00:40.818952+05:30
flipkart,BXRHC6DFCRBPKEPH,2026-04-01,2,6,0,0,2,0,0,0,0,2,0,2026-08-19 20:00:40.818952+05:30
flipkart,TSHHG96EEHFKFUXY,2025-09-01,6,19,1,0,3,1,1,2,1,3,0,2026-08-19 20:00:40.818952+05:30
flipkart,TSHGSUT9HEHTJVKA,2026-02-01,3,7,2,0,0,0,1,1,2,0,0,2026-08-19 20:00:40.818952+05:30
flipkart,TSHHCKSGZNZPWUGC,2026-02-01,2,5,0,1,1,0,0,0,1,1,0,2026-08-19 20:00:40.818952+05:30
flipkart,TSHHCHZPXTGZXVZF,2026-07-01,4,14,1,0,0,2,1,3,1,0,0,2026-08-19 20:00:40.818952+05:30
flipkart,FCKF66QFWW2WHSW8,2026-07-08,1,5,0,0,0,0,1,1,0,0,0,2026-08-19 20:00:40.818952+05:30
flipkart,TSHHHJRARECBQRGY,2026-04-01,1,1,1,0,0,0,0,0,1,0,0,2026-08-19 20:00:40.818952+05:30
flipkart,TSHHHJRA2XFF6ZBX,2025-12-01,1,4,0,0,0,1,0,1,0,0,0,2026-08-19 20:00:40.818952+05:30
flipkart,SRTHZA6FFGYV4CZJ,2026-07-13,1,5,0,0,0,0,1,1,0,0,0,2026-08-19 20:00:40.818952+05:30
flipkart,BXRGZJCWFM47ZXAB,2026-05-01,1,5,0,0,0,0,1,1,0,0,0,2026-08-19 20:00:40.818952+05:30
flipkart,FCKGHSGM3GZHG5EE,2026-06-24,1,4,0,0,0,1,0,1,0,0,0,2026-08-19 20:00:40.818952+05:30
flipkart,SNRE5FB4TUKHY9GR,2026-07-17,1,4,0,0,0,1,0,1,0,0,0,2026-08-19 20:00:40.818952+05:30
flipkart,SRTHDH2JWSHGP896,2026-07-01,2,9,0,0,0,1,1,2,0,0,0,2026-08-19 20:00:40.818952+05:30
flipkart,TKPH8MTXNRYV3DAZ,2026-07-26,1,4,0,0,0,1,0,1,0,0,0,2026-08-19 20:00:40.818952+05:30
flipkart,TSHGSUTBCYM82QFQ,2026-08-09,1,5,0,0,0,0,1,1,0,0,0,2026-08-19 20:00:40.818952+05:30
flipkart,TSHHCHZP3J5ZFRU7,2026-08-01,1,2,0,1,0,0,0,0,1,0,0,2026-08-19 20:00:40.818952+05:30
flipkart,BXRH2W5SZQ2NVMUV,2026-06-07,1,1,1,0,0,0,0,0,1,0,0,2026-08-19 20:00:40.818952+05:30
flipkart,TSHHHGZVFDKFRY7S,2026-07-01,2,9,0,0,0,1,1,2,0,0,0,2026-08-19 20:00:40.818952+05:30
flipkart,BXRGRFMQHGNKWPEY,2026-07-20,1,1,1,0,0,0,0,0,1,0,0,2026-08-19 20:00:40.818952+05:30
flipkart,TSHHHJRAYZD4VNH2,2026-04-01,1,1,1,0,0,0,0,0,1,0,0,2026-08-19 20:00:40.818952+05:30
flipkart,TSHHHJRARG5VGWZC,2026-07-09,2,10,0,0,0,0,2,2,0,0,0,2026-08-19 20:00:40.818952+05:30
flipkart,TSHGSUT9HEHTJVKA,2025-10-01,4,17,0,1,0,0,3,3,1,0,0,2026-08-19 20:00:40.818952+05:30
flipkart,TSHHCKSGMZPHHWZG,2026-06-13,1,4,0,0,0,1,0,1,0,0,0,2026-08-19 20:00:40.818952+05:30
flipkart,TSHHCKSGSP8GHBJG,2026-08-03,1,1,1,0,0,0,0,0,1,0,0,2026-08-19 20:00:40.818952+05:30
flipkart,BRFHCBZ4PMXZYRRZ,2026-07-25,1,5,0,0,0,0,1,1,0,0,0,2026-08-19 20:00:40.818952+05:30
flipkart,TSHHHJRARG5VGWZC,2026-07-20,1,4,0,0,0,1,0,1,0,0,0,2026-08-19 20:00:40.818952+05:30
flipkart,SOCH8ERGSC6PEHZF,2025-12-01,4,15,0,0,2,1,1,2,0,2,0,2026-08-19 20:00:40.818952+05:30
flipkart,BXRGRFMQYKUB9K5S,2026-06-01,1,3,0,0,1,0,0,0,0,1,0,2026-08-19 20:00:40.818952+05:30
flipkart,TKPH2TTMWMHWFXPE,2025-09-01,1,5,0,0,0,0,1,1,0,0,0,2026-08-19 20:00:40.818952+05:30
flipkart,BXRGRFHZATAPYBDY,2026-07-21,1,5,0,0,0,0,1,1,0,0,0,2026-08-19 20:00:40.818952+05:30
flipkart,SRTGSYQGKBHXGKWV,2026-04-01,1,5,0,0,0,0,1,1,0,0,0,2026-08-19 20:00:40.818952+05:30
flipkart,TSHH8NRFTVJZF7DW,2025-09-01,6,19,1,0,3,1,1,2,1,3,0,2026-08-19 20:00:40.818952+05:30
flipkart,TSHHCHZPSYNBHGNM,2025-12-01,1,1,1,0,0,0,0,0,1,0,0,2026-08-19 20:00:40.818952+05:30
flipkart,TSHHCKSGFXPPK5GV,2025-11-01,4,17,0,0,1,1,2,3,0,1,0,2026-08-19 20:00:40.818952+05:30
flipkart,SRTFFFUDBDKVKAHP,2025-10-01,8,27,3,0,0,1,4,5,3,0,0,2026-08-19 20:00:40.818952+05:30
flipkart,TSHGSUTA9ZWNC3QG,2026-06-05,1,5,0,0,0,0,1,1,0,0,0,2026-08-19 20:00:40.818952+05:30
flipkart,SRTHDH2JWZAPE9VY,2026-01-01,2,10,0,0,0,0,2,2,0,0,0,2026-08-19 20:00:40.818952+05:30
flipkart,SRTHDH2JVRWAEHKQ,2026-04-01,1,5,0,0,0,0,1,1,0,0,0,2026-08-19 20:00:40.818952+05:30
flipkart,TKPGTHNYC5NYSAVJ,2026-06-15,1,3,0,0,1,0,0,0,0,1,0,2026-08-19 20:00:40.818952+05:30
flipkart,TSHHCKSGWNGKY7HH,2026-06-30,1,5,0,0,0,0,1,1,0,0,0,2026-08-19 20:00:40.818952+05:30
flipkart,TSHHCHZPFQEVEAQQ,2026-07-01,4,14,1,0,0,2,1,3,1,0,0,2026-08-19 20:00:40.818952+05:30
flipkart,TSHHG96EMC2NTV4H,2026-06-01,2,7,0,1,0,0,1,1,1,0,0,2026-08-19 20:00:40.818952+05:30
flipkart,TSHHCHZPHWHEZWQQ,2026-03-01,1,5,0,0,0,0,1,1,0,0,0,2026-08-19 20:00:40.818952+05:30
flipkart,BXRH2W5SSU8DYVH5,2026-07-18,1,1,1,0,0,0,0,0,1,0,0,2026-08-19 20:00:40.818952+05:30
flipkart,BXRHFQXCZDYKVXP4,2026-08-04,1,4,0,0,0,1,0,1,0,0,0,2026-08-19 20:00:40.818952+05:30
flipkart,BXRHFQXCJSCCGJ6J,2026-08-04,1,4,0,0,0,1,0,1,0,0,0,2026-08-19 20:00:40.818952+05:30
flipkart,BXRHC6DY55BHVQQW,2026-06-09,1,1,1,0,0,0,0,0,1,0,0,2026-08-19 20:00:40.818952+05:30
flipkart,TSHHHJRAX9D5ZHGY,2026-08-03,1,5,0,0,0,0,1,1,0,0,0,2026-08-19 20:00:40.818952+05:30
flipkart,BXRH2W5SKAPWZYHQ,2026-03-01,1,5,0,0,0,0,1,1,0,0,0,2026-08-19 20:00:40.818952+05:30
flipkart,FCKFFGVX9NEVKSKT,2026-04-01,3,15,0,0,0,0,3,3,0,0,0,2026-08-19 20:00:40.818952+05:30
flipkart,SRTHDH2JGFCMMGZK,2026-07-07,1,5,0,0,0,0,1,1,0,0,0,2026-08-19 20:00:40.818952+05:30
flipkart,TSHHCHZPFQEVEAQQ,2026-07-13,1,5,0,0,0,0,1,1,0,0,0,2026-08-19 20:00:40.818952+05:30
flipkart,SRTGSYQGUNZZH6A6,2026-07-23,1,5,0,0,0,0,1,1,0,0,0,2026-08-19 20:00:40.818952+05:30
flipkart,TKPH8MTXNRYV3DAZ,2026-04-01,4,10,2,0,1,0,1,1,2,1,0,2026-08-19 20:00:40.818952+05:30
flipkart,BXRGRFMQYHQS4BM7,2026-07-01,4,13,1,0,1,1,1,2,1,1,0,2026-08-19 20:00:40.818952+05:30
flipkart,TSHHHJRAHXY4F7PK,2026-06-17,1,2,0,1,0,0,0,0,1,0,0,2026-08-19 20:00:40.818952+05:30
flipkart,TSHHCKSGM5HEB5FV,2025-09-01,2,8,0,0,1,0,1,1,0,1,0,2026-08-19 20:00:40.818952+05:30
flipkart,BXRGRFHZZKF8JG49,2026-07-27,1,4,0,0,0,1,0,1,0,0,0,2026-08-19 20:00:40.818952+05:30
flipkart,FCKFFGVX9NEVKSKT,2026-06-23,1,4,0,0,0,1,0,1,0,0,0,2026-08-19 20:00:40.818952+05:30
flipkart,TSHHHJRAAHQGWZMX,2026-07-12,1,4,0,0,0,1,0,1,0,0,0,2026-08-19 20:00:40.818952+05:30
flipkart,SRTFFFUD8AZAJJDY,2026-05-01,2,10,0,0,0,0,2,2,0,0,0,2026-08-19 20:00:40.818952+05:30
flipkart,TSHHCKSGM5HEB5FV,2026-07-23,1,4,0,0,0,1,0,1,0,0,0,2026-08-19 20:00:40.818952+05:30
flipkart,BXRHC6D3GGAB6HGP,2026-06-27,1,4,0,0,0,1,0,1,0,0,0,2026-08-19 20:00:40.818952+05:30
flipkart,TKPGSYPCZ3BPMPSF,2026-02-01,8,30,1,1,1,1,4,5,2,1,0,2026-08-19 20:00:40.818952+05:30
flipkart,TKPGSYPCTDHAGPFB,2025-09-01,7,33,0,0,0,2,5,7,0,0,0,2026-08-19 20:00:40.818952+05:30
flipkart,TKPGSYPCTDHAGPFB,2026-07-14,1,5,0,0,0,0,1,1,0,0,0,2026-08-19 20:00:40.818952+05:30
flipkart,FCKFB5ZT3FMM3MHR,2026-06-20,1,5,0,0,0,0,1,1,0,0,0,2026-08-19 20:00:40.818952+05:30
flipkart,TSHHCKSG7PQRZGM2,2025-11-01,4,17,0,0,1,1,2,3,0,1,0,2026-08-19 20:00:40.818952+05:30
flipkart,BXRGZJCWTRB2DDZH,2026-06-01,2,8,0,0,1,0,1,1,0,1,0,2026-08-19 20:00:40.818952+05:30
flipkart,FCKG75WBJHTKREB8,2026-02-01,2,7,0,1,0,0,1,1,1,0,0,2026-08-19 20:00:40.818952+05:30
flipkart,TSHHCKSGMZPHHWZG,2026-02-01,2,5,0,1,1,0,0,0,1,1,0,2026-08-19 20:00:40.818952+05:30
flipkart,BXRHFS5FHHMGH7HH,2026-07-01,6,18,2,0,1,2,1,3,2,1,0,2026-08-19 20:00:40.818952+05:30
flipkart,TSHHG96EMC2NTV4H,2026-06-05,1,5,0,0,0,0,1,1,0,0,0,2026-08-19 20:00:40.818952+05:30
flipkart,TSHHG96E34GYMJQV,2026-07-20,1,4,0,0,0,1,0,1,0,0,0,2026-08-19 20:00:40.818952+05:30
flipkart,TSHHCHZPQHS2MJAG,2026-02-01,2,5,0,1,1,0,0,0,1,1,0,2026-08-19 20:00:40.818952+05:30
flipkart,BXRH2W5SZGUTXVQM,2026-06-07,1,1,1,0,0,0,0,0,1,0,0,2026-08-19 20:00:40.818952+05:30
flipkart,TSHHHJRANNWPSFHF,2026-08-03,1,5,0,0,0,0,1,1,0,0,0,2026-08-19 20:00:40.818952+05:30
flipkart,SRTFFFUDSEGXM6WS,2026-03-01,2,6,0,1,0,1,0,1,1,0,0,2026-08-19 20:00:40.818952+05:30
flipkart,BXRHFS5FHHMGH7HH,2026-07-23,1,5,0,0,0,0,1,1,0,0,0,2026-08-19 20:00:40.818952+05:30
flipkart,TSHHCKSGM5HEB5FV,2026-06-30,1,5,0,0,0,0,1,1,0,0,0,2026-08-19 20:00:40.818952+05:30
flipkart,TSHHHJRANNWPSFHF,2026-07-01,10,42,0,1,2,1,6,7,1,2,0,2026-08-19 20:00:40.818952+05:30
flipkart,SRTFFFUDGCPVKPJS,2026-02-01,1,4,0,0,0,1,0,1,0,0,0,2026-08-19 20:00:40.818952+05:30
flipkart,TKPGDC7BNJTFHSJS,2026-07-16,1,5,0,0,0,0,1,1,0,0,0,2026-08-19 20:00:40.818952+05:30
flipkart,BXRHFQXCBDZZKBFW,2026-07-23,1,5,0,0,0,0,1,1,0,0,0,2026-08-19 20:00:40.818952+05:30
flipkart,TKPGSYXCFXPTHZBK,2026-07-14,1,5,0,0,0,0,1,1,0,0,0,2026-08-19 20:00:40.818952+05:30
flipkart,BXRHFQXCJFMZ8ZPC,2026-07-23,1,5,0,0,0,0,1,1,0,0,0,2026-08-19 20:00:40.818952+05:30
flipkart,TKPGTHNYEEK6PNKC,2025-12-01,1,2,0,1,0,0,0,0,1,0,0,2026-08-19 20:00:40.818952+05:30
flipkart,TSHHG96E34GYMJQV,2026-02-01,3,7,2,0,0,0,1,1,2,0,0,2026-08-19 20:00:40.818952+05:30
flipkart,TSHHG96EU3QTAQYG,2026-08-09,1,5,0,0,0,0,1,1,0,0,0,2026-08-19 20:00:40.818952+05:30
flipkart,SRTHDH2JGFCMMGZK,2026-06-29,1,4,0,0,0,1,0,1,0,0,0,2026-08-19 20:00:40.818952+05:30
flipkart,TKPHNDMFSHGMQEKB,2026-07-13,1,2,0,1,0,0,0,0,1,0,0,2026-08-19 20:00:40.818952+05:30
flipkart,TSHHHJRAAHQGWZMX,2026-07-11,1,5,0,0,0,0,1,1,0,0,0,2026-08-19 20:00:40.818952+05:30
flipkart,SRTGSYQGZFHM7HB2,2026-01-01,2,10,0,0,0,0,2,2,0,0,0,2026-08-19 20:00:40.818952+05:30
flipkart,BXRH2W5SGFUP77YP,2026-07-19,1,1,1,0,0,0,0,0,1,0,0,2026-08-19 20:00:40.818952+05:30
flipkart,TKPH8MTJUWNEVNBA,2026-07-17,1,5,0,0,0,0,1,1,0,0,0,2026-08-19 20:00:40.818952+05:30
flipkart,TSHHCHZP8YHX8CBY,2026-03-01,2,8,0,0,1,0,1,1,0,1,0,2026-08-19 20:00:40.818952+05:30
flipkart,BXRH2W5SKAPWZYHQ,2026-06-01,1,1,1,0,0,0,0,0,1,0,0,2026-08-19 20:00:40.818952+05:30
flipkart,TKPGSYXCFXPTHZBK,2026-07-26,1,4,0,0,0,1,0,1,0,0,0,2026-08-19 20:00:40.818952+05:30
flipkart,TSHHG6YXZSPQPH64,2026-07-15,1,4,0,0,0,1,0,1,0,0,0,2026-08-19 20:00:40.818952+05:30
flipkart,TKPGDC7BUCQHMG9X,2026-05-01,1,3,0,0,1,0,0,0,0,1,0,2026-08-19 20:00:40.818952+05:30
flipkart,TKPGFQNDGFD8NKG6,2026-06-10,1,2,0,1,0,0,0,0,1,0,0,2026-08-19 20:00:40.818952+05:30
flipkart,BXRHC6DF2QGDY8VZ,2026-06-04,1,3,0,0,1,0,0,0,0,1,0,2026-08-19 20:00:40.818952+05:30
flipkart,BXRGRFMQYHQS4BM7,2026-07-24,1,5,0,0,0,0,1,1,0,0,0,2026-08-19 20:00:40.818952+05:30
flipkart,TKPGDC7BHZZQKEX6,2026-07-16,1,5,0,0,0,0,1,1,0,0,0,2026-08-19 20:00:40.818952+05:30
flipkart,TKPG38GF3GZCVMU5,2026-02-01,7,21,3,0,0,2,2,4,3,0,0,2026-08-19 20:00:40.818952+05:30
flipkart,TSHHCHZPQHS2MJAG,2026-06-30,1,5,0,0,0,0,1,1,0,0,0,2026-08-19 20:00:40.818952+05:30
flipkart,PYJH2TWEKAJAZHKQ,2026-01-01,1,4,0,0,0,1,0,1,0,0,0,2026-08-19 20:00:40.818952+05:30
flipkart,BXRHFQXCJSCCGJ6J,2026-03-01,1,4,0,0,0,1,0,1,0,0,0,2026-08-19 20:00:40.818952+05:30
flipkart,TSHGSUTA9ZWNC3QG,2025-09-01,6,19,1,0,3,1,1,2,1,3,0,2026-08-19 20:00:40.818952+05:30
flipkart,SRTHZA56UPTVQUGZ,2026-07-14,1,5,0,0,0,0,1,1,0,0,0,2026-08-19 20:00:40.818952+05:30
flipkart,TSHHHJRA94PWAYGW,2026-07-16,1,5,0,0,0,0,1,1,0,0,0,2026-08-19 20:00:40.818952+05:30
flipkart,BXRH2W5SSU8DYVH5,2026-06-07,1,1,1,0,0,0,0,0,1,0,0,2026-08-19 20:00:40.818952+05:30
flipkart,SRTHDH2JESGPPG8F,2026-07-23,1,5,0,0,0,0,1,1,0,0,0,2026-08-19 20:00:40.818952+05:30
flipkart,TSHHHJRATVMXGFAG,2026-06-16,1,5,0,0,0,0,1,1,0,0,0,2026-08-19 20:00:40.818952+05:30
flipkart,SRTHDH2JU8TN9A2F,2025-11-01,5,23,0,0,0,2,3,5,0,0,0,2026-08-19 20:00:40.818952+05:30
flipkart,TKPGTHNYXHCXPJFH,2025-11-01,1,4,0,0,0,1,0,1,0,0,0,2026-08-19 20:00:40.818952+05:30
flipkart,TSHHCHZPXTGZXVZF,2026-08-03,1,1,1,0,0,0,0,0,1,0,0,2026-08-19 20:00:40.818952+05:30
flipkart,BXRGRFHZE7HPWZVS,2026-07-15,1,4,0,0,0,1,0,1,0,0,0,2026-08-19 20:00:40.818952+05:30
flipkart,TSHHCHZPVJAGWTTG,2026-07-22,1,3,0,0,1,0,0,0,0,1,0,2026-08-19 20:00:40.818952+05:30
flipkart,TKPGDC7BGNQBZXHX,2026-07-26,1,4,0,0,0,1,0,1,0,0,0,2026-08-19 20:00:40.818952+05:30
flipkart,TSHHHJRA8ZMQMYHG,2026-05-01,2,9,0,0,0,1,1,2,0,0,0,2026-08-19 20:00:40.818952+05:30
flipkart,SRTHDH2JHYDY2ZF3,2026-07-07,1,5,0,0,0,0,1,1,0,0,0,2026-08-19 20:00:40.818952+05:30
flipkart,TKPGTHNYXHCXPJFH,2026-06-15,1,3,0,0,1,0,0,0,0,1,0,2026-08-19 20:00:40.818952+05:30
flipkart,BXRH2W5SGFUP77YP,2026-03-01,1,5,0,0,0,0,1,1,0,0,0,2026-08-19 20:00:40.818952+05:30
flipkart,SRTFFFUD3BGPEXZY,2025-11-01,3,14,0,0,0,1,2,3,0,0,0,2026-08-19 20:00:40.818952+05:30
flipkart,TSHHCHZPFQEVEAQQ,2026-07-28,1,5,0,0,0,0,1,1,0,0,0,2026-08-19 20:00:40.818952+05:30
flipkart,BXRHC6DY55BHVQQW,2026-06-27,1,4,0,0,0,1,0,1,0,0,0,2026-08-19 20:00:40.818952+05:30
flipkart,BXRH2W5SGPFYRGVV,2025-10-01,4,16,1,0,0,0,3,3,1,0,0,2026-08-19 20:00:40.818952+05:30
flipkart,TKPH2TTM8RYBXMGR,2026-08-01,1,4,0,0,0,1,0,1,0,0,0,2026-08-19 20:00:40.818952+05:30
flipkart,SRTFFFUDEG5GPAZ3,2026-04-01,1,2,0,1,0,0,0,0,1,0,0,2026-08-19 20:00:40.818952+05:30
flipkart,TSHHCKSGDRPZGMHU,2026-07-29,1,5,0,0,0,0,1,1,0,0,0,2026-08-19 20:00:40.818952+05:30
flipkart,BXRGRFHZ8VB6UZR3,2026-07-15,1,4,0,0,0,1,0,1,0,0,0,2026-08-19 20:00:40.818952+05:30
flipkart,VESFF2CG6GR7HHYN,2026-07-29,1,5,0,0,0,0,1,1,0,0,0,2026-08-19 20:00:40.818952+05:30
flipkart,BXRGRFHZZKF8JG49,2026-05-01,1,3,0,0,1,0,0,0,0,1,0,2026-08-19 20:00:40.818952+05:30
flipkart,BXRGRFMQGMZFEGNJ,2026-08-06,1,4,0,0,0,1,0,1,0,0,0,2026-08-19 20:00:40.818952+05:30
flipkart,SRTGSYQGMGZZC5A6,2026-07-01,2,9,0,0,0,1,1,2,0,0,0,2026-08-19 20:00:40.818952+05:30
flipkart,BXRHFQXCZDYKVXP4,2026-04-01,2,6,0,0,2,0,0,0,0,2,0,2026-08-19 20:00:40.818952+05:30
flipkart,BXRGRFMQYHQS4BM7,2026-06-01,1,3,0,0,1,0,0,0,0,1,0,2026-08-19 20:00:40.818952+05:30
flipkart,FCKG75WBGNBBTM4Z,2026-01-01,5,22,0,1,0,0,4,4,1,0,0,2026-08-19 20:00:40.818952+05:30
flipkart,TSHHHJRA8ZMQMYHG,2026-07-25,2,8,0,0,0,2,0,2,0,0,0,2026-08-19 20:00:40.818952+05:30
flipkart,BXRGRFHZ6RH2KZWD,2026-07-09,1,1,1,0,0,0,0,0,1,0,0,2026-08-19 20:00:40.818952+05:30
flipkart,TSHHCKSGMZPHHWZG,2026-06-30,1,5,0,0,0,0,1,1,0,0,0,2026-08-19 20:00:40.818952+05:30
flipkart,TSHHCHZPVJAGWTTG,2025-11-01,4,17,0,0,1,1,2,3,0,1,0,2026-08-19 20:00:40.818952+05:30
flipkart,TKPGSYPCBFKNUZ7W,2026-06-13,1,4,0,0,0,1,0,1,0,0,0,2026-08-19 20:00:40.818952+05:30
flipkart,TSHHCKSGMZPHHWZG,2025-10-01,10,29,4,1,0,2,3,5,5,0,0,2026-08-19 20:00:40.818952+05:30
flipkart,BXRHFQXCH2ZZWNSU,2026-07-23,1,5,0,0,0,0,1,1,0,0,0,2026-08-19 20:00:40.818952+05:30
flipkart,BXRGRFHZECWSEYJZ,2026-01-01,2,6,0,0,2,0,0,0,0,2,0,2026-08-19 20:00:40.818952+05:30
flipkart,SNRGEHFWXXTCVDZM,2026-04-01,7,25,2,0,1,0,4,4,2,1,0,2026-08-19 20:00:40.818952+05:30
flipkart,TKPGSYPCNTSBCUUV,2026-07-26,1,4,0,0,0,1,0,1,0,0,0,2026-08-19 20:00:40.818952+05:30
flipkart,TSHHCHZPXTGZXVZF,2026-02-01,2,5,0,1,1,0,0,0,1,1,0,2026-08-19 20:00:40.818952+05:30
flipkart,VESFF2CG6GR7HHYN,2026-07-22,1,5,0,0,0,0,1,1,0,0,0,2026-08-19 20:00:40.818952+05:30
flipkart,BXRGZJCWFM47ZXAB,2025-12-01,5,24,0,0,0,1,4,5,0,0,0,2026-08-19 20:00:40.818952+05:30
flipkart,BXRHC6DY55BHVQQW,2026-07-12,1,3,0,0,1,0,0,0,0,1,0,2026-08-19 20:00:40.818952+05:30
flipkart,TSHGSUT86EGTBTMZ,2026-03-01,2,7,0,1,0,0,1,1,1,0,0,2026-08-19 20:00:40.818952+05:30
flipkart,BXRH2W5SZGUTXVQM,2026-07-26,1,5,0,0,0,0,1,1,0,0,0,2026-08-19 20:00:40.818952+05:30
flipkart,TSHHHJRAYZD4VNH2,2026-06-16,1,5,0,0,0,0,1,1,0,0,0,2026-08-19 20:00:40.818952+05:30
flipkart,BXRGRFHZGBUYPHVS,2026-08-06,1,4,0,0,0,1,0,1,0,0,0,2026-08-19 20:00:40.818952+05:30
flipkart,TKPG38GF3GZCVMU5,2025-12-01,13,45,3,0,2,4,4,8,3,2,0,2026-08-19 20:00:40.818952+05:30
flipkart,TKPGDC7BGZNCKDUZ,2026-04-01,1,3,0,0,1,0,0,0,0,1,0,2026-08-19 20:00:40.818952+05:30
flipkart,TSHHCKSGU77X4FDT,2026-07-28,1,5,0,0,0,0,1,1,0,0,0,2026-08-19 20:00:40.818952+05:30
flipkart,SRTFFFUDGCPVKPJS,2026-06-01,1,5,0,0,0,0,1,1,0,0,0,2026-08-19 20:00:40.818952+05:30
flipkart,TKPHNDMFGWZR4NF5,2026-07-13,1,2,0,1,0,0,0,0,1,0,0,2026-08-19 20:00:40.818952+05:30
flipkart,BXRHC6DFE3JTKT5S,2026-06-01,7,27,0,1,2,1,3,4,1,2,0,2026-08-19 20:00:40.818952+05:30
flipkart,SRTFFFUDJNHPTACS,2026-06-01,1,5,0,0,0,0,1,1,0,0,0,2026-08-19 20:00:40.818952+05:30
flipkart,TSHHHJRAHXY4F7PK,2026-04-01,1,1,1,0,0,0,0,0,1,0,0,2026-08-19 20:00:40.818952+05:30
flipkart,FCKFAG9QPJGNGM9T,2026-06-30,1,5,0,0,0,0,1,1,0,0,0,2026-08-19 20:00:40.818952+05:30
flipkart,BXRGZJCWYYCZQ9PZ,2026-03-01,4,17,0,0,1,1,2,3,0,1,0,2026-08-19 20:00:40.818952+05:30
flipkart,SRTHDH2JWSHGP896,2026-07-07,1,5,0,0,0,0,1,1,0,0,0,2026-08-19 20:00:40.818952+05:30
flipkart,BXRHC6DFE3JTKT5S,2026-04-01,2,6,0,0,2,0,0,0,0,2,0,2026-08-19 20:00:40.818952+05:30
flipkart,BXRGRFMQHQHQPFJZ,2026-07-15,1,4,0,0,0,1,0,1,0,0,0,2026-08-19 20:00:40.818952+05:30
flipkart,TSHHG96EEHFKFUXY,2025-10-01,4,17,0,1,0,0,3,3,1,0,0,2026-08-19 20:00:40.818952+05:30
flipkart,BXRGRFHZZKF8JG49,2026-07-23,1,5,0,0,0,0,1,1,0,0,0,2026-08-19 20:00:40.818952+05:30
flipkart,TKPGSYPCSVEGZXTU,2025-11-01,28,115,3,0,2,9,14,23,3,2,0,2026-08-19 20:00:40.818952+05:30
flipkart,BXRGRFHZCXZP6VP8,2026-01-01,2,6,0,0,2,0,0,0,0,2,0,2026-08-19 20:00:40.818952+05:30
flipkart,SRTHDH2JJY3GGYAD,2025-11-01,5,23,0,0,0,2,3,5,0,0,0,2026-08-19 20:00:40.818952+05:30
flipkart,TSHHCHZPSYNBHGNM,2026-07-26,1,5,0,0,0,0,1,1,0,0,0,2026-08-19 20:00:40.818952+05:30
flipkart,FCTEXF6HHGCZVEGC,2026-01-01,4,17,0,0,1,1,2,3,0,1,0,2026-08-19 20:00:40.818952+05:30
flipkart,TKPGSYPCXDEZYQDG,2026-04-01,4,10,2,0,1,0,1,1,2,1,0,2026-08-19 20:00:40.818952+05:30
flipkart,SRTFEYC4J2SHRAFG,2026-07-01,2,9,0,0,0,1,1,2,0,0,0,2026-08-19 20:00:40.818952+05:30
flipkart,TSHHHJRARECBQRGY,2026-06-16,1,5,0,0,0,0,1,1,0,0,0,2026-08-19 20:00:40.818952+05:30
flipkart,TKPH5URAPZJ7TGXZ,2026-02-01,7,21,3,0,0,2,2,4,3,0,0,2026-08-19 20:00:40.818952+05:30
flipkart,TSHHCKSGABGZAHRG,2026-02-01,2,5,0,1,1,0,0,0,1,1,0,2026-08-19 20:00:40.818952+05:30
flipkart,SRTGSYQGYYGHFF5Y,2026-07-23,1,5,0,0,0,0,1,1,0,0,0,2026-08-19 20:00:40.818952+05:30
flipkart,TKPH2TTMZNKBVN52,2025-09-01,1,5,0,0,0,0,1,1,0,0,0,2026-08-19 20:00:40.818952+05:30
flipkart,FCKGHSGM3GZHG5EE,2026-06-01,1,5,0,0,0,0,1,1,0,0,0,2026-08-19 20:00:40.818952+05:30
flipkart,BXRHFQXCZDYKVXP4,2026-05-01,5,15,1,1,1,1,1,2,2,1,0,2026-08-19 20:00:40.818952+05:30
flipkart,BXRGRFHZCXZP6VP8,2026-08-08,1,5,0,0,0,0,1,1,0,0,0,2026-08-19 20:00:40.818952+05:30
flipkart,BXRHFQXCBDZZKBFW,2026-06-01,8,28,1,1,2,1,3,4,2,2,0,2026-08-19 20:00:40.818952+05:30
flipkart,TSHHCHZP3TPCWQMM,2026-02-01,2,5,0,1,1,0,0,0,1,1,0,2026-08-19 20:00:40.818952+05:30
flipkart,TSHHCKSGFXPPK5GV,2026-02-01,2,5,0,1,1,0,0,0,1,1,0,2026-08-19 20:00:40.818952+05:30
flipkart,BXRH8ZQZMEXQSX4N,2026-05-01,1,5,0,0,0,0,1,1,0,0,0,2026-08-19 20:00:40.818952+05:30
flipkart,BXRGRFHZDKCCHGCH,2026-07-01,4,13,1,0,1,1,1,2,1,1,0,2026-08-19 20:00:40.818952+05:30
flipkart,SRTHDH2JGGZZSZEA,2026-07-07,1,5,0,0,0,0,1,1,0,0,0,2026-08-19 20:00:40.818952+05:30
flipkart,TSHHCHZP3TPCWQMM,2025-09-01,2,8,0,0,1,0,1,1,0,1,0,2026-08-19 20:00:40.818952+05:30
flipkart,TSHHCKSGWNGKY7HH,2026-08-01,1,2,0,1,0,0,0,0,1,0,0,2026-08-19 20:00:40.818952+05:30
flipkart,TSHHCHZPVJAGWTTG,2026-08-01,1,2,0,1,0,0,0,0,1,0,0,2026-08-19 20:00:40.818952+05:30
flipkart,BXRGRFHNAHFPSTSB,2026-02-01,3,11,0,0,2,0,1,1,0,2,0,2026-08-19 20:00:40.818952+05:30
flipkart,BXRGRFHZZKF8JG49,2026-06-01,1,3,0,0,1,0,0,0,0,1,0,2026-08-19 20:00:40.818952+05:30
flipkart,TSHHHJRATZFGHRZ6,2026-06-13,1,3,0,0,1,0,0,0,0,1,0,2026-08-19 20:00:40.818952+05:30
flipkart,SRTHDH2JWSHGP896,2025-10-01,4,20,0,0,0,0,4,4,0,0,0,2026-08-19 20:00:40.818952+05:30
flipkart,BXRGRFHNAHFPSTSB,2026-07-01,4,13,1,0,1,1,1,2,1,1,0,2026-08-19 20:00:40.818952+05:30
flipkart,TSHHCHZPXTGZXVZF,2026-07-22,1,3,0,0,1,0,0,0,0,1,0,2026-08-19 20:00:40.818952+05:30
flipkart,TKPGDC7BBFW3VUZP,2025-09-01,7,33,0,0,0,2,5,7,0,0,0,2026-08-19 20:00:40.818952+05:30
flipkart,TSHHCHZPVJAGWTTG,2026-07-13,1,5,0,0,0,0,1,1,0,0,0,2026-08-19 20:00:40.818952+05:30
flipkart,VESFF2CGQKN2HQCE,2026-07-29,1,5,0,0,0,0,1,1,0,0,0,2026-08-19 20:00:40.818952+05:30
flipkart,BXRGRFHNGYGVXSHX,2026-07-01,4,13,1,0,1,1,1,2,1,1,0,2026-08-19 20:00:40.818952+05:30
flipkart,BXRHFQXCJFMZ8ZPC,2026-03-01,1,4,0,0,0,1,0,1,0,0,0,2026-08-19 20:00:40.818952+05:30
flipkart,BXRH2W5SJRAGFHXT,2025-10-01,4,16,1,0,0,0,3,3,1,0,0,2026-08-19 20:00:40.818952+05:30
flipkart,VESGFCUGVDFNPJDG,2026-07-01,1,4,0,0,0,1,0,1,0,0,0,2026-08-19 20:00:40.818952+05:30
flipkart,SRTHDH2JHYDY2ZF3,2026-07-23,1,5,0,0,0,0,1,1,0,0,0,2026-08-19 20:00:40.818952+05:30
flipkart,SNRGEHFWXXTCVDZM,2026-07-07,1,5,0,0,0,0,1,1,0,0,0,2026-08-19 20:00:40.818952+05:30
flipkart,TSHHCHZPWEDWVFFP,2026-07-26,1,5,0,0,0,0,1,1,0,0,0,2026-08-19 20:00:40.818952+05:30
flipkart,BXRHKFYDXRHJKZQ5,2026-06-21,1,1,1,0,0,0,0,0,1,0,0,2026-08-19 20:00:40.818952+05:30
flipkart,TSHHCHZPNH4VGSJA,2026-07-13,1,5,0,0,0,0,1,1,0,0,0,2026-08-19 20:00:40.818952+05:30
flipkart,SNRE5FB4TUKHY9GR,2026-06-17,1,5,0,0,0,0,1,1,0,0,0,2026-08-19 20:00:40.818952+05:30
flipkart,TSHHCHZPNH4VGSJA,2026-06-30,1,5,0,0,0,0,1,1,0,0,0,2026-08-19 20:00:40.818952+05:30
flipkart,SRTFFFUDS9Q4YWUA,2025-10-01,8,27,3,0,0,1,4,5,3,0,0,2026-08-19 20:00:40.818952+05:30
flipkart,BXRHFQXCH2ZZWNSU,2026-07-01,6,18,2,0,1,2,1,3,2,1,0,2026-08-19 20:00:40.818952+05:30
flipkart,TKPGSYPCX6HYRTNN,2026-02-01,8,30,1,1,1,1,4,5,2,1,0,2026-08-19 20:00:40.818952+05:30
flipkart,TKPH5URAPZJ7TGXZ,2026-07-01,4,18,0,0,1,0,3,3,0,1,0,2026-08-19 20:00:40.818952+05:30
flipkart,TKPGSYPCNTSBCUUV,2026-07-01,4,15,1,0,0,1,2,3,1,0,0,2026-08-19 20:00:40.818952+05:30
flipkart,TKPGSYPCYGWJEACQ,2026-07-26,1,4,0,0,0,1,0,1,0,0,0,2026-08-19 20:00:40.818952+05:30
flipkart,TSHGSUTCU9JSGH44,2026-04-01,3,10,0,0,2,1,0,1,0,2,0,2026-08-19 20:00:40.818952+05:30
flipkart,TSHHG96EU3QTAQYG,2026-07-20,1,4,0,0,0,1,0,1,0,0,0,2026-08-19 20:00:40.818952+05:30
flipkart,TSHGSUTCU9JSGH44,2026-07-12,1,5,0,0,0,0,1,1,0,0,0,2026-08-19 20:00:40.818952+05:30
flipkart,BXRGRFHZHHH9XBES,2026-06-28,1,5,0,0,0,0,1,1,0,0,0,2026-08-19 20:00:40.818952+05:30
flipkart,TSHHHJRARECBQRGY,2026-07-12,1,4,0,0,0,1,0,1,0,0,0,2026-08-19 20:00:40.818952+05:30
flipkart,TKPGTHNYEEK6PNKC,2026-02-01,1,5,0,0,0,0,1,1,0,0,0,2026-08-19 20:00:40.818952+05:30
flipkart,BXRGZJCWYYCZQ9PZ,2025-11-01,12,50,0,1,2,3,6,9,1,2,0,2026-08-19 20:00:40.818952+05:30
flipkart,BXRHC6DYVZD6TGQX,2026-06-29,1,5,0,0,0,0,1,1,0,0,0,2026-08-19 20:00:40.818952+05:30
flipkart,TSHHCKSGAHZZHBTY,2025-10-01,10,29,4,1,0,2,3,5,5,0,0,2026-08-19 20:00:40.818952+05:30
flipkart,TSHHHJRATVMXGFAG,2026-07-12,1,4,0,0,0,1,0,1,0,0,0,2026-08-19 20:00:40.818952+05:30
flipkart,TSHGSUTA9ZWNC3QG,2026-05-01,5,17,2,0,0,0,3,3,2,0,0,2026-08-19 20:00:40.818952+05:30
flipkart,TSHHHJRA9WNSWQEP,2026-06-15,1,5,0,0,0,0,1,1,0,0,0,2026-08-19 20:00:40.818952+05:30
flipkart,VESFF2CGWJDZPPDU,2026-07-11,1,5,0,0,0,0,1,1,0,0,0,2026-08-19 20:00:40.818952+05:30
flipkart,FCKFB5ZT3FMM3MHR,2026-07-01,7,31,0,1,0,1,5,6,1,0,0,2026-08-19 20:00:40.818952+05:30
flipkart,TKPH5URAFZJ9YSGG,2026-06-01,2,4,1,0,1,0,0,0,1,1,0,2026-08-19 20:00:40.818952+05:30
flipkart,BXRHC6DYVZD6TGQX,2026-06-28,1,4,0,0,0,1,0,1,0,0,0,2026-08-19 20:00:40.818952+05:30
flipkart,TSHHHJRA2XFF6ZBX,2026-02-01,1,5,0,0,0,0,1,1,0,0,0,2026-08-19 20:00:40.818952+05:30
flipkart,BXRHFS5FHHMGH7HH,2026-07-12,1,3,0,0,1,0,0,0,0,1,0,2026-08-19 20:00:40.818952+05:30
flipkart,TKPH5URAPZJ7TGXZ,2026-06-01,2,4,1,0,1,0,0,0,1,1,0,2026-08-19 20:00:40.818952+05:30
flipkart,SNRGEHFWXXTCVDZM,2026-08-02,3,13,0,0,1,0,2,2,0,1,0,2026-08-19 20:00:40.818952+05:30
flipkart,TSHHCKSGWQKARXTR,2026-06-01,4,19,0,0,0,1,3,4,0,0,0,2026-08-19 20:00:40.818952+05:30
flipkart,TKPH5URAJGUXT5SG,2026-06-01,2,4,1,0,1,0,0,0,1,1,0,2026-08-19 20:00:40.818952+05:30
flipkart,SNRFEMFYNJHWJ9VG,2026-02-01,2,5,1,0,0,1,0,1,1,0,0,2026-08-19 20:00:40.818952+05:30
flipkart,BXRGRFMQGMZFEGNJ,2026-07-01,4,13,1,0,1,1,1,2,1,1,0,2026-08-19 20:00:40.818952+05:30
flipkart,BXRGRFMQAJVB8HKM,2026-08-07,1,1,1,0,0,0,0,0,1,0,0,2026-08-19 20:00:40.818952+05:30
flipkart,TSHHHJRA8ZMQMYHG,2026-07-09,2,10,0,0,0,0,2,2,0,0,0,2026-08-19 20:00:40.818952+05:30
flipkart,VESGZ9YZBEAPYSSZ,2026-07-13,1,4,0,0,0,1,0,1,0,0,0,2026-08-19 20:00:40.818952+05:30
flipkart,TSHHCHZPYY2A6GA4,2026-07-29,1,5,0,0,0,0,1,1,0,0,0,2026-08-19 20:00:40.818952+05:30
flipkart,TSHHHJRA94PWAYGW,2026-06-29,1,5,0,0,0,0,1,1,0,0,0,2026-08-19 20:00:40.818952+05:30
flipkart,SRTHZA8HNNHSMV8Z,2026-07-26,1,2,0,1,0,0,0,0,1,0,0,2026-08-19 20:00:40.818952+05:30
flipkart,SRTGSYQGZFHM7HB2,2026-07-01,2,9,0,0,0,1,1,2,0,0,0,2026-08-19 20:00:40.818952+05:30
flipkart,BXRHFS5FXZJYNWVT,2026-06-01,5,20,0,1,1,0,3,3,1,1,0,2026-08-19 20:00:40.818952+05:30
flipkart,TSHHCKSGZNZPWUGC,2026-05-01,5,25,0,0,0,0,5,5,0,0,0,2026-08-19 20:00:40.818952+05:30
flipkart,TSHHCKSGM5HEB5FV,2026-07-29,1,5,0,0,0,0,1,1,0,0,0,2026-08-19 20:00:40.818952+05:30
flipkart,BXRGRFHZCXZP6VP8,2026-08-06,1,4,0,0,0,1,0,1,0,0,0,2026-08-19 20:00:40.818952+05:30
flipkart,SRTHDH2JWZAPE9VY,2026-04-01,1,5,0,0,0,0,1,1,0,0,0,2026-08-19 20:00:40.818952+05:30
flipkart,TSHHCKSGPGYUQY9G,2026-06-29,2,6,1,0,0,0,1,1,1,0,0,2026-08-19 20:00:40.818952+05:30
flipkart,TSHHCHZPM8KUMFGH,2025-11-01,4,17,0,0,1,1,2,3,0,1,0,2026-08-19 20:00:40.818952+05:30
flipkart,BXRH2W5SZQ2NVMUV,2026-03-01,1,5,0,0,0,0,1,1,0,0,0,2026-08-19 20:00:40.818952+05:30
flipkart,SRTFEYC4TZKPS3UG,2026-06-29,1,4,0,0,0,1,0,1,0,0,0,2026-08-19 20:00:40.818952+05:30
flipkart,TSHHCKSGSP8GHBJG,2026-07-22,1,3,0,0,1,0,0,0,0,1,0,2026-08-19 20:00:40.818952+05:30
flipkart,TSHHG96E3AHMMXYQ,2026-06-01,2,7,0,1,0,0,1,1,1,0,0,2026-08-19 20:00:40.818952+05:30
flipkart,FCKG75WBJHTKREB8,2026-04-01,1,4,0,0,0,1,0,1,0,0,0,2026-08-19 20:00:40.818952+05:30
flipkart,SNRE5FB4TUKHY9GR,2026-07-09,1,5,0,0,0,0,1,1,0,0,0,2026-08-19 20:00:40.818952+05:30
flipkart,SRTHDH2JGGZZSZEA,2026-07-23,1,5,0,0,0,0,1,1,0,0,0,2026-08-19 20:00:40.818952+05:30
flipkart,SRTGSYQGZFHM7HB2,2025-12-01,2,9,0,0,0,1,1,2,0,0,0,2026-08-19 20:00:40.818952+05:30
flipkart,VESFF2CGGBDCRHFC,2026-03-01,1,4,0,0,0,1,0,1,0,0,0,2026-08-19 20:00:40.818952+05:30
flipkart,TKPG38GF3GZCVMU5,2025-09-01,1,5,0,0,0,0,1,1,0,0,0,2026-08-19 20:00:40.818952+05:30
flipkart,TSHHCHZPXTGZXVZF,2025-11-01,4,17,0,0,1,1,2,3,0,1,0,2026-08-19 20:00:40.818952+05:30
flipkart,VESFF2CGG3ZMAYYC,2026-06-15,1,5,0,0,0,0,1,1,0,0,0,2026-08-19 20:00:40.818952+05:30
flipkart,TSHHZ7ZGMW2QH9AX,2026-07-01,1,1,1,0,0,0,0,0,1,0,0,2026-08-19 20:00:40.818952+05:30
flipkart,TKPGTHNYEEK6PNKC,2026-07-16,1,5,0,0,0,0,1,1,0,0,0,2026-08-19 20:00:40.818952+05:30
flipkart,SRTFEYC4J3YQFBHE,2026-07-01,2,9,0,0,0,1,1,2,0,0,0,2026-08-19 20:00:40.818952+05:30
flipkart,BXRHC6DY55BHVQQW,2026-04-01,2,6,0,0,2,0,0,0,0,2,0,2026-08-19 20:00:40.818952+05:30
flipkart,SOCH7KSZXDZQHQGG,2026-07-01,1,5,0,0,0,0,1,1,0,0,0,2026-08-19 20:00:40.818952+05:30
flipkart,BXRGRFMQXVGVCHTX,2026-08-06,1,4,0,0,0,1,0,1,0,0,0,2026-08-19 20:00:40.818952+05:30
flipkart,BXRHFQXCJSCCGJ6J,2026-01-01,5,22,0,0,1,1,3,4,0,1,0,2026-08-19 20:00:40.818952+05:30
flipkart,TKPH5URAWVHYBZHU,2026-06-25,1,5,0,0,0,0,1,1,0,0,0,2026-08-19 20:00:40.818952+05:30
flipkart,TSHHCHZPM8KUMFGH,2026-06-01,4,19,0,0,0,1,3,4,0,0,0,2026-08-19 20:00:40.818952+05:30
flipkart,BXRH2W5SF88MYEM4,2026-07-19,1,1,1,0,0,0,0,0,1,0,0,2026-08-19 20:00:40.818952+05:30
flipkart,TSHHHJRAWDVUHWBJ,2026-06-15,1,5,0,0,0,0,1,1,0,0,0,2026-08-19 20:00:40.818952+05:30
flipkart,TSHHCHZPWEDWVFFP,2026-06-01,4,19,0,0,0,1,3,4,0,0,0,2026-08-19 20:00:40.818952+05:30
flipkart,TSHHG96E34GYMJQV,2026-07-22,1,4,0,0,0,1,0,1,0,0,0,2026-08-19 20:00:40.818952+05:30
flipkart,TSHHCHZPFQEVEAQQ,2026-06-30,1,5,0,0,0,0,1,1,0,0,0,2026-08-19 20:00:40.818952+05:30
flipkart,SRTH6AFXGZGAQBMS,2025-11-01,5,23,0,0,0,2,3,5,0,0,0,2026-08-19 20:00:40.818952+05:30
flipkart,BXRHC6DYCZYBRFTQ,2026-03-01,1,4,0,0,0,1,0,1,0,0,0,2026-08-19 20:00:40.818952+05:30
flipkart,TKPH2TTMHPSWMWGJ,2026-07-01,1,5,0,0,0,0,1,1,0,0,0,2026-08-19 20:00:40.818952+05:30
flipkart,TSHGSUTBS8NCZWX2,2026-06-01,2,7,0,1,0,0,1,1,1,0,0,2026-08-19 20:00:40.818952+05:30
flipkart,TKPH2TTM8RYBXMGR,2026-06-01,1,3,0,0,1,0,0,0,0,1,0,2026-08-19 20:00:40.818952+05:30
flipkart,TSHHHJRARECBQRGY,2026-06-15,1,5,0,0,0,0,1,1,0,0,0,2026-08-19 20:00:40.818952+05:30
flipkart,VESFF2CGV9KVUF73,2026-07-13,1,5,0,0,0,0,1,1,0,0,0,2026-08-19 20:00:40.818952+05:30
flipkart,TSHHCHZPWEDWVFFP,2025-09-01,2,8,0,0,1,0,1,1,0,1,0,2026-08-19 20:00:40.818952+05:30
flipkart,TKPHZTUBSKZYKYGY,2026-01-01,9,27,1,4,0,2,2,4,5,0,0,2026-08-19 20:00:40.818952+05:30
flipkart,TKPGSYPCNTSBCUUV,2026-01-01,15,50,2,3,1,6,3,9,5,1,0,2026-08-19 20:00:40.818952+05:30
flipkart,TKPGFQNDGFD8NKG6,2026-06-21,1,3,0,0,1,0,0,0,0,1,0,2026-08-19 20:00:40.818952+05:30
flipkart,SRTHDH2J2ZEZZYYT,2026-01-01,2,10,0,0,0,0,2,2,0,0,0,2026-08-19 20:00:40.818952+05:30
flipkart,TSHHCKSGZNZPWUGC,2026-06-29,1,1,1,0,0,0,0,0,1,0,0,2026-08-19 20:00:40.818952+05:30
flipkart,SRTHDH2JJY3GGYAD,2025-10-01,4,20,0,0,0,0,4,4,0,0,0,2026-08-19 20:00:40.818952+05:30
flipkart,BXRHFQXCH2ZZWNSU,2026-07-24,1,5,0,0,0,0,1,1,0,0,0,2026-08-19 20:00:40.818952+05:30
flipkart,VESFF2CGV9KVUF73,2026-07-01,2,10,0,0,0,0,2,2,0,0,0,2026-08-19 20:00:40.818952+05:30
flipkart,BXRHFQXCJFMZ8ZPC,2026-06-01,8,28,1,1,2,1,3,4,2,2,0,2026-08-19 20:00:40.818952+05:30
flipkart,TSHHHJRAAHQGWZMX,2026-07-15,1,5,0,0,0,0,1,1,0,0,0,2026-08-19 20:00:40.818952+05:30
flipkart,TSHGSUTBY85HUUTX,2026-06-01,4,17,0,1,0,0,3,3,1,0,0,2026-08-19 20:00:40.818952+05:30
flipkart,BXRHC6D3GGAB6HGP,2026-06-29,1,5,0,0,0,0,1,1,0,0,0,2026-08-19 20:00:40.818952+05:30
flipkart,TSHHHJRA9WNSWQEP,2026-06-13,1,3,0,0,1,0,0,0,0,1,0,2026-08-19 20:00:40.818952+05:30
flipkart,TSHHCHZPXTGZXVZF,2026-07-13,1,5,0,0,0,0,1,1,0,0,0,2026-08-19 20:00:40.818952+05:30
flipkart,TSHHCHZP8YHX8CBY,2026-07-29,1,5,0,0,0,0,1,1,0,0,0,2026-08-19 20:00:40.818952+05:30
flipkart,TKPGDC7BHZZQKEX6,2026-01-01,15,50,2,3,1,6,3,9,5,1,0,2026-08-19 20:00:40.818952+05:30
flipkart,TSHHCKSGSZFNEFAY,2025-09-01,2,8,0,0,1,0,1,1,0,1,0,2026-08-19 20:00:40.818952+05:30
flipkart,TSHHCKSGU77X4FDT,2026-06-29,2,6,1,0,0,0,1,1,1,0,0,2026-08-19 20:00:40.818952+05:30
flipkart,BXRGZJCWYYCZQ9PZ,2025-10-01,27,102,2,4,5,3,13,16,6,5,0,2026-08-19 20:00:40.818952+05:30
flipkart,TSHHCKSGSP8GHBJG,2025-11-01,4,17,0,0,1,1,2,3,0,1,0,2026-08-19 20:00:40.818952+05:30
flipkart,TSHHG96EEHFKFUXY,2026-08-09,1,5,0,0,0,0,1,1,0,0,0,2026-08-19 20:00:40.818952+05:30
flipkart,TSHGSUTBCYM82QFQ,2026-07-09,1,5,0,0,0,0,1,1,0,0,0,2026-08-19 20:00:40.818952+05:30
flipkart,TSHHHJRASMKXNJYD,2026-06-17,1,2,0,1,0,0,0,0,1,0,0,2026-08-19 20:00:40.818952+05:30
flipkart,TSHHHJRAVFNZGNFF,2026-08-03,1,5,0,0,0,0,1,1,0,0,0,2026-08-19 20:00:40.818952+05:30
flipkart,TKPGTHNYXKPURXZD,2025-10-01,1,5,0,0,0,0,1,1,0,0,0,2026-08-19 20:00:40.818952+05:30
flipkart,BXRHC6DFE3JTKT5S,2026-01-01,4,19,0,0,0,1,3,4,0,0,0,2026-08-19 20:00:40.818952+05:30
flipkart,BXRGRFMQYKUB9K5S,2026-02-01,3,11,0,0,2,0,1,1,0,2,0,2026-08-19 20:00:40.818952+05:30
flipkart,FCKFAGAYGGYMEWQT,2026-06-19,2,10,0,0,0,0,2,2,0,0,0,2026-08-19 20:00:40.818952+05:30
flipkart,BXRHC6DY55BHVQQW,2026-07-24,1,5,0,0,0,0,1,1,0,0,0,2026-08-19 20:00:40.818952+05:30
flipkart,TSHHCKSGSZFNEFAY,2026-04-01,2,10,0,0,0,0,2,2,0,0,0,2026-08-19 20:00:40.818952+05:30
flipkart,TSHHCKSGYZBSAB3B,2026-07-26,1,5,0,0,0,0,1,1,0,0,0,2026-08-19 20:00:40.818952+05:30
flipkart,TKPH5URAWVHYBZHU,2026-04-01,3,9,0,1,1,1,0,1,1,1,0,2026-08-19 20:00:40.818952+05:30
flipkart,TSHHCKSGU77X4FDT,2026-08-01,1,2,0,1,0,0,0,0,1,0,0,2026-08-19 20:00:40.818952+05:30
flipkart,BXRHC6DFMKDBBHTH,2026-06-04,1,3,0,0,1,0,0,0,0,1,0,2026-08-19 20:00:40.818952+05:30
flipkart,BXRHFQXCZDYKVXP4,2026-06-01,8,28,1,1,2,1,3,4,2,2,0,2026-08-19 20:00:40.818952+05:30
flipkart,FCKF66QFWW2WHSW8,2026-07-06,1,3,0,0,1,0,0,0,0,1,0,2026-08-19 20:00:40.818952+05:30
flipkart,TSHHHJRA2XFF6ZBX,2026-06-29,1,5,0,0,0,0,1,1,0,0,0,2026-08-19 20:00:40.818952+05:30
flipkart,TSHHHJRATVMXGFAG,2026-07-09,2,10,0,0,0,0,2,2,0,0,0,2026-08-19 20:00:40.818952+05:30
flipkart,SRTFFFUDKHADW5AT,2026-04-01,1,2,0,1,0,0,0,0,1,0,0,2026-08-19 20:00:40.818952+05:30
flipkart,BXRGRFHZNQNZARUM,2026-05-01,1,3,0,0,1,0,0,0,0,1,0,2026-08-19 20:00:40.818952+05:30
flipkart,TSHHCKSGSP8GHBJG,2026-07-29,1,5,0,0,0,0,1,1,0,0,0,2026-08-19 20:00:40.818952+05:30
flipkart,SRTFFFUDPECZJGJN,2026-04-01,1,2,0,1,0,0,0,0,1,0,0,2026-08-19 20:00:40.818952+05:30
flipkart,TSHGSUTA9ZWNC3QG,2026-02-01,3,7,2,0,0,0,1,1,2,0,0,2026-08-19 20:00:40.818952+05:30
flipkart,TSHGSUT86EGTBTMZ,2026-06-06,1,5,0,0,0,0,1,1,0,0,0,2026-08-19 20:00:40.818952+05:30
flipkart,SNRGEHFWXXTCVDZM,2026-03-01,8,37,0,0,1,1,6,7,0,1,0,2026-08-19 20:00:40.818952+05:30
flipkart,TSHHHJRAVFNZGNFF,2026-07-25,2,8,0,0,0,2,0,2,0,0,0,2026-08-19 20:00:40.818952+05:30
flipkart,TSHHHJRARECBQRGY,2026-07-24,2,10,0,0,0,0,2,2,0,0,0,2026-08-19 20:00:40.818952+05:30
flipkart,FCKFB5ZT3FMM3MHR,2026-07-27,1,5,0,0,0,0,1,1,0,0,0,2026-08-19 20:00:40.818952+05:30
flipkart,TKPHZTUBTRJGZ4RZ,2026-02-01,7,21,3,0,0,2,2,4,3,0,0,2026-08-19 20:00:40.818952+05:30
flipkart,TSHHCHZPM8KUMFGH,2026-03-01,1,5,0,0,0,0,1,1,0,0,0,2026-08-19 20:00:40.818952+05:30
flipkart,TSHHCHZPYY2A6GA4,2026-07-28,1,5,0,0,0,0,1,1,0,0,0,2026-08-19 20:00:40.818952+05:30
flipkart,TSHHCHZPYY2A6GA4,2025-11-01,4,17,0,0,1,1,2,3,0,1,0,2026-08-19 20:00:40.818952+05:30
flipkart,TSHHHJRAWDVUHWBJ,2026-06-13,1,3,0,0,1,0,0,0,0,1,0,2026-08-19 20:00:40.818952+05:30
flipkart,SRTFFFUDBDKVKAHP,2025-09-01,2,10,0,0,0,0,2,2,0,0,0,2026-08-19 20:00:40.818952+05:30
flipkart,SOCH7KSZXDZQHQGG,2026-02-01,1,5,0,0,0,0,1,1,0,0,0,2026-08-19 20:00:40.818952+05:30
flipkart,TKPH2TTMVVEKXDX4,2026-01-01,4,17,0,1,0,0,3,3,1,0,0,2026-08-19 20:00:40.818952+05:30
flipkart,BXRHFQXCJSCCGJ6J,2026-07-24,1,5,0,0,0,0,1,1,0,0,0,2026-08-19 20:00:40.818952+05:30
flipkart,TSHHHJRA94PWAYGW,2026-07-20,1,4,0,0,0,1,0,1,0,0,0,2026-08-19 20:00:40.818952+05:30
flipkart,SRTGSYQGYYGHFF5Y,2026-06-29,1,4,0,0,0,1,0,1,0,0,0,2026-08-19 20:00:40.818952+05:30
flipkart,SRTGSYQGYYGHFF5Y,2026-07-14,1,5,0,0,0,0,1,1,0,0,0,2026-08-19 20:00:40.818952+05:30
flipkart,VESGFCUGGDGPQ5HR,2026-01-01,1,5,0,0,0,0,1,1,0,0,0,2026-08-19 20:00:40.818952+05:30
flipkart,TSHHCKSGSZFNEFAY,2026-07-01,4,14,1,0,0,2,1,3,1,0,0,2026-08-19 20:00:40.818952+05:30
flipkart,SNRE5FB4TUKHY9GR,2026-07-13,1,5,0,0,0,0,1,1,0,0,0,2026-08-19 20:00:40.818952+05:30
flipkart,BXRH2W5SSU8DYVH5,2026-05-01,1,5,0,0,0,0,1,1,0,0,0,2026-08-19 20:00:40.818952+05:30
flipkart,FCKFB5ZT3FMM3MHR,2026-06-08,1,2,0,1,0,0,0,0,1,0,0,2026-08-19 20:00:40.818952+05:30
flipkart,TSHHCHZPCTKYBK4A,2026-06-13,1,4,0,0,0,1,0,1,0,0,0,2026-08-19 20:00:40.818952+05:30
flipkart,BXRGRFMQYHQS4BM7,2025-11-01,3,12,0,0,1,1,1,2,0,1,0,2026-08-19 20:00:40.818952+05:30
flipkart,SRTHZA67CMV4HG5P,2026-07-13,1,5,0,0,0,0,1,1,0,0,0,2026-08-19 20:00:40.818952+05:30
flipkart,TSHHCKSGZNZPWUGC,2026-07-29,1,5,0,0,0,0,1,1,0,0,0,2026-08-19 20:00:40.818952+05:30
flipkart,TSHHCKSGYZBSAB3B,2026-08-03,1,1,1,0,0,0,0,0,1,0,0,2026-08-19 20:00:40.818952+05:30
flipkart,FCKF3RF9ZJ5BEHGD,2026-01-01,1,5,0,0,0,0,1,1,0,0,0,2026-08-19 20:00:40.818952+05:30
flipkart,SRTFFFUDPECZJGJN,2026-06-01,1,5,0,0,0,0,1,1,0,0,0,2026-08-19 20:00:40.818952+05:30
flipkart,BXRGRFMQHQHQPFJZ,2025-11-01,3,12,0,0,1,1,1,2,0,1,0,2026-08-19 20:00:40.818952+05:30
flipkart,SNRE5FB4TUKHY9GR,2026-07-29,1,4,0,0,0,1,0,1,0,0,0,2026-08-19 20:00:40.818952+05:30
flipkart,TSHHCHZPAD7JCGRK,2025-10-01,10,29,4,1,0,2,3,5,5,0,0,2026-08-19 20:00:40.818952+05:30
flipkart,TSHGSUTCQHTXPU7T,2026-07-12,1,5,0,0,0,0,1,1,0,0,0,2026-08-19 20:00:40.818952+05:30
flipkart,BXRH2W5SSXWGWGSD,2025-09-01,2,8,0,0,1,0,1,1,0,1,0,2026-08-19 20:00:40.818952+05:30
flipkart,SRTFEYC4J3YQFBHE,2025-11-01,5,23,0,0,0,2,3,5,0,0,0,2026-08-19 20:00:40.818952+05:30
flipkart,BXRH2W5SF88MYEM4,2026-07-08,1,5,0,0,0,0,1,1,0,0,0,2026-08-19 20:00:40.818952+05:30
flipkart,BXRH2W5SWTEMKHPG,2026-07-19,1,1,1,0,0,0,0,0,1,0,0,2026-08-19 20:00:40.818952+05:30
flipkart,SRTHDH2JGFCMMGZK,2026-07-23,1,5,0,0,0,0,1,1,0,0,0,2026-08-19 20:00:40.818952+05:30
flipkart,SRTFFFUDBDKVKAHP,2026-04-01,1,2,0,1,0,0,0,0,1,0,0,2026-08-19 20:00:40.818952+05:30
flipkart,BXRH2W5SGPFYRGVV,2026-07-26,1,5,0,0,0,0,1,1,0,0,0,2026-08-19 20:00:40.818952+05:30
flipkart,SRTFFFUDKHADW5AT,2026-05-01,2,10,0,0,0,0,2,2,0,0,0,2026-08-19 20:00:40.818952+05:30
flipkart,TSHHHJRA2XFF6ZBX,2026-07-23,2,10,0,0,0,0,2,2,0,0,0,2026-08-19 20:00:40.818952+05:30
flipkart,TSHHHJRAVFNZGNFF,2026-02-01,1,5,0,0,0,0,1,1,0,0,0,2026-08-19 20:00:40.818952+05:30
flipkart,BXRHC6D3GGAB6HGP,2026-07-24,1,5,0,0,0,0,1,1,0,0,0,2026-08-19 20:00:40.818952+05:30
flipkart,TKPGTHNYXKPURXZD,2025-12-01,1,2,0,1,0,0,0,0,1,0,0,2026-08-19 20:00:40.818952+05:30
flipkart,BXRH2W5SF88MYEM4,2026-07-01,2,6,1,0,0,0,1,1,1,0,0,2026-08-19 20:00:40.818952+05:30
flipkart,BXRHC6D3GGAB6HGP,2026-06-01,7,27,0,1,2,1,3,4,1,2,0,2026-08-19 20:00:40.818952+05:30
flipkart,SRTFEYC44SNDHXKZ,2026-07-01,2,9,0,0,0,1,1,2,0,0,0,2026-08-19 20:00:40.818952+05:30
flipkart,TSHHCKSGYZBSAB3B,2025-09-01,2,8,0,0,1,0,1,1,0,1,0,2026-08-19 20:00:40.818952+05:30
flipkart,TKPG38GF3GZCVMU5,2025-10-01,16,67,0,1,2,6,7,13,1,2,0,2026-08-19 20:00:40.818952+05:30
flipkart,FCKFFGVX9NEVKSKT,2026-07-01,2,8,0,0,0,2,0,2,0,0,0,2026-08-19 20:00:40.818952+05:30
flipkart,BXRGRFMQHQHQPFJZ,2026-07-20,1,1,1,0,0,0,0,0,1,0,0,2026-08-19 20:00:40.818952+05:30
flipkart,TSHHHJRA8C7ZXDW3,2026-04-01,1,1,1,0,0,0,0,0,1,0,0,2026-08-19 20:00:40.818952+05:30
flipkart,TSHHHJRAJZ9W3CHJ,2026-06-13,1,3,0,0,1,0,0,0,0,1,0,2026-08-19 20:00:40.818952+05:30
flipkart,TSHGSUTA9ZWNC3QG,2025-11-01,4,20,0,0,0,0,4,4,0,0,0,2026-08-19 20:00:40.818952+05:30
flipkart,VESGFCUG9YG7SU2Y,2026-04-01,1,5,0,0,0,0,1,1,0,0,0,2026-08-19 20:00:40.818952+05:30
flipkart,TSHHHJRATZFGHRZ6,2026-07-24,2,10,0,0,0,0,2,2,0,0,0,2026-08-19 20:00:40.818952+05:30
flipkart,TSHHHGZVQAHNTA5X,2026-07-01,2,9,0,0,0,1,1,2,0,0,0,2026-08-19 20:00:40.818952+05:30
flipkart,BXRHFS5FHHMGH7HH,2026-07-09,1,4,0,0,0,1,0,1,0,0,0,2026-08-19 20:00:40.818952+05:30
flipkart,TSHHHJRAZY3BXMSE,2026-07-25,2,8,0,0,0,2,0,2,0,0,0,2026-08-19 20:00:40.818952+05:30
flipkart,TKPGTHNYXKPURXZD,2026-07-15,1,5,0,0,0,0,1,1,0,0,0,2026-08-19 20:00:40.818952+05:30
flipkart,TSHHCKSGABGZAHRG,2026-06-13,1,4,0,0,0,1,0,1,0,0,0,2026-08-19 20:00:40.818952+05:30
flipkart,TKPH8MTJ687ZET8H,2026-07-01,2,8,0,0,0,2,0,2,0,0,0,2026-08-19 20:00:40.818952+05:30
flipkart,TKPGTHNYFGUCTHDE,2026-07-15,1,5,0,0,0,0,1,1,0,0,0,2026-08-19 20:00:40.818952+05:30
flipkart,TSHH8NR5R9KTDJQW,2025-11-01,4,20,0,0,0,0,4,4,0,0,0,2026-08-19 20:00:40.818952+05:30
flipkart,TSHHHJRA2XFF6ZBX,2026-06-15,1,5,0,0,0,0,1,1,0,0,0,2026-08-19 20:00:40.818952+05:30
flipkart,TKPGDC7BNJTFHSJS,2025-09-01,7,33,0,0,0,2,5,7,0,0,0,2026-08-19 20:00:40.818952+05:30
flipkart,TSHHCHZPHWHEZWQQ,2026-08-03,1,1,1,0,0,0,0,0,1,0,0,2026-08-19 20:00:40.818952+05:30
flipkart,TSHHCKSGWNGKY7HH,2026-07-01,4,14,1,0,0,2,1,3,1,0,0,2026-08-19 20:00:40.818952+05:30
flipkart,BXRGRFMQXVGVCHTX,2026-06-28,1,5,0,0,0,0,1,1,0,0,0,2026-08-19 20:00:40.818952+05:30
flipkart,SOCH8ERGSC6PEHZF,2026-02-01,1,5,0,0,0,0,1,1,0,0,0,2026-08-19 20:00:40.818952+05:30
flipkart,TSHHHJRATZFGHRZ6,2026-06-16,1,5,0,0,0,0,1,1,0,0,0,2026-08-19 20:00:40.818952+05:30
flipkart,BXRGRFHZNQNZARUM,2026-08-06,1,4,0,0,0,1,0,1,0,0,0,2026-08-19 20:00:40.818952+05:30
flipkart,TSHHZ7ZH2BBUTKXZ,2026-07-01,1,1,1,0,0,0,0,0,1,0,0,2026-08-19 20:00:40.818952+05:30
flipkart,TSHHHJRA8C7ZXDW3,2026-08-03,1,5,0,0,0,0,1,1,0,0,0,2026-08-19 20:00:40.818952+05:30
flipkart,SRTGSYQGDJQ4FYCH,2026-06-29,1,4,0,0,0,1,0,1,0,0,0,2026-08-19 20:00:40.818952+05:30
flipkart,TKPGSYPCXUARRUMY,2026-07-31,1,4,0,0,0,1,0,1,0,0,0,2026-08-19 20:00:40.818952+05:30
flipkart,TSHHCHZPM8KUMFGH,2026-06-30,1,5,0,0,0,0,1,1,0,0,0,2026-08-19 20:00:40.818952+05:30
flipkart,BXRH2W5SWTEMKHPG,2025-11-01,2,9,0,0,0,1,1,2,0,0,0,2026-08-19 20:00:40.818952+05:30
flipkart,TSHHCHZPCTKYBK4A,2026-07-29,1,5,0,0,0,0,1,1,0,0,0,2026-08-19 20:00:40.818952+05:30
flipkart,BXRHC6DFCRBPKEPH,2026-06-04,1,3,0,0,1,0,0,0,0,1,0,2026-08-19 20:00:40.818952+05:30
flipkart,TSHHCKSGZNZPWUGC,2025-09-01,2,8,0,0,1,0,1,1,0,1,0,2026-08-19 20:00:40.818952+05:30
flipkart,TSHHHJRAHXY4F7PK,2026-07-11,1,5,0,0,0,0,1,1,0,0,0,2026-08-19 20:00:40.818952+05:30
flipkart,BXRGRFMQYHQS4BM7,2026-07-08,1,1,1,0,0,0,0,0,1,0,0,2026-08-19 20:00:40.818952+05:30
flipkart,TSHHHJRASMKXNJYD,2026-07-23,1,5,0,0,0,0,1,1,0,0,0,2026-08-19 20:00:40.818952+05:30
flipkart,SRTHDH2JWSHGP896,2026-04-01,1,5,0,0,0,0,1,1,0,0,0,2026-08-19 20:00:40.818952+05:30
flipkart,TSHHHJRA8C7ZXDW3,2026-07-09,2,10,0,0,0,0,2,2,0,0,0,2026-08-19 20:00:40.818952+05:30
flipkart,BXRGZJCWYYCZQ9PZ,2026-06-22,1,5,0,0,0,0,1,1,0,0,0,2026-08-19 20:00:40.818952+05:30
flipkart,TSHHHJRATVMXGFAG,2026-06-29,1,5,0,0,0,0,1,1,0,0,0,2026-08-19 20:00:40.818952+05:30
flipkart,TSHHG96E34GYMJQV,2026-06-05,1,5,0,0,0,0,1,1,0,0,0,2026-08-19 20:00:40.818952+05:30
flipkart,TSHHHJRAVFNZGNFF,2026-06-29,1,5,0,0,0,0,1,1,0,0,0,2026-08-19 20:00:40.818952+05:30
flipkart,BXRHC6DFE3JTKT5S,2026-08-04,1,4,0,0,0,1,0,1,0,0,0,2026-08-19 20:00:40.818952+05:30
flipkart,SRTGSYQGKBHXGKWV,2025-10-01,4,20,0,0,0,0,4,4,0,0,0,2026-08-19 20:00:40.818952+05:30
flipkart,BXRHC6DY55BHVQQW,2026-05-01,4,11,1,1,1,0,1,1,2,1,0,2026-08-19 20:00:40.818952+05:30
flipkart,SRTFFFUDGCPVKPJS,2025-11-01,3,14,0,0,0,1,2,3,0,0,0,2026-08-19 20:00:40.818952+05:30
flipkart,TSHHCKSGSP8GHBJG,2026-08-01,1,2,0,1,0,0,0,0,1,0,0,2026-08-19 20:00:40.818952+05:30
flipkart,TSHGSUTBS8NCZWX2,2026-06-05,1,5,0,0,0,0,1,1,0,0,0,2026-08-19 20:00:40.818952+05:30
flipkart,TSHHCHZP8YHX8CBY,2026-08-03,1,1,1,0,0,0,0,0,1,0,0,2026-08-19 20:00:40.818952+05:30
flipkart,TSHHCHZPFQEVEAQQ,2026-07-29,1,5,0,0,0,0,1,1,0,0,0,2026-08-19 20:00:40.818952+05:30
flipkart,TSHHCHZPFQEVEAQQ,2026-02-01,2,5,0,1,1,0,0,0,1,1,0,2026-08-19 20:00:40.818952+05:30
flipkart,SRTHDH2J4RH3QHCM,2026-04-01,1,5,0,0,0,0,1,1,0,0,0,2026-08-19 20:00:40.818952+05:30
flipkart,BXRGRFHZZKF8JG49,2026-07-24,1,5,0,0,0,0,1,1,0,0,0,2026-08-19 20:00:40.818952+05:30
flipkart,TSHHHGZVQAHNTA5X,2026-07-21,1,4,0,0,0,1,0,1,0,0,0,2026-08-19 20:00:40.818952+05:30
flipkart,TSHGSUTA9PJHYHWD,2026-06-05,1,5,0,0,0,0,1,1,0,0,0,2026-08-19 20:00:40.818952+05:30
flipkart,TKPGTHNYEEK6PNKC,2026-07-15,1,5,0,0,0,0,1,1,0,0,0,2026-08-19 20:00:40.818952+05:30
flipkart,TKPGDC7BHZZQKEX6,2025-11-01,28,115,3,0,2,9,14,23,3,2,0,2026-08-19 20:00:40.818952+05:30
flipkart,BXRHC6DY55BHVQQW,2026-07-09,1,4,0,0,0,1,0,1,0,0,0,2026-08-19 20:00:40.818952+05:30
flipkart,TSHHG6YYPJ4EDB2H,2026-07-14,1,4,0,0,0,1,0,1,0,0,0,2026-08-19 20:00:40.818952+05:30
flipkart,TSHHCHZP3TPCWQMM,2025-10-01,10,29,4,1,0,2,3,5,5,0,0,2026-08-19 20:00:40.818952+05:30
flipkart,TSHHCKSGFXPPK5GV,2026-06-30,1,5,0,0,0,0,1,1,0,0,0,2026-08-19 20:00:40.818952+05:30
flipkart,TSHHCHZPSYNBHGNM,2026-08-03,1,1,1,0,0,0,0,0,1,0,0,2026-08-19 20:00:40.818952+05:30
flipkart,TKPGSYPCBFKNUZ7W,2025-09-01,7,33,0,0,0,2,5,7,0,0,0,2026-08-19 20:00:40.818952+05:30
flipkart,TSHHG96EEHFKFUXY,2025-11-01,4,20,0,0,0,0,4,4,0,0,0,2026-08-19 20:00:40.818952+05:30
flipkart,BXRHFQXCBDZZKBFW,2026-06-28,1,4,0,0,0,1,0,1,0,0,0,2026-08-19 20:00:40.818952+05:30
flipkart,PYJH2TWEBUFSRDZ3,2026-05-01,1,3,0,0,1,0,0,0,0,1,0,2026-08-19 20:00:40.818952+05:30
flipkart,TSHHHJRAHXY4F7PK,2026-06-29,1,5,0,0,0,0,1,1,0,0,0,2026-08-19 20:00:40.818952+05:30
flipkart,SRTHDH2JU8TN9A2F,2026-07-07,1,5,0,0,0,0,1,1,0,0,0,2026-08-19 20:00:40.818952+05:30
flipkart,SNRGEMJDBHBCNYCF,2026-06-08,1,5,0,0,0,0,1,1,0,0,0,2026-08-19 20:00:40.818952+05:30
flipkart,TSHHHJRA94PWAYGW,2026-07-01,14,62,0,1,2,1,10,11,1,2,0,2026-08-19 20:00:40.818952+05:30
flipkart,TSHGSUTA9ZWNC3QG,2026-07-20,1,4,0,0,0,1,0,1,0,0,0,2026-08-19 20:00:40.818952+05:30
flipkart,TKPH5URAJGUXT5SG,2026-07-10,1,5,0,0,0,0,1,1,0,0,0,2026-08-19 20:00:40.818952+05:30
flipkart,SRTHDH2JUCVYW4FZ,2026-06-29,1,4,0,0,0,1,0,1,0,0,0,2026-08-19 20:00:40.818952+05:30
flipkart,SRTGSYQG33X94BQH,2026-07-23,1,5,0,0,0,0,1,1,0,0,0,2026-08-19 20:00:40.818952+05:30
flipkart,BXRGRFHZNQNZARUM,2026-07-08,1,1,1,0,0,0,0,0,1,0,0,2026-08-19 20:00:40.818952+05:30
flipkart,BXRGRFHZE7HPWZVS,2026-07-23,1,5,0,0,0,0,1,1,0,0,0,2026-08-19 20:00:40.818952+05:30
flipkart,TKPH2TTMVVEKXDX4,2026-07-01,1,1,1,0,0,0,0,0,1,0,0,2026-08-19 20:00:40.818952+05:30
flipkart,BXRH2W5SSXWGWGSD,2026-04-01,1,2,0,1,0,0,0,0,1,0,0,2026-08-19 20:00:40.818952+05:30
flipkart,TSHHHJRANNWPSFHF,2026-07-25,2,8,0,0,0,2,0,2,0,0,0,2026-08-19 20:00:40.818952+05:30
flipkart,TKPG38GFGWZYHEA9,2026-02-01,7,21,3,0,0,2,2,4,3,0,0,2026-08-19 20:00:40.818952+05:30
flipkart,FCKFAG9QPJGNGM9T,2026-07-01,1,5,0,0,0,0,1,1,0,0,0,2026-08-19 20:00:40.818952+05:30
flipkart,TKPGSYPCTDHAGPFB,2026-07-01,4,15,1,0,0,1,2,3,1,0,0,2026-08-19 20:00:40.818952+05:30
flipkart,TSHHHJRARECBQRGY,2026-06-13,1,3,0,0,1,0,0,0,0,1,0,2026-08-19 20:00:40.818952+05:30
flipkart,BXRGRFHZZKF8JG49,2026-07-21,1,5,0,0,0,0,1,1,0,0,0,2026-08-19 20:00:40.818952+05:30
flipkart,TKPH8MTXXNY2H39G,2026-06-15,1,1,1,0,0,0,0,0,1,0,0,2026-08-19 20:00:40.818952+05:30
flipkart,BRFFFFSVZH5NTPFM,2026-06-21,1,1,1,0,0,0,0,0,1,0,0,2026-08-19 20:00:40.818952+05:30
flipkart,BXRHFQXCVGA9H3CZ,2026-07-10,1,1,1,0,0,0,0,0,1,0,0,2026-08-19 20:00:40.818952+05:30
flipkart,BXRH2W5SJRAGFHXT,2026-06-01,1,1,1,0,0,0,0,0,1,0,0,2026-08-19 20:00:40.818952+05:30
flipkart,TSHHHJRA2XFF6ZBX,2026-06-13,1,3,0,0,1,0,0,0,0,1,0,2026-08-19 20:00:40.818952+05:30
flipkart,BXRGRFHZDKCCHGCH,2026-07-09,1,1,1,0,0,0,0,0,1,0,0,2026-08-19 20:00:40.818952+05:30
flipkart,TKPH8MTXEAJDTQQB,2026-06-13,1,4,0,0,0,1,0,1,0,0,0,2026-08-19 20:00:40.818952+05:30
flipkart,TSHHCKSGPGYUQY9G,2025-09-01,2,8,0,0,1,0,1,1,0,1,0,2026-08-19 20:00:40.818952+05:30
flipkart,TSHHCHZPSYNBHGNM,2025-11-01,4,17,0,0,1,1,2,3,0,1,0,2026-08-19 20:00:40.818952+05:30
flipkart,SRTFFFUDEG5GPAZ3,2025-12-01,1,5,0,0,0,0,1,1,0,0,0,2026-08-19 20:00:40.818952+05:30
flipkart,BXRGRFHZ8VB6UZR3,2026-07-24,1,5,0,0,0,0,1,1,0,0,0,2026-08-19 20:00:40.818952+05:30
flipkart,BXRHFS5FHHMGH7HH,2026-05-01,5,15,1,1,1,1,1,2,2,1,0,2026-08-19 20:00:40.818952+05:30
flipkart,TSHHCKSGABGZAHRG,2026-08-03,1,1,1,0,0,0,0,0,1,0,0,2026-08-19 20:00:40.818952+05:30
flipkart,BXRGRFHZCXZP6VP8,2026-02-01,3,11,0,0,2,0,1,1,0,2,0,2026-08-19 20:00:40.818952+05:30
flipkart,TKPGDC7BBFW3VUZP,2026-07-01,4,15,1,0,0,1,2,3,1,0,0,2026-08-19 20:00:40.818952+05:30
flipkart,SRTHDH2JU8TN9A2F,2026-01-01,2,10,0,0,0,0,2,2,0,0,0,2026-08-19 20:00:40.818952+05:30
flipkart,BXRGRFMQAJVB8HKM,2025-09-01,1,5,0,0,0,0,1,1,0,0,0,2026-08-19 20:00:40.818952+05:30
flipkart,TKPGSYPCSVEGZXTU,2026-07-16,1,5,0,0,0,0,1,1,0,0,0,2026-08-19 20:00:40.818952+05:30
flipkart,BXRGRFMQHQHQPFJZ,2026-07-27,1,4,0,0,0,1,0,1,0,0,0,2026-08-19 20:00:40.818952+05:30
flipkart,SRTHDH2JJCKJWXVF,2025-12-01,2,9,0,0,0,1,1,2,0,0,0,2026-08-19 20:00:40.818952+05:30
flipkart,TKPGTHNYNZYPG9HH,2025-12-01,1,2,0,1,0,0,0,0,1,0,0,2026-08-19 20:00:40.818952+05:30
flipkart,TSHHHJRAJZ9W3CHJ,2026-06-29,1,5,0,0,0,0,1,1,0,0,0,2026-08-19 20:00:40.818952+05:30
flipkart,TSHHHJRAZY3BXMSE,2026-07-20,1,4,0,0,0,1,0,1,0,0,0,2026-08-19 20:00:40.818952+05:30
flipkart,BXRGRFMQVPRAX7QU,2026-08-07,1,1,1,0,0,0,0,0,1,0,0,2026-08-19 20:00:40.818952+05:30
flipkart,TSHHHGZVTKNTZVGR,2026-07-01,2,9,0,0,0,1,1,2,0,0,0,2026-08-19 20:00:40.818952+05:30
flipkart,TSHHHJRANNWPSFHF,2026-04-01,1,1,1,0,0,0,0,0,1,0,0,2026-08-19 20:00:40.818952+05:30
flipkart,TSHHCHZP3TPCWQMM,2026-07-18,1,5,0,0,0,0,1,1,0,0,0,2026-08-19 20:00:40.818952+05:30
flipkart,TKPGSYPCNTSBCUUV,2025-12-01,20,78,1,2,5,2,10,12,3,5,0,2026-08-19 20:00:40.818952+05:30
flipkart,BXRGRFHZDKCCHGCH,2025-09-01,1,5,0,0,0,0,1,1,0,0,0,2026-08-19 20:00:40.818952+05:30
flipkart,TSHHHJRASMKXNJYD,2026-07-24,2,10,0,0,0,0,2,2,0,0,0,2026-08-19 20:00:40.818952+05:30
flipkart,VESH99X7GSGCAHCC,2026-06-01,1,5,0,0,0,0,1,1,0,0,0,2026-08-19 20:00:40.818952+05:30
flipkart,TSHHCKSGDRPZGMHU,2026-07-25,1,5,0,0,0,0,1,1,0,0,0,2026-08-19 20:00:40.818952+05:30
flipkart,TKPGSYPCTDHAGPFB,2026-07-26,1,4,0,0,0,1,0,1,0,0,0,2026-08-19 20:00:40.818952+05:30
flipkart,FCKFB5ZT3FMM3MHR,2026-07-08,1,5,0,0,0,0,1,1,0,0,0,2026-08-19 20:00:40.818952+05:30
flipkart,BXRGZJCWTRB2DDZH,2026-08-02,1,1,1,0,0,0,0,0,1,0,0,2026-08-19 20:00:40.818952+05:30
flipkart,BXRGRFMQAJVB8HKM,2026-07-01,4,13,1,0,1,1,1,2,1,1,0,2026-08-19 20:00:40.818952+05:30
flipkart,TKPH2TTMJCBF8R3M,2026-07-01,2,8,0,0,0,2,0,2,0,0,0,2026-08-19 20:00:40.818952+05:30
flipkart,SRTGSYQGQPJEP8SR,2026-04-01,1,5,0,0,0,0,1,1,0,0,0,2026-08-19 20:00:40.818952+05:30
flipkart,TSHHG96EU3QTAQYG,2026-07-22,1,4,0,0,0,1,0,1,0,0,0,2026-08-19 20:00:40.818952+05:30
flipkart,VESHCN7CGSWYVEAZ,2026-07-29,1,5,0,0,0,0,1,1,0,0,0,2026-08-19 20:00:40.818952+05:30
flipkart,SRTGSYQGDJQ4FYCH,2026-07-14,1,5,0,0,0,0,1,1,0,0,0,2026-08-19 20:00:40.818952+05:30
flipkart,BXRGRFHZCVHHZTGY,2026-07-24,1,5,0,0,0,0,1,1,0,0,0,2026-08-19 20:00:40.818952+05:30
flipkart,BXRGRFHZE7HPWZVS,2026-07-24,1,5,0,0,0,0,1,1,0,0,0,2026-08-19 20:00:40.818952+05:30
flipkart,TKPGSYPCTDHAGPFB,2026-03-01,6,15,2,1,2,0,1,1,3,2,0,2026-08-19 20:00:40.818952+05:30
flipkart,BXRGRFMQHGNKWPEY,2026-08-08,1,5,0,0,0,0,1,1,0,0,0,2026-08-19 20:00:40.818952+05:30
flipkart,TSHHG96EYHPYNDCT,2026-06-01,2,7,0,1,0,0,1,1,1,0,0,2026-08-19 20:00:40.818952+05:30
flipkart,VESFF2CG6GR7HHYN,2026-03-01,1,4,0,0,0,1,0,1,0,0,0,2026-08-19 20:00:40.818952+05:30
flipkart,BXRHFQXCH2ZZWNSU,2026-07-12,1,3,0,0,1,0,0,0,0,1,0,2026-08-19 20:00:40.818952+05:30
flipkart,TSHHCHZPAD7JCGRK,2026-07-29,1,5,0,0,0,0,1,1,0,0,0,2026-08-19 20:00:40.818952+05:30
flipkart,BXRGRFHZ8VB6UZR3,2026-05-01,1,3,0,0,1,0,0,0,0,1,0,2026-08-19 20:00:40.818952+05:30
flipkart,TSHHCHZPFQEVEAQQ,2026-03-01,1,5,0,0,0,0,1,1,0,0,0,2026-08-19 20:00:40.818952+05:30
flipkart,TSHHCHZPHWHEZWQQ,2026-07-28,1,5,0,0,0,0,1,1,0,0,0,2026-08-19 20:00:40.818952+05:30
flipkart,BXRGRFHZGBUYPHVS,2026-06-28,1,5,0,0,0,0,1,1,0,0,0,2026-08-19 20:00:40.818952+05:30
flipkart,TSHHCKSG7PQRZGM2,2026-06-13,1,4,0,0,0,1,0,1,0,0,0,2026-08-19 20:00:40.818952+05:30
flipkart,TSHH8NR5R9KTDJQW,2026-08-09,1,5,0,0,0,0,1,1,0,0,0,2026-08-19 20:00:40.818952+05:30
flipkart,TSHHCKSGSZFNEFAY,2025-10-01,10,29,4,1,0,2,3,5,5,0,0,2026-08-19 20:00:40.818952+05:30
flipkart,TKPG38GFGWZYHEA9,2025-09-01,1,5,0,0,0,0,1,1,0,0,0,2026-08-19 20:00:40.818952+05:30
flipkart,SRTHDH2JGGZZSZEA,2026-06-29,1,4,0,0,0,1,0,1,0,0,0,2026-08-19 20:00:40.818952+05:30
flipkart,TSHHCHZPNH4VGSJA,2026-03-01,1,5,0,0,0,0,1,1,0,0,0,2026-08-19 20:00:40.818952+05:30
flipkart,BXRGRFHNGYGVXSHX,2026-05-01,1,3,0,0,1,0,0,0,0,1,0,2026-08-19 20:00:40.818952+05:30
flipkart,TSHGSUTCU9JSGH44,2026-01-01,4,14,1,0,1,0,2,2,1,1,0,2026-08-19 20:00:40.818952+05:30
flipkart,BXRGRFMQGMZFEGNJ,2026-01-01,2,6,0,0,2,0,0,0,0,2,0,2026-08-19 20:00:40.818952+05:30
flipkart,TSHHHJRA94PWAYGW,2026-05-01,2,9,0,0,0,1,1,2,0,0,0,2026-08-19 20:00:40.818952+05:30
flipkart,BXRGRFHNAHFPSTSB,2026-01-01,2,6,0,0,2,0,0,0,0,2,0,2026-08-19 20:00:40.818952+05:30
flipkart,TSHHCKSGWQKARXTR,2026-07-18,1,5,0,0,0,0,1,1,0,0,0,2026-08-19 20:00:40.818952+05:30
flipkart,BXRGRFHZE7HPWZVS,2026-07-21,1,5,0,0,0,0,1,1,0,0,0,2026-08-19 20:00:40.818952+05:30
flipkart,SRTFFFUD8AZAJJDY,2026-06-01,1,5,0,0,0,0,1,1,0,0,0,2026-08-19 20:00:40.818952+05:30
flipkart,TKPGDC7BBFW3VUZP,2025-12-01,20,78,1,2,5,2,10,12,3,5,0,2026-08-19 20:00:40.818952+05:30
flipkart,TSHHCHZP8YHX8CBY,2026-06-13,1,4,0,0,0,1,0,1,0,0,0,2026-08-19 20:00:40.818952+05:30
flipkart,TSHHHJRAHXY4F7PK,2026-07-16,1,5,0,0,0,0,1,1,0,0,0,2026-08-19 20:00:40.818952+05:30
flipkart,HTTE2GR9DZKQN9FY,2026-06-12,1,4,0,0,0,1,0,1,0,0,0,2026-08-19 20:00:40.818952+05:30
flipkart,TSHHHJRA6RS7EUZE,2026-06-15,1,5,0,0,0,0,1,1,0,0,0,2026-08-19 20:00:40.818952+05:30
flipkart,TKPGDC7BGNQBZXHX,2026-06-01,3,11,1,0,0,0,2,2,1,0,0,2026-08-19 20:00:40.818952+05:30
flipkart,TKPH8MTXDBUUNCZ6,2026-03-01,6,15,2,1,2,0,1,1,3,2,0,2026-08-19 20:00:40.818952+05:30
flipkart,BXRHFQXCZDYKVXP4,2025-12-01,3,14,0,0,0,1,2,3,0,0,0,2026-08-19 20:00:40.818952+05:30
flipkart,TSHGSUTBCYM82QFQ,2026-01-01,4,14,1,0,1,0,2,2,1,1,0,2026-08-19 20:00:40.818952+05:30
flipkart,BXRGRFHZATAPYBDY,2026-08-08,1,5,0,0,0,0,1,1,0,0,0,2026-08-19 20:00:40.818952+05:30
flipkart,TKPGSYPCBFKNUZ7W,2026-06-15,1,1,1,0,0,0,0,0,1,0,0,2026-08-19 20:00:40.818952+05:30
flipkart,BXRGRFMQHQHQPFJZ,2026-07-21,1,5,0,0,0,0,1,1,0,0,0,2026-08-19 20:00:40.818952+05:30
flipkart,TKPH2TTMHWRBHFQX,2026-01-01,4,17,0,1,0,0,3,3,1,0,0,2026-08-19 20:00:40.818952+05:30
flipkart,TSHHCKSGAHZZHBTY,2026-07-28,1,5,0,0,0,0,1,1,0,0,0,2026-08-19 20:00:40.818952+05:30
flipkart,TSHHCHZPQHS2MJAG,2026-06-01,4,19,0,0,0,1,3,4,0,0,0,2026-08-19 20:00:40.818952+05:30
flipkart,BXRGZJCWTRB2DDZH,2026-02-01,2,4,1,0,1,0,0,0,1,1,0,2026-08-19 20:00:40.818952+05:30
flipkart,BXRHFS5FHHMGH7HH,2026-06-27,1,4,0,0,0,1,0,1,0,0,0,2026-08-19 20:00:40.818952+05:30
flipkart,BXRGRFMQYKUB9K5S,2026-08-08,1,5,0,0,0,0,1,1,0,0,0,2026-08-19 20:00:40.818952+05:30
flipkart,SRTGSYQG33X94BQH,2026-06-29,1,4,0,0,0,1,0,1,0,0,0,2026-08-19 20:00:40.818952+05:30
flipkart,TSHHCKSGU77X4FDT,2026-07-01,4,14,1,0,0,2,1,3,1,0,0,2026-08-19 20:00:40.818952+05:30
flipkart,TKPG38GF3GZCVMU5,2026-07-10,1,5,0,0,0,0,1,1,0,0,0,2026-08-19 20:00:40.818952+05:30
flipkart,TSHHCHZPFQEVEAQQ,2025-09-01,2,8,0,0,1,0,1,1,0,1,0,2026-08-19 20:00:40.818952+05:30
flipkart,TSHGSUTCU9JSGH44,2025-10-01,4,17,0,1,0,0,3,3,1,0,0,2026-08-19 20:00:40.818952+05:30
flipkart,TSHGSUTA8P6XKZWF,2026-05-01,5,17,2,0,0,0,3,3,2,0,0,2026-08-19 20:00:40.818952+05:30
flipkart,BXRGRFHZNQNZARUM,2026-07-27,1,4,0,0,0,1,0,1,0,0,0,2026-08-19 20:00:40.818952+05:30
flipkart,TSHHHJRANNWPSFHF,2026-06-15,1,5,0,0,0,0,1,1,0,0,0,2026-08-19 20:00:40.818952+05:30
flipkart,BXRHFQXCJFMZ8ZPC,2026-07-10,1,1,1,0,0,0,0,0,1,0,0,2026-08-19 20:00:40.818952+05:30
flipkart,BXRGRFHNGYGVXSHX,2025-11-01,3,12,0,0,1,1,1,2,0,1,0,2026-08-19 20:00:40.818952+05:30
flipkart,BXRGRFHZGBUYPHVS,2026-07-20,1,1,1,0,0,0,0,0,1,0,0,2026-08-19 20:00:40.818952+05:30
flipkart,TSHHCKSGZNZPWUGC,2026-06-01,4,19,0,0,0,1,3,4,0,0,0,2026-08-19 20:00:40.818952+05:30
flipkart,TSHHHJRANNWPSFHF,2026-06-16,1,5,0,0,0,0,1,1,0,0,0,2026-08-19 20:00:40.818952+05:30
flipkart,TSHHHJRA9WNSWQEP,2026-07-12,1,4,0,0,0,1,0,1,0,0,0,2026-08-19 20:00:40.818952+05:30
flipkart,BXRHFQXCH2ZZWNSU,2026-06-09,1,1,1,0,0,0,0,0,1,0,0,2026-08-19 20:00:40.818952+05:30
flipkart,BXRGRFHZCXZP6VP8,2026-07-27,1,4,0,0,0,1,0,1,0,0,0,2026-08-19 20:00:40.818952+05:30
flipkart,BXRGRFMQGMZFEGNJ,2026-07-15,1,4,0,0,0,1,0,1,0,0,0,2026-08-19 20:00:40.818952+05:30
flipkart,BXRHFQXCZDYKVXP4,2026-07-09,1,4,0,0,0,1,0,1,0,0,0,2026-08-19 20:00:40.818952+05:30
flipkart,TKPH8MTJH5D4AHG6,2026-07-17,1,5,0,0,0,0,1,1,0,0,0,2026-08-19 20:00:40.818952+05:30
flipkart,TSHHHJRATZFGHRZ6,2026-06-01,2,7,0,0,1,1,0,1,0,1,0,2026-08-19 20:00:40.818952+05:30
flipkart,SRTGSYQGQPJEP8SR,2026-07-01,2,9,0,0,0,1,1,2,0,0,0,2026-08-19 20:00:40.818952+05:30
flipkart,TKPG38GFGWZYHEA9,2025-11-01,29,113,2,3,4,7,13,20,5,4,0,2026-08-19 20:00:40.818952+05:30
flipkart,TSHHCHZPSYNBHGNM,2026-07-29,1,5,0,0,0,0,1,1,0,0,0,2026-08-19 20:00:40.818952+05:30
flipkart,TKPHZTUBHDBYB4NZ,2026-03-01,11,39,2,1,1,3,4,7,3,1,0,2026-08-19 20:00:40.818952+05:30
flipkart,BXRGRFMQVPRAX7QU,2026-07-09,1,1,1,0,0,0,0,0,1,0,0,2026-08-19 20:00:40.818952+05:30
flipkart,VESGZ9YZAZKVADDR,2026-07-09,1,5,0,0,0,0,1,1,0,0,0,2026-08-19 20:00:40.818952+05:30
flipkart,TSHGSUT86EGTBTMZ,2025-09-01,6,19,1,0,3,1,1,2,1,3,0,2026-08-19 20:00:40.818952+05:30
flipkart,TSHH8NRFTVJZF7DW,2026-07-22,1,4,0,0,0,1,0,1,0,0,0,2026-08-19 20:00:40.818952+05:30
flipkart,SRTGSYQGUNZZH6A6,2026-01-01,2,10,0,0,0,0,2,2,0,0,0,2026-08-19 20:00:40.818952+05:30
flipkart,BXRHC6D2CUYE86JJ,2026-06-09,1,1,1,0,0,0,0,0,1,0,0,2026-08-19 20:00:40.818952+05:30
flipkart,TSHHCKSGYZBSAB3B,2026-06-01,4,19,0,0,0,1,3,4,0,0,0,2026-08-19 20:00:40.818952+05:30
flipkart,BXRH2W5SSXWGWGSD,2026-07-26,1,5,0,0,0,0,1,1,0,0,0,2026-08-19 20:00:40.818952+05:30
flipkart,TSHGSUT9HEHTJVKA,2026-01-01,4,14,1,0,1,0,2,2,1,1,0,2026-08-19 20:00:40.818952+05:30
flipkart,TSHHCHZP8YHX8CBY,2026-02-01,2,5,0,1,1,0,0,0,1,1,0,2026-08-19 20:00:40.818952+05:30
flipkart,TSHHCKSGWNGKY7HH,2025-12-01,1,1,1,0,0,0,0,0,1,0,0,2026-08-19 20:00:40.818952+05:30
flipkart,TKPH2TTM8RYBXMGR,2025-09-01,3,4,2,1,0,0,0,0,3,0,0,2026-08-19 20:00:40.818952+05:30
flipkart,BXRGRFHZDKCCHGCH,2026-07-08,1,1,1,0,0,0,0,0,1,0,0,2026-08-19 20:00:40.818952+05:30
flipkart,TKPH8MTJH5D4AHG6,2025-11-01,6,15,2,1,2,0,1,1,3,2,0,2026-08-19 20:00:40.818952+05:30
flipkart,BXRGRFHZCXZP6VP8,2026-08-07,1,1,1,0,0,0,0,0,1,0,0,2026-08-19 20:00:40.818952+05:30
flipkart,TSHHG96E34GYMJQV,2026-08-08,1,1,1,0,0,0,0,0,1,0,0,2026-08-19 20:00:40.818952+05:30
flipkart,BXRH2W5SGFUP77YP,2026-07-08,1,5,0,0,0,0,1,1,0,0,0,2026-08-19 20:00:40.818952+05:30
flipkart,TSHHHJRA94PWAYGW,2026-06-15,1,5,0,0,0,0,1,1,0,0,0,2026-08-19 20:00:40.818952+05:30
flipkart,TSHHCHZPQHS2MJAG,2026-07-14,1,5,0,0,0,0,1,1,0,0,0,2026-08-19 20:00:40.818952+05:30
flipkart,TKPH5URAFZJ9YSGG,2026-04-01,3,9,0,1,1,1,0,1,1,1,0,2026-08-19 20:00:40.818952+05:30
flipkart,TSHHHJRAZY3BXMSE,2026-04-01,1,1,1,0,0,0,0,0,1,0,0,2026-08-19 20:00:40.818952+05:30
flipkart,TSHHCHZPNH4VGSJA,2026-04-01,2,10,0,0,0,0,2,2,0,0,0,2026-08-19 20:00:40.818952+05:30
flipkart,SRTFFFUDEG5GPAZ3,2026-02-01,1,4,0,0,0,1,0,1,0,0,0,2026-08-19 20:00:40.818952+05:30
flipkart,VESFF2CGNYVNPPMT,2026-07-01,2,10,0,0,0,0,2,2,0,0,0,2026-08-19 20:00:40.818952+05:30
flipkart,TSHHHJRA9WNSWQEP,2025-12-01,1,4,0,0,0,1,0,1,0,0,0,2026-08-19 20:00:40.818952+05:30
flipkart,TSHHCKSGDRPZGMHU,2026-06-30,1,5,0,0,0,0,1,1,0,0,0,2026-08-19 20:00:40.818952+05:30
flipkart,SRTHDH2JVRWAEHKQ,2026-07-14,1,5,0,0,0,0,1,1,0,0,0,2026-08-19 20:00:40.818952+05:30
flipkart,BXRH8ZQZMEXQSX4N,2026-06-01,9,40,0,1,0,2,6,8,1,0,0,2026-08-19 20:00:40.818952+05:30
flipkart,BXRGRFMQHQHQPFJZ,2026-08-07,1,1,1,0,0,0,0,0,1,0,0,2026-08-19 20:00:40.818952+05:30
flipkart,TSHHHJRATZFGHRZ6,2026-07-12,1,4,0,0,0,1,0,1,0,0,0,2026-08-19 20:00:40.818952+05:30
flipkart,TKPH5URAJGUXT5SG,2026-06-14,1,3,0,0,1,0,0,0,0,1,0,2026-08-19 20:00:40.818952+05:30
flipkart,BXRHFQXCH2ZZWNSU,2026-06-04,1,3,0,0,1,0,0,0,0,1,0,2026-08-19 20:00:40.818952+05:30
flipkart,VESGZ9YZZHNDTRCP,2026-01-01,1,5,0,0,0,0,1,1,0,0,0,2026-08-19 20:00:40.818952+05:30
flipkart,BXRH2W5SGFUP77YP,2025-11-01,2,9,0,0,0,1,1,2,0,0,0,2026-08-19 20:00:40.818952+05:30
flipkart,SRTFEYC4J2SHRAFG,2026-07-07,1,5,0,0,0,0,1,1,0,0,0,2026-08-19 20:00:40.818952+05:30
flipkart,TSHHCKSGFXPPK5GV,2026-07-26,1,5,0,0,0,0,1,1,0,0,0,2026-08-19 20:00:40.818952+05:30
flipkart,TSHGSUTBY85HUUTX,2026-01-01,4,14,1,0,1,0,2,2,1,1,0,2026-08-19 20:00:40.818952+05:30
flipkart,TSHHCHZP3TPCWQMM,2026-05-01,5,25,0,0,0,0,5,5,0,0,0,2026-08-19 20:00:40.818952+05:30
flipkart,TSHHCKSGPGYUQY9G,2026-05-01,5,25,0,0,0,0,5,5,0,0,0,2026-08-19 20:00:40.818952+05:30
flipkart,BXRHFQXCVGA9H3CZ,2026-06-29,1,5,0,0,0,0,1,1,0,0,0,2026-08-19 20:00:40.818952+05:30
flipkart,BXRGRFHZZKF8JG49,2026-07-09,1,1,1,0,0,0,0,0,1,0,0,2026-08-19 20:00:40.818952+05:30
flipkart,BXRGRFHNAHFPSTSB,2026-07-21,1,5,0,0,0,0,1,1,0,0,0,2026-08-19 20:00:40.818952+05:30
flipkart,TSHHHJRAAHQGWZMX,2026-06-16,1,5,0,0,0,0,1,1,0,0,0,2026-08-19 20:00:40.818952+05:30
flipkart,BXRGRFHZMPDXZWY7,2026-02-01,3,11,0,0,2,0,1,1,0,2,0,2026-08-19 20:00:40.818952+05:30
flipkart,BXRH2W5SSXWGWGSD,2026-06-01,1,1,1,0,0,0,0,0,1,0,0,2026-08-19 20:00:40.818952+05:30
flipkart,TSHHCKSGFXPPK5GV,2026-07-14,1,5,0,0,0,0,1,1,0,0,0,2026-08-19 20:00:40.818952+05:30
flipkart,TKPH2TTMGUXHNWJN,2026-06-01,1,3,0,0,1,0,0,0,0,1,0,2026-08-19 20:00:40.818952+05:30
flipkart,TSHHHJRAVFNZGNFF,2026-07-23,1,5,0,0,0,0,1,1,0,0,0,2026-08-19 20:00:40.818952+05:30
flipkart,TSHHCKSGDRPZGMHU,2025-10-01,10,29,4,1,0,2,3,5,5,0,0,2026-08-19 20:00:40.818952+05:30
flipkart,PYJH2TWEUG3HEKYA,2026-01-01,1,4,0,0,0,1,0,1,0,0,0,2026-08-19 20:00:40.818952+05:30
flipkart,TSHHCHZP8YHX8CBY,2025-09-01,2,8,0,0,1,0,1,1,0,1,0,2026-08-19 20:00:40.818952+05:30
flipkart,BXRGZJCWYYCZQ9PZ,2026-08-02,1,1,1,0,0,0,0,0,1,0,0,2026-08-19 20:00:40.818952+05:30
flipkart,VESFF2CGGBDCRHFC,2026-06-01,1,5,0,0,0,0,1,1,0,0,0,2026-08-19 20:00:40.818952+05:30
flipkart,BXRHC6DYVZD6TGQX,2026-06-09,1,1,1,0,0,0,0,0,1,0,0,2026-08-19 20:00:40.818952+05:30
flipkart,TSHHCKSGZNZPWUGC,2025-12-01,1,1,1,0,0,0,0,0,1,0,0,2026-08-19 20:00:40.818952+05:30
flipkart,BXRGRFHNSVU6JKXH,2026-07-21,1,5,0,0,0,0,1,1,0,0,0,2026-08-19 20:00:40.818952+05:30
flipkart,BXRH2W5SZQ2NVMUV,2025-10-01,4,16,1,0,0,0,3,3,1,0,0,2026-08-19 20:00:40.818952+05:30
flipkart,TSHHCKSGZNZPWUGC,2025-10-01,10,29,4,1,0,2,3,5,5,0,0,2026-08-19 20:00:40.818952+05:30
flipkart,BXRGRFHNSVU6JKXH,2025-11-01,3,12,0,0,1,1,1,2,0,1,0,2026-08-19 20:00:40.818952+05:30
flipkart,TKPGSYPCTDHAGPFB,2026-04-01,4,10,2,0,1,0,1,1,2,1,0,2026-08-19 20:00:40.818952+05:30
flipkart,BXRGRFHZE7HPWZVS,2026-07-09,1,1,1,0,0,0,0,0,1,0,0,2026-08-19 20:00:40.818952+05:30
flipkart,TSHHCKSGABGZAHRG,2026-06-30,1,5,0,0,0,0,1,1,0,0,0,2026-08-19 20:00:40.818952+05:30
flipkart,BXRGZJCWSKK9RSYE,2025-10-01,27,102,2,4,5,3,13,16,6,5,0,2026-08-19 20:00:40.818952+05:30
flipkart,TSHHHJRA94PWAYGW,2026-07-25,2,8,0,0,0,2,0,2,0,0,0,2026-08-19 20:00:40.818952+05:30
flipkart,TSHHHJRAAHQGWZMX,2026-02-01,1,5,0,0,0,0,1,1,0,0,0,2026-08-19 20:00:40.818952+05:30
flipkart,TKPH2TTMJCBF8R3M,2026-04-01,1,5,0,0,0,0,1,1,0,0,0,2026-08-19 20:00:40.818952+05:30
flipkart,TSHHCKSGMZPHHWZG,2026-07-29,1,5,0,0,0,0,1,1,0,0,0,2026-08-19 20:00:40.818952+05:30
flipkart,BXRGRFMQHQHQPFJZ,2026-07-09,1,1,1,0,0,0,0,0,1,0,0,2026-08-19 20:00:40.818952+05:30
flipkart,TSHHCHZPNH4VGSJA,2026-07-01,4,14,1,0,0,2,1,3,1,0,0,2026-08-19 20:00:40.818952+05:30
flipkart,FCKFB5ZT3FMM3MHR,2026-04-01,2,6,1,0,0,0,1,1,1,0,0,2026-08-19 20:00:40.818952+05:30
flipkart,BXRGRFMQGMZFEGNJ,2026-06-01,1,3,0,0,1,0,0,0,0,1,0,2026-08-19 20:00:40.818952+05:30
flipkart,TSHHCHZP8YHX8CBY,2026-07-22,1,3,0,0,1,0,0,0,0,1,0,2026-08-19 20:00:40.818952+05:30
flipkart,BXRGRFHNAHFPSTSB,2026-07-09,1,1,1,0,0,0,0,0,1,0,0,2026-08-19 20:00:40.818952+05:30
flipkart,SNRGEHFWXXTCVDZM,2026-06-01,4,14,0,2,0,0,2,2,2,0,0,2026-08-19 20:00:40.818952+05:30
flipkart,BXRGRFHZ6RH2KZWD,2026-02-01,3,11,0,0,2,0,1,1,0,2,0,2026-08-19 20:00:40.818952+05:30
flipkart,TSHHCKSGABGZAHRG,2026-08-01,1,2,0,1,0,0,0,0,1,0,0,2026-08-19 20:00:40.818952+05:30
flipkart,BXRGRFMQYHQS4BM7,2026-07-20,1,1,1,0,0,0,0,0,1,0,0,2026-08-19 20:00:40.818952+05:30
flipkart,TSHHCHZPNH4VGSJA,2026-06-29,2,6,1,0,0,0,1,1,1,0,0,2026-08-19 20:00:40.818952+05:30
flipkart,FCKFAGAYGGYMEWQT,2026-06-11,1,3,0,0,1,0,0,0,0,1,0,2026-08-19 20:00:40.818952+05:30
flipkart,TSHHCKSGSZFNEFAY,2026-07-26,1,5,0,0,0,0,1,1,0,0,0,2026-08-19 20:00:40.818952+05:30
flipkart,TSHHG6YXJT3DHV4U,2026-07-15,1,4,0,0,0,1,0,1,0,0,0,2026-08-19 20:00:40.818952+05:30
flipkart,TSHHHJRAJZ9W3CHJ,2026-07-09,2,10,0,0,0,0,2,2,0,0,0,2026-08-19 20:00:40.818952+05:30
flipkart,TKPGTHNYC5NYSAVJ,2026-06-20,1,2,0,1,0,0,0,0,1,0,0,2026-08-19 20:00:40.818952+05:30
flipkart,TSHHCHZPQHS2MJAG,2026-06-13,1,4,0,0,0,1,0,1,0,0,0,2026-08-19 20:00:40.818952+05:30
flipkart,VESFF2CGMCBHCBCW,2026-06-01,1,5,0,0,0,0,1,1,0,0,0,2026-08-19 20:00:40.818952+05:30
flipkart,TKPH2TTM8RYBXMGR,2026-03-01,3,9,1,0,1,0,1,1,1,1,0,2026-08-19 20:00:40.818952+05:30
flipkart,FRNFFMPM4ZGJZWAV,2026-08-04,1,4,0,0,0,1,0,1,0,0,0,2026-08-19 20:00:40.818952+05:30
flipkart,FCKG75WBU7ZZF74B,2026-07-01,1,1,1,0,0,0,0,0,1,0,0,2026-08-19 20:00:40.818952+05:30
flipkart,SRTHDH2JWZAPE9VY,2026-07-07,1,5,0,0,0,0,1,1,0,0,0,2026-08-19 20:00:40.818952+05:30
flipkart,BXRH2W5SWTEMKHPG,2026-07-08,1,5,0,0,0,0,1,1,0,0,0,2026-08-19 20:00:40.818952+05:30
flipkart,TSHHCHZPM8KUMFGH,2026-08-01,1,2,0,1,0,0,0,0,1,0,0,2026-08-19 20:00:40.818952+05:30
flipkart,TKPH5URAFZJ9YSGG,2026-07-30,1,2,0,1,0,0,0,0,1,0,0,2026-08-19 20:00:40.818952+05:30
flipkart,BXRGRFHZDKCCHGCH,2026-08-08,1,5,0,0,0,0,1,1,0,0,0,2026-08-19 20:00:40.818952+05:30
flipkart,TSHHCKSGMZPHHWZG,2026-07-28,1,5,0,0,0,0,1,1,0,0,0,2026-08-19 20:00:40.818952+05:30
flipkart,SRTHDH2JVRWAEHKQ,2026-07-01,2,9,0,0,0,1,1,2,0,0,0,2026-08-19 20:00:40.818952+05:30
flipkart,SNRE5FB4TUKHY9GR,2026-06-21,1,1,1,0,0,0,0,0,1,0,0,2026-08-19 20:00:40.818952+05:30
flipkart,VESGFCUGVDFNPJDG,2026-07-14,1,5,0,0,0,0,1,1,0,0,0,2026-08-19 20:00:40.818952+05:30
flipkart,SRTH6AFXGZGAQBMS,2026-04-01,1,5,0,0,0,0,1,1,0,0,0,2026-08-19 20:00:40.818952+05:30
flipkart,BXRGRFHZECWSEYJZ,2026-07-09,1,1,1,0,0,0,0,0,1,0,0,2026-08-19 20:00:40.818952+05:30
flipkart,SRTFFFUDEG5GPAZ3,2025-09-01,2,10,0,0,0,0,2,2,0,0,0,2026-08-19 20:00:40.818952+05:30
flipkart,TSHHCKSGSP8GHBJG,2026-06-13,1,4,0,0,0,1,0,1,0,0,0,2026-08-19 20:00:40.818952+05:30
flipkart,TSHHHJRAHXY4F7PK,2026-07-01,10,42,0,1,2,1,6,7,1,2,0,2026-08-19 20:00:40.818952+05:30
flipkart,BXRGRFMQVPRAX7QU,2026-07-20,1,1,1,0,0,0,0,0,1,0,0,2026-08-19 20:00:40.818952+05:30
flipkart,TSHHHJRA8ZMQMYHG,2026-08-05,1,1,1,0,0,0,0,0,1,0,0,2026-08-19 20:00:40.818952+05:30
flipkart,TKPGSYPCTDHAGPFB,2025-11-01,28,115,3,0,2,9,14,23,3,2,0,2026-08-19 20:00:40.818952+05:30
flipkart,TSHHCHZPHWHEZWQQ,2026-07-14,1,5,0,0,0,0,1,1,0,0,0,2026-08-19 20:00:40.818952+05:30
flipkart,BXRGRFMQXVGVCHTX,2026-07-20,1,1,1,0,0,0,0,0,1,0,0,2026-08-19 20:00:40.818952+05:30
flipkart,BXRHFQXCBDZZKBFW,2026-07-10,1,1,1,0,0,0,0,0,1,0,0,2026-08-19 20:00:40.818952+05:30
flipkart,BXRHC6D3GGAB6HGP,2026-03-01,1,4,0,0,0,1,0,1,0,0,0,2026-08-19 20:00:40.818952+05:30
flipkart,BXRHC6DY55BHVQQW,2026-01-01,4,19,0,0,0,1,3,4,0,0,0,2026-08-19 20:00:40.818952+05:30
flipkart,BXRGRFHZE7HPWZVS,2025-09-01,1,5,0,0,0,0,1,1,0,0,0,2026-08-19 20:00:40.818952+05:30
flipkart,PYJH2TWEDVHS27UH,2026-05-01,1,3,0,0,1,0,0,0,0,1,0,2026-08-19 20:00:40.818952+05:30
flipkart,TSHHCHZPQHS2MJAG,2026-07-28,1,5,0,0,0,0,1,1,0,0,0,2026-08-19 20:00:40.818952+05:30
flipkart,BXRGZJCWSKK9RSYE,2026-08-03,1,1,1,0,0,0,0,0,1,0,0,2026-08-19 20:00:40.818952+05:30
flipkart,TSHHCKSGWNGKY7HH,2026-03-01,1,5,0,0,0,0,1,1,0,0,0,2026-08-19 20:00:40.818952+05:30
flipkart,TKPGTHNYFGUCTHDE,2026-06-19,1,4,0,0,0,1,0,1,0,0,0,2026-08-19 20:00:40.818952+05:30
flipkart,TSHHCHZPWEDWVFFP,2026-07-22,1,3,0,0,1,0,0,0,0,1,0,2026-08-19 20:00:40.818952+05:30
flipkart,TSHHHJRA8C7ZXDW3,2026-06-17,1,2,0,1,0,0,0,0,1,0,0,2026-08-19 20:00:40.818952+05:30
flipkart,BXRHC6DFVGF9D4WZ,2026-06-01,5,20,0,1,1,0,3,3,1,1,0,2026-08-19 20:00:40.818952+05:30
flipkart,TSHHHJRA9WNSWQEP,2026-08-05,1,1,1,0,0,0,0,0,1,0,0,2026-08-19 20:00:40.818952+05:30
flipkart,TSHHHJRARECBQRGY,2026-06-29,1,5,0,0,0,0,1,1,0,0,0,2026-08-19 20:00:40.818952+05:30
flipkart,TSHGSUTCHG9ZSYHF,2026-06-05,1,5,0,0,0,0,1,1,0,0,0,2026-08-19 20:00:40.818952+05:30
flipkart,TSHHHJRANNWPSFHF,2026-06-17,1,2,0,1,0,0,0,0,1,0,0,2026-08-19 20:00:40.818952+05:30
flipkart,TSHHCKSGWNGKY7HH,2025-09-01,2,8,0,0,1,0,1,1,0,1,0,2026-08-19 20:00:40.818952+05:30
flipkart,TSHHCHZPM8KUMFGH,2026-07-26,1,5,0,0,0,0,1,1,0,0,0,2026-08-19 20:00:40.818952+05:30
flipkart,BXRGRFHNSVU6JKXH,2026-02-01,3,11,0,0,2,0,1,1,0,2,0,2026-08-19 20:00:40.818952+05:30
flipkart,TSHHCKSG7PQRZGM2,2026-06-29,2,6,1,0,0,0,1,1,1,0,0,2026-08-19 20:00:40.818952+05:30
flipkart,BXRGRFHZCVHHZTGY,2025-09-01,1,5,0,0,0,0,1,1,0,0,0,2026-08-19 20:00:40.818952+05:30
flipkart,TSHGSUTA9ZWNC3QG,2026-04-01,3,10,0,0,2,1,0,1,0,2,0,2026-08-19 20:00:40.818952+05:30
flipkart,SRTHDH2JESGPPG8F,2025-12-01,2,9,0,0,0,1,1,2,0,0,0,2026-08-19 20:00:40.818952+05:30
flipkart,TSHHCHZPXTGZXVZF,2026-07-14,1,5,0,0,0,0,1,1,0,0,0,2026-08-19 20:00:40.818952+05:30
flipkart,TSHHCHZPSYNBHGNM,2026-07-01,4,14,1,0,0,2,1,3,1,0,0,2026-08-19 20:00:40.818952+05:30
flipkart,SRTH6AFXGZGAQBMS,2026-07-07,1,5,0,0,0,0,1,1,0,0,0,2026-08-19 20:00:40.818952+05:30
flipkart,BXRGRFHZECWSEYJZ,2026-02-01,3,11,0,0,2,0,1,1,0,2,0,2026-08-19 20:00:40.818952+05:30
flipkart,VESGFCUGGDGPQ5HR,2026-07-01,1,4,0,0,0,1,0,1,0,0,0,2026-08-19 20:00:40.818952+05:30
flipkart,TKPGDC7BK9HTWTBG,2026-07-01,4,15,1,0,0,1,2,3,1,0,0,2026-08-19 20:00:40.818952+05:30
flipkart,TKPH8MTXDBUUNCZ6,2026-07-01,4,15,1,0,0,1,2,3,1,0,0,2026-08-19 20:00:40.818952+05:30
flipkart,TSHH8NRFTVJZF7DW,2026-05-01,5,17,2,0,0,0,3,3,2,0,0,2026-08-19 20:00:40.818952+05:30
flipkart,TSHHCHZPXTGZXVZF,2026-07-28,1,5,0,0,0,0,1,1,0,0,0,2026-08-19 20:00:40.818952+05:30
flipkart,TSHHHJRAVFNZGNFF,2026-07-11,1,5,0,0,0,0,1,1,0,0,0,2026-08-19 20:00:40.818952+05:30
flipkart,TKPH5URAWVHYBZHU,2026-07-10,1,5,0,0,0,0,1,1,0,0,0,2026-08-19 20:00:40.818952+05:30
flipkart,BXRGRFHZMPDXZWY7,2026-06-01,1,3,0,0,1,0,0,0,0,1,0,2026-08-19 20:00:40.818952+05:30
flipkart,BXRHC6DYCZYBRFTQ,2026-04-01,2,6,0,0,2,0,0,0,0,2,0,2026-08-19 20:00:40.818952+05:30
flipkart,SRTGSYQGUNZZH6A6,2026-07-07,1,5,0,0,0,0,1,1,0,0,0,2026-08-19 20:00:40.818952+05:30
flipkart,TSHHCHZP3J5ZFRU7,2026-06-30,1,5,0,0,0,0,1,1,0,0,0,2026-08-19 20:00:40.818952+05:30
flipkart,SRTHZA6FFGYV4CZJ,2026-07-14,1,5,0,0,0,0,1,1,0,0,0,2026-08-19 20:00:40.818952+05:30
flipkart,TSHHCKSGWQKARXTR,2026-07-29,1,5,0,0,0,0,1,1,0,0,0,2026-08-19 20:00:40.818952+05:30
flipkart,TSHHHJRATZFGHRZ6,2026-07-07,1,5,0,0,0,0,1,1,0,0,0,2026-08-19 20:00:40.818952+05:30
flipkart,TSHHHJRAHXY4F7PK,2026-08-03,1,5,0,0,0,0,1,1,0,0,0,2026-08-19 20:00:40.818952+05:30
flipkart,BXRH2W5SSXWGWGSD,2026-07-19,1,1,1,0,0,0,0,0,1,0,0,2026-08-19 20:00:40.818952+05:30
flipkart,SRTHDH2JU8TN9A2F,2026-06-29,1,4,0,0,0,1,0,1,0,0,0,2026-08-19 20:00:40.818952+05:30
flipkart,TSHGSUTA8P6XKZWF,2026-07-22,1,4,0,0,0,1,0,1,0,0,0,2026-08-19 20:00:40.818952+05:30
flipkart,TKPH5URAWVHYBZHU,2026-07-01,4,18,0,0,1,0,3,3,0,1,0,2026-08-19 20:00:40.818952+05:30
flipkart,TSHHCHZPWEDWVFFP,2026-07-28,1,5,0,0,0,0,1,1,0,0,0,2026-08-19 20:00:40.818952+05:30
flipkart,TSHHHJRAVFNZGNFF,2026-07-24,2,10,0,0,0,0,2,2,0,0,0,2026-08-19 20:00:40.818952+05:30
flipkart,BXRGRFMQHQHQPFJZ,2026-01-01,2,6,0,0,2,0,0,0,0,2,0,2026-08-19 20:00:40.818952+05:30
flipkart,TSHHCHZPNH4VGSJA,2026-02-01,2,5,0,1,1,0,0,0,1,1,0,2026-08-19 20:00:40.818952+05:30
flipkart,TKPGDC7BDCGGH7FY,2026-04-01,1,3,0,0,1,0,0,0,0,1,0,2026-08-19 20:00:40.818952+05:30
flipkart,TSHHCHZP8YHX8CBY,2026-08-01,1,2,0,1,0,0,0,0,1,0,0,2026-08-19 20:00:40.818952+05:30
flipkart,SRTFFFUDS9Q4YWUA,2026-04-01,1,2,0,1,0,0,0,0,1,0,0,2026-08-19 20:00:40.818952+05:30
flipkart,TSHHHJRATVMXGFAG,2026-07-24,2,10,0,0,0,0,2,2,0,0,0,2026-08-19 20:00:40.818952+05:30
flipkart,FCKFB5ZT3FMM3MHR,2026-07-25,1,4,0,0,0,1,0,1,0,0,0,2026-08-19 20:00:40.818952+05:30
flipkart,TKPH8MTXNRYV3DAZ,2026-06-01,3,11,1,0,0,0,2,2,1,0,0,2026-08-19 20:00:40.818952+05:30
flipkart,BXRGRFHZCVHHZTGY,2026-07-27,1,4,0,0,0,1,0,1,0,0,0,2026-08-19 20:00:40.818952+05:30
flipkart,BXRGRFMQHQHQPFJZ,2026-05-01,1,3,0,0,1,0,0,0,0,1,0,2026-08-19 20:00:40.818952+05:30
flipkart,BXRGRFMQYHQS4BM7,2026-01-01,2,6,0,0,2,0,0,0,0,2,0,2026-08-19 20:00:40.818952+05:30
flipkart,BXRGRFMQHQHQPFJZ,2026-07-23,1,5,0,0,0,0,1,1,0,0,0,2026-08-19 20:00:40.818952+05:30
flipkart,FCKFB5ZT3FMM3MHR,2026-07-28,1,5,0,0,0,0,1,1,0,0,0,2026-08-19 20:00:40.818952+05:30
flipkart,SRTFFFUDJNHPTACS,2026-05-01,2,10,0,0,0,0,2,2,0,0,0,2026-08-19 20:00:40.818952+05:30
flipkart,SRTFFFUDKHADW5AT,2026-02-01,1,4,0,0,0,1,0,1,0,0,0,2026-08-19 20:00:40.818952+05:30
flipkart,BXRH2W5SGFUP77YP,2025-10-01,4,16,1,0,0,0,3,3,1,0,0,2026-08-19 20:00:40.818952+05:30
flipkart,TSHHHJRA2XFF6ZBX,2026-07-12,1,4,0,0,0,1,0,1,0,0,0,2026-08-19 20:00:40.818952+05:30
flipkart,BXRHFQXCJSCCGJ6J,2026-06-04,1,3,0,0,1,0,0,0,0,1,0,2026-08-19 20:00:40.818952+05:30
flipkart,TSHHCKSGSP8GHBJG,2026-07-28,1,5,0,0,0,0,1,1,0,0,0,2026-08-19 20:00:40.818952+05:30
flipkart,BXRHC6DYCZYBRFTQ,2026-06-01,8,28,1,1,2,1,3,4,2,2,0,2026-08-19 20:00:40.818952+05:30
flipkart,TKPGSYPCSVEGZXTU,2026-07-14,1,5,0,0,0,0,1,1,0,0,0,2026-08-19 20:00:40.818952+05:30
flipkart,BXRH2W5SWTEMKHPG,2026-07-18,1,1,1,0,0,0,0,0,1,0,0,2026-08-19 20:00:40.818952+05:30
flipkart,TSHGSUTBY85HUUTX,2025-11-01,4,20,0,0,0,0,4,4,0,0,0,2026-08-19 20:00:40.818952+05:30
flipkart,BXRHFQXCVGA9H3CZ,2026-06-01,8,28,1,1,2,1,3,4,2,2,0,2026-08-19 20:00:40.818952+05:30
flipkart,TSHHCKSGMZPHHWZG,2026-06-29,1,1,1,0,0,0,0,0,1,0,0,2026-08-19 20:00:40.818952+05:30
flipkart,TSHHHGZVFDKFRY7S,2026-07-10,1,5,0,0,0,0,1,1,0,0,0,2026-08-19 20:00:40.818952+05:30
flipkart,TKPH8MTXDBUUNCZ6,2026-01-01,15,50,2,3,1,6,3,9,5,1,0,2026-08-19 20:00:40.818952+05:30
flipkart,BXRGRFHZE7HPWZVS,2026-06-01,1,3,0,0,1,0,0,0,0,1,0,2026-08-19 20:00:40.818952+05:30
flipkart,BXRHFQXCZDYKVXP4,2026-02-01,1,3,0,0,1,0,0,0,0,1,0,2026-08-19 20:00:40.818952+05:30
flipkart,BXRH2W5SGPFYRGVV,2025-11-01,2,9,0,0,0,1,1,2,0,0,0,2026-08-19 20:00:40.818952+05:30
flipkart,TSHHCHZPCTKYBK4A,2026-07-28,1,5,0,0,0,0,1,1,0,0,0,2026-08-19 20:00:40.818952+05:30
flipkart,TKPGDC7BGNQBZXHX,2026-07-01,4,15,1,0,0,1,2,3,1,0,0,2026-08-19 20:00:40.818952+05:30
flipkart,BXRGRFMQYHQS4BM7,2025-09-01,1,5,0,0,0,0,1,1,0,0,0,2026-08-19 20:00:40.818952+05:30
flipkart,BXRGRFMQAJVB8HKM,2025-11-01,3,12,0,0,1,1,1,2,0,1,0,2026-08-19 20:00:40.818952+05:30
flipkart,TSHHCKSGPGYUQY9G,2026-06-01,4,19,0,0,0,1,3,4,0,0,0,2026-08-19 20:00:40.818952+05:30
flipkart,TKPG38GF3GZCVMU5,2026-01-01,9,27,1,4,0,2,2,4,5,0,0,2026-08-19 20:00:40.818952+05:30
flipkart,SRTHDH2JGFCMMGZK,2026-04-01,1,5,0,0,0,0,1,1,0,0,0,2026-08-19 20:00:40.818952+05:30
flipkart,SRTHDH2JESGPPG8F,2026-01-01,2,10,0,0,0,0,2,2,0,0,0,2026-08-19 20:00:40.818952+05:30
flipkart,SNRGEHFWXXTCVDZM,2026-01-01,17,64,1,2,5,1,8,9,3,5,0,2026-08-19 20:00:40.818952+05:30
flipkart,TSHHHJRARG5VGWZC,2026-07-01,10,42,0,1,2,1,6,7,1,2,0,2026-08-19 20:00:40.818952+05:30
flipkart,BXRGRFMQHQHQPFJZ,2026-07-01,4,13,1,0,1,1,1,2,1,1,0,2026-08-19 20:00:40.818952+05:30
flipkart,TSHHG96EMWH9RQ6V,2026-06-01,2,7,0,1,0,0,1,1,1,0,0,2026-08-19 20:00:40.818952+05:30
flipkart,VESFF2CGWJDZPPDU,2026-07-09,1,5,0,0,0,0,1,1,0,0,0,2026-08-19 20:00:40.818952+05:30
flipkart,VESGZ9YZNXUPDTKU,2026-07-13,1,4,0,0,0,1,0,1,0,0,0,2026-08-19 20:00:40.818952+05:30
flipkart,TSHHG96EEHFKFUXY,2026-06-01,3,12,0,1,0,0,2,2,1,0,0,2026-08-19 20:00:40.818952+05:30
flipkart,PANH46SGYAUW4QVG,2026-06-01,1,3,0,0,1,0,0,0,0,1,0,2026-08-19 20:00:40.818952+05:30
flipkart,SRTFFFUDSEGXM6WS,2026-06-01,1,5,0,0,0,0,1,1,0,0,0,2026-08-19 20:00:40.818952+05:30
flipkart,TSHHCHZP8YHX8CBY,2026-05-01,5,25,0,0,0,0,5,5,0,0,0,2026-08-19 20:00:40.818952+05:30
flipkart,BXRGRFHZCVHHZTGY,2026-07-01,4,13,1,0,1,1,1,2,1,1,0,2026-08-19 20:00:40.818952+05:30
flipkart,TKPGSYPCTDHAGPFB,2026-07-31,1,4,0,0,0,1,0,1,0,0,0,2026-08-19 20:00:40.818952+05:30
flipkart,FCKFFGVX9NEVKSKT,2026-01-01,3,13,0,0,0,2,1,3,0,0,0,2026-08-19 20:00:40.818952+05:30
flipkart,TSHHHJRAVFNZGNFF,2026-06-01,2,7,0,0,1,1,0,1,0,1,0,2026-08-19 20:00:40.818952+05:30
flipkart,TSHGSUTBY85HUUTX,2026-06-06,1,5,0,0,0,0,1,1,0,0,0,2026-08-19 20:00:40.818952+05:30
flipkart,VESFF2CGKSVEYRMF,2026-02-01,1,5,0,0,0,0,1,1,0,0,0,2026-08-19 20:00:40.818952+05:30
flipkart,BXRHC6DYVZD6TGQX,2026-07-23,1,5,0,0,0,0,1,1,0,0,0,2026-08-19 20:00:40.818952+05:30
flipkart,TSHHCKSGFXPPK5GV,2026-03-01,1,5,0,0,0,0,1,1,0,0,0,2026-08-19 20:00:40.818952+05:30
flipkart,TSHHCHZPNH4VGSJA,2025-12-01,1,1,1,0,0,0,0,0,1,0,0,2026-08-19 20:00:40.818952+05:30
flipkart,VESFF2CGNYVNPPMT,2026-06-15,1,5,0,0,0,0,1,1,0,0,0,2026-08-19 20:00:40.818952+05:30
flipkart,TKPH8MTJUWNEVNBA,2026-06-01,2,8,0,0,0,2,0,2,0,0,0,2026-08-19 20:00:40.818952+05:30
flipkart,BXRH2W5SZQ2NVMUV,2026-05-01,1,5,0,0,0,0,1,1,0,0,0,2026-08-19 20:00:40.818952+05:30
flipkart,TSHHCHZPNH4VGSJA,2026-08-03,1,1,1,0,0,0,0,0,1,0,0,2026-08-19 20:00:40.818952+05:30
flipkart,BXRHFQXCJSCCGJ6J,2025-12-01,3,14,0,0,0,1,2,3,0,0,0,2026-08-19 20:00:40.818952+05:30
flipkart,HTTE2GR9DZKQN9FY,2026-07-01,1,5,0,0,0,0,1,1,0,0,0,2026-08-19 20:00:40.818952+05:30
flipkart,TKPGSYPCZ3BPMPSF,2026-01-01,15,50,2,3,1,6,3,9,5,1,0,2026-08-19 20:00:40.818952+05:30
flipkart,BXRH2W5SKAPWZYHQ,2026-07-29,1,1,1,0,0,0,0,0,1,0,0,2026-08-19 20:00:40.818952+05:30
flipkart,TKPH8MTJUWNEVNBA,2026-07-26,1,5,0,0,0,0,1,1,0,0,0,2026-08-19 20:00:40.818952+05:30
flipkart,SRTGSYQGMGZZC5A6,2025-12-01,2,9,0,0,0,1,1,2,0,0,0,2026-08-19 20:00:40.818952+05:30
flipkart,TSHHG6YYKSCPYGMM,2026-07-15,1,4,0,0,0,1,0,1,0,0,0,2026-08-19 20:00:40.818952+05:30
flipkart,BXRHFQXCBDZZKBFW,2026-02-01,1,3,0,0,1,0,0,0,0,1,0,2026-08-19 20:00:40.818952+05:30
flipkart,FCKFAGAYGGYMEWQT,2026-07-13,1,5,0,0,0,0,1,1,0,0,0,2026-08-19 20:00:40.818952+05:30
flipkart,VESFF2CGV9KVUF73,2026-06-15,1,5,0,0,0,0,1,1,0,0,0,2026-08-19 20:00:40.818952+05:30
flipkart,TSHHCKSGSZFNEFAY,2026-07-14,1,5,0,0,0,0,1,1,0,0,0,2026-08-19 20:00:40.818952+05:30
flipkart,TSHHCHZPXTGZXVZF,2026-07-23,1,4,0,0,0,1,0,1,0,0,0,2026-08-19 20:00:40.818952+05:30
flipkart,SRTHZA8H5DSADPG7,2026-07-13,1,5,0,0,0,0,1,1,0,0,0,2026-08-19 20:00:40.818952+05:30
flipkart,BXRHFQXCJFMZ8ZPC,2026-05-01,5,15,1,1,1,1,1,2,2,1,0,2026-08-19 20:00:40.818952+05:30
flipkart,BXRGRFHZECWSEYJZ,2026-07-08,1,1,1,0,0,0,0,0,1,0,0,2026-08-19 20:00:40.818952+05:30
flipkart,TSHH8NU8EHCFHZB9,2026-06-06,1,5,0,0,0,0,1,1,0,0,0,2026-08-19 20:00:40.818952+05:30
flipkart,BXRGRFMQGMZFEGNJ,2026-05-01,1,3,0,0,1,0,0,0,0,1,0,2026-08-19 20:00:40.818952+05:30
flipkart,TKPGFQNDRFKAVNYZ,2026-06-07,1,4,0,0,0,1,0,1,0,0,0,2026-08-19 20:00:40.818952+05:30
flipkart,TKPG38GFGWZYHEA9,2025-10-01,16,67,0,1,2,6,7,13,1,2,0,2026-08-19 20:00:40.818952+05:30
flipkart,TSHHCKSGM5HEB5FV,2026-07-26,1,5,0,0,0,0,1,1,0,0,0,2026-08-19 20:00:40.818952+05:30
flipkart,VESFF2CGWGGC88DT,2026-07-11,1,5,0,0,0,0,1,1,0,0,0,2026-08-19 20:00:40.818952+05:30
flipkart,TSHGSUT9HEHTJVKA,2026-07-22,1,4,0,0,0,1,0,1,0,0,0,2026-08-19 20:00:40.818952+05:30
flipkart,TSHHCHZPFQEVEAQQ,2026-04-01,2,10,0,0,0,0,2,2,0,0,0,2026-08-19 20:00:40.818952+05:30
flipkart,TKPH5URAFZJ9YSGG,2026-07-01,4,18,0,0,1,0,3,3,0,1,0,2026-08-19 20:00:40.818952+05:30
flipkart,SRTFFFUD8AZAJJDY,2025-09-01,2,10,0,0,0,0,2,2,0,0,0,2026-08-19 20:00:40.818952+05:30
flipkart,TSHGSUTBCYM82QFQ,2025-10-01,4,17,0,1,0,0,3,3,1,0,0,2026-08-19 20:00:40.818952+05:30
flipkart,TKPG38GFGWZYHEA9,2026-07-30,1,2,0,1,0,0,0,0,1,0,0,2026-08-19 20:00:40.818952+05:30
flipkart,TSHHCHZPQHS2MJAG,2026-06-29,2,6,1,0,0,0,1,1,1,0,0,2026-08-19 20:00:40.818952+05:30
flipkart,BXRGRFHZ8VB6UZR3,2026-08-06,1,4,0,0,0,1,0,1,0,0,0,2026-08-19 20:00:40.818952+05:30
flipkart,SNRE5FB4TUKHY9GR,2026-01-01,27,105,3,2,5,2,15,17,5,5,0,2026-08-19 20:00:40.818952+05:30
flipkart,TSHHCHZPNH4VGSJA,2026-07-18,1,5,0,0,0,0,1,1,0,0,0,2026-08-19 20:00:40.818952+05:30
flipkart,TSHHCHZPAD7JCGRK,2026-07-18,1,5,0,0,0,0,1,1,0,0,0,2026-08-19 20:00:40.818952+05:30
flipkart,BXRHC6D3GGAB6HGP,2026-07-01,4,13,1,0,1,1,1,2,1,1,0,2026-08-19 20:00:40.818952+05:30
flipkart,TKPGTHNYWWCYXHFF,2026-07-16,1,5,0,0,0,0,1,1,0,0,0,2026-08-19 20:00:40.818952+05:30
flipkart,BXRGRFMQYKUB9K5S,2026-07-23,1,5,0,0,0,0,1,1,0,0,0,2026-08-19 20:00:40.818952+05:30
flipkart,BXRHC6DYCZYBRFTQ,2026-08-04,1,4,0,0,0,1,0,1,0,0,0,2026-08-19 20:00:40.818952+05:30
flipkart,TSHHHJRAAHQGWZMX,2026-07-01,14,62,0,1,2,1,10,11,1,2,0,2026-08-19 20:00:40.818952+05:30
flipkart,TKPGDC7BNJTFHSJS,2026-07-26,1,4,0,0,0,1,0,1,0,0,0,2026-08-19 20:00:40.818952+05:30
flipkart,TSHGSUTA8P6XKZWF,2026-07-12,1,5,0,0,0,0,1,1,0,0,0,2026-08-19 20:00:40.818952+05:30
flipkart,TKPGDC7BGZNCKDUZ,2025-12-01,3,10,1,0,0,1,1,2,1,0,0,2026-08-19 20:00:40.818952+05:30
flipkart,TSHHHJRASMKXNJYD,2026-06-15,1,5,0,0,0,0,1,1,0,0,0,2026-08-19 20:00:40.818952+05:30
flipkart,TKPGDC7BK9HTWTBG,2026-07-16,1,5,0,0,0,0,1,1,0,0,0,2026-08-19 20:00:40.818952+05:30
flipkart,TKPGTHNYNZYPG9HH,2025-11-01,1,4,0,0,0,1,0,1,0,0,0,2026-08-19 20:00:40.818952+05:30
flipkart,TSHHCHZP3J5ZFRU7,2026-02-01,2,5,0,1,1,0,0,0,1,1,0,2026-08-19 20:00:40.818952+05:30
flipkart,SRTFFFUDVZFADD9P,2026-02-01,1,4,0,0,0,1,0,1,0,0,0,2026-08-19 20:00:40.818952+05:30
flipkart,TKPGSYPCTDHAGPFB,2026-02-01,8,30,1,1,1,1,4,5,2,1,0,2026-08-19 20:00:40.818952+05:30
flipkart,SRTH6AFXGZGAQBMS,2026-06-29,1,4,0,0,0,1,0,1,0,0,0,2026-08-19 20:00:40.818952+05:30
flipkart,TKPH8MTJH5D4AHG6,2026-02-01,2,7,0,1,0,0,1,1,1,0,0,2026-08-19 20:00:40.818952+05:30
flipkart,TSHHCKSGWQKARXTR,2026-07-14,1,5,0,0,0,0,1,1,0,0,0,2026-08-19 20:00:40.818952+05:30
flipkart,BXRHE4ERCEFXTENV,2026-04-01,4,18,0,0,1,0,3,3,0,1,0,2026-08-19 20:00:40.818952+05:30
flipkart,BXRGRFHZZKF8JG49,2026-07-20,1,1,1,0,0,0,0,0,1,0,0,2026-08-19 20:00:40.818952+05:30
flipkart,FCKG75WBTHGH8F9N,2026-03-01,1,4,0,0,0,1,0,1,0,0,0,2026-08-19 20:00:40.818952+05:30
flipkart,TKPGTHNYBWHENYH6,2026-06-20,1,2,0,1,0,0,0,0,1,0,0,2026-08-19 20:00:40.818952+05:30
flipkart,FCWFG3MEKYQF6WAE,2026-06-24,1,1,1,0,0,0,0,0,1,0,0,2026-08-19 20:00:40.818952+05:30
flipkart,FCWFG3MEKYQF6WAE,2026-06-25,1,1,1,0,0,0,0,0,1,0,0,2026-08-19 20:00:40.818952+05:30
flipkart,SRTHDH2JPJPQYYZA,2026-04-01,1,5,0,0,0,0,1,1,0,0,0,2026-08-19 20:00:40.818952+05:30
flipkart,SRTHZA62GFSPNRSY,2026-07-13,1,5,0,0,0,0,1,1,0,0,0,2026-08-19 20:00:40.818952+05:30
flipkart,TSHHCKSGWNGKY7HH,2026-07-26,1,5,0,0,0,0,1,1,0,0,0,2026-08-19 20:00:40.818952+05:30
flipkart,SRTHDH2JGGZZSZEA,2026-07-14,1,5,0,0,0,0,1,1,0,0,0,2026-08-19 20:00:40.818952+05:30
flipkart,SRTHDH2JWSHGP896,2026-07-14,1,5,0,0,0,0,1,1,0,0,0,2026-08-19 20:00:40.818952+05:30
flipkart,BXRHC6DYCZYBRFTQ,2026-01-01,5,22,0,0,1,1,3,4,0,1,0,2026-08-19 20:00:40.818952+05:30
flipkart,TSHHCHZP3TPCWQMM,2026-07-29,1,5,0,0,0,0,1,1,0,0,0,2026-08-19 20:00:40.818952+05:30
flipkart,BXRGRFHZCXZP6VP8,2026-07-09,1,1,1,0,0,0,0,0,1,0,0,2026-08-19 20:00:40.818952+05:30
flipkart,TKPGTHNYBWHENYH6,2026-06-15,1,3,0,0,1,0,0,0,0,1,0,2026-08-19 20:00:40.818952+05:30
flipkart,VESHCN7CGSWYVEAZ,2026-02-01,1,5,0,0,0,0,1,1,0,0,0,2026-08-19 20:00:40.818952+05:30
flipkart,BXRGRFHZECWSEYJZ,2026-07-23,1,5,0,0,0,0,1,1,0,0,0,2026-08-19 20:00:40.818952+05:30
flipkart,TKPH8MTJUWNEVNBA,2026-05-01,4,16,1,0,0,0,3,3,1,0,0,2026-08-19 20:00:40.818952+05:30
flipkart,SRTGSYQGMGZZC5A6,2026-07-23,1,5,0,0,0,0,1,1,0,0,0,2026-08-19 20:00:40.818952+05:30
flipkart,TSHGSUT9HEHTJVKA,2026-07-20,1,4,0,0,0,1,0,1,0,0,0,2026-08-19 20:00:40.818952+05:30
flipkart,TKPGTHNYQFUTTFVA,2025-11-01,1,4,0,0,0,1,0,1,0,0,0,2026-08-19 20:00:40.818952+05:30
flipkart,TSHHCKSGM5HEB5FV,2026-04-01,2,10,0,0,0,0,2,2,0,0,0,2026-08-19 20:00:40.818952+05:30
flipkart,TSHGSUTCHG9ZSYHF,2026-06-06,1,5,0,0,0,0,1,1,0,0,0,2026-08-19 20:00:40.818952+05:30
flipkart,TKPGFQNDGFD8NKG6,2026-06-13,2,10,0,0,0,0,2,2,0,0,0,2026-08-19 20:00:40.818952+05:30
flipkart,BXRHFS5FHHMGH7HH,2026-02-01,1,3,0,0,1,0,0,0,0,1,0,2026-08-19 20:00:40.818952+05:30
flipkart,BXRGRFHZECWSEYJZ,2026-06-01,1,3,0,0,1,0,0,0,0,1,0,2026-08-19 20:00:40.818952+05:30
flipkart,TSHHCKSGAHZZHBTY,2025-09-01,2,8,0,0,1,0,1,1,0,1,0,2026-08-19 20:00:40.818952+05:30
flipkart,TKPGTHNYQFUTTFVA,2026-04-01,3,8,1,1,0,0,1,1,2,0,0,2026-08-19 20:00:40.818952+05:30
flipkart,BXRGRFMQVPRAX7QU,2026-08-08,1,5,0,0,0,0,1,1,0,0,0,2026-08-19 20:00:40.818952+05:30
flipkart,TSHHHJRAZY3BXMSE,2026-07-12,1,4,0,0,0,1,0,1,0,0,0,2026-08-19 20:00:40.818952+05:30
flipkart,BXRGZJCWSKK9RSYE,2026-07-01,1,5,0,0,0,0,1,1,0,0,0,2026-08-19 20:00:40.818952+05:30
flipkart,TSHHHJRAAHQGWZMX,2026-07-24,4,18,0,0,0,2,2,4,0,0,0,2026-08-19 20:00:40.818952+05:30
flipkart,SRTH6AFXGZGAQBMS,2026-07-23,1,5,0,0,0,0,1,1,0,0,0,2026-08-19 20:00:40.818952+05:30
flipkart,TSHHHJRASMKXNJYD,2026-06-16,1,5,0,0,0,0,1,1,0,0,0,2026-08-19 20:00:40.818952+05:30
flipkart,TSHHHJRA2XFF6ZBX,2026-08-03,1,5,0,0,0,0,1,1,0,0,0,2026-08-19 20:00:40.818952+05:30
flipkart,BXRGZJCWYYCZQ9PZ,2026-05-01,1,5,0,0,0,0,1,1,0,0,0,2026-08-19 20:00:40.818952+05:30
flipkart,BXRHFQXCJFMZ8ZPC,2025-11-01,6,21,0,1,1,4,0,4,1,1,0,2026-08-19 20:00:40.818952+05:30
flipkart,TSHGSUTA9ZWNC3QG,2025-10-01,4,17,0,1,0,0,3,3,1,0,0,2026-08-19 20:00:40.818952+05:30
flipkart,TKPH8MTXXNY2H39G,2026-07-14,1,5,0,0,0,0,1,1,0,0,0,2026-08-19 20:00:40.818952+05:30
flipkart,BXRHFQXCH2ZZWNSU,2026-06-27,1,4,0,0,0,1,0,1,0,0,0,2026-08-19 20:00:40.818952+05:30
flipkart,BXRGRFMQYHQS4BM7,2026-07-23,1,5,0,0,0,0,1,1,0,0,0,2026-08-19 20:00:40.818952+05:30
flipkart,TKPGDC7BHZZQKEX6,2026-04-01,4,10,2,0,1,0,1,1,2,1,0,2026-08-19 20:00:40.818952+05:30
flipkart,TSHHHJRA8ZMQMYHG,2026-07-12,1,4,0,0,0,1,0,1,0,0,0,2026-08-19 20:00:40.818952+05:30
flipkart,TKPGFQNDRFKAVNYZ,2026-06-24,3,12,0,0,0,3,0,3,0,0,0,2026-08-19 20:00:40.818952+05:30
flipkart,TSHHHJRA2XFF6ZBX,2026-07-11,1,5,0,0,0,0,1,1,0,0,0,2026-08-19 20:00:40.818952+05:30
flipkart,BXRHC6DFCRBPKEPH,2026-07-23,1,5,0,0,0,0,1,1,0,0,0,2026-08-19 20:00:40.818952+05:30
flipkart,BXRGRFHZATAPYBDY,2026-08-06,1,4,0,0,0,1,0,1,0,0,0,2026-08-19 20:00:40.818952+05:30
flipkart,TSHGSUTCU9JSGH44,2026-02-01,3,7,2,0,0,0,1,1,2,0,0,2026-08-19 20:00:40.818952+05:30
flipkart,BXRH2W5SZGUTXVQM,2025-10-01,4,16,1,0,0,0,3,3,1,0,0,2026-08-19 20:00:40.818952+05:30
flipkart,TKPGDC7BUCQHMG9X,2025-11-01,3,12,0,0,1,1,1,2,0,1,0,2026-08-19 20:00:40.818952+05:30
flipkart,TSHHCHZPCTKYBK4A,2026-06-29,1,1,1,0,0,0,0,0,1,0,0,2026-08-19 20:00:40.818952+05:30
flipkart,TSHHCHZP3J5ZFRU7,2026-06-01,4,19,0,0,0,1,3,4,0,0,0,2026-08-19 20:00:40.818952+05:30
flipkart,BXRGRFHZATAPYBDY,2026-07-24,1,5,0,0,0,0,1,1,0,0,0,2026-08-19 20:00:40.818952+05:30
flipkart,BXRGRFHNGYGVXSHX,2026-08-06,1,4,0,0,0,1,0,1,0,0,0,2026-08-19 20:00:40.818952+05:30
flipkart,TSHHCHZPYY2A6GA4,2026-03-01,1,5,0,0,0,0,1,1,0,0,0,2026-08-19 20:00:40.818952+05:30
flipkart,TSHHCHZPWEDWVFFP,2026-07-18,1,5,0,0,0,0,1,1,0,0,0,2026-08-19 20:00:40.818952+05:30
flipkart,TSHHCKSGWQKARXTR,2026-07-23,1,4,0,0,0,1,0,1,0,0,0,2026-08-19 20:00:40.818952+05:30
flipkart,SNRE5FB4TUKHY9GR,2026-06-05,1,1,1,0,0,0,0,0,1,0,0,2026-08-19 20:00:40.818952+05:30
flipkart,BXRGRFHNGYGVXSHX,2025-09-01,1,5,0,0,0,0,1,1,0,0,0,2026-08-19 20:00:40.818952+05:30
flipkart,BXRHFQXCVGA9H3CZ,2026-07-24,1,5,0,0,0,0,1,1,0,0,0,2026-08-19 20:00:40.818952+05:30
flipkart,TKPH8MTJUWNEVNBA,2026-06-06,2,8,0,0,0,2,0,2,0,0,0,2026-08-19 20:00:40.818952+05:30
flipkart,BXRGRFHZDKCCHGCH,2026-08-06,1,4,0,0,0,1,0,1,0,0,0,2026-08-19 20:00:40.818952+05:30
flipkart,FCKFB5ZT3FMM3MHR,2026-08-01,2,9,0,0,0,1,1,2,0,0,0,2026-08-19 20:00:40.818952+05:30
flipkart,TKPGSYPCYGWJEACQ,2026-07-16,1,5,0,0,0,0,1,1,0,0,0,2026-08-19 20:00:40.818952+05:30
flipkart,SRTHDH2J2ZEZZYYT,2025-10-01,4,20,0,0,0,0,4,4,0,0,0,2026-08-19 20:00:40.818952+05:30
flipkart,TSHHCKSGMZPHHWZG,2026-07-23,1,4,0,0,0,1,0,1,0,0,0,2026-08-19 20:00:40.818952+05:30
flipkart,BXRGRFHZATAPYBDY,2026-02-01,3,11,0,0,2,0,1,1,0,2,0,2026-08-19 20:00:40.818952+05:30
flipkart,TKPH8MTJUWNEVNBA,2026-02-01,2,7,0,1,0,0,1,1,1,0,0,2026-08-19 20:00:40.818952+05:30
flipkart,SRTHDH2JJCKJWXVF,2026-01-01,2,10,0,0,0,0,2,2,0,0,0,2026-08-19 20:00:40.818952+05:30
flipkart,BXRHFQXCBDZZKBFW,2025-10-01,3,10,1,0,0,1,1,2,1,0,0,2026-08-19 20:00:40.818952+05:30
flipkart,BXRGRFMQAJVB8HKM,2026-07-08,1,1,1,0,0,0,0,0,1,0,0,2026-08-19 20:00:40.818952+05:30
flipkart,TKPH2TTMHWRBHFQX,2026-08-02,1,4,0,0,0,1,0,1,0,0,0,2026-08-19 20:00:40.818952+05:30
flipkart,VESFF2CGWJDZPPDU,2026-06-01,3,13,0,0,0,2,1,3,0,0,0,2026-08-19 20:00:40.818952+05:30
flipkart,BXRGRFHNSVU6JKXH,2026-06-28,1,5,0,0,0,0,1,1,0,0,0,2026-08-19 20:00:40.818952+05:30
flipkart,BXRHFS5FXZJYNWVT,2026-06-09,1,1,1,0,0,0,0,0,1,0,0,2026-08-19 20:00:40.818952+05:30
flipkart,TSHHCKSGDRPZGMHU,2026-05-01,5,25,0,0,0,0,5,5,0,0,0,2026-08-19 20:00:40.818952+05:30
flipkart,TSHHCKSGZNZPWUGC,2026-06-30,1,5,0,0,0,0,1,1,0,0,0,2026-08-19 20:00:40.818952+05:30
flipkart,TKPGSYPCX6HYRTNN,2026-07-14,1,5,0,0,0,0,1,1,0,0,0,2026-08-19 20:00:40.818952+05:30
flipkart,TKPGSYXCFXPTHZBK,2026-01-01,15,50,2,3,1,6,3,9,5,1,0,2026-08-19 20:00:40.818952+05:30
flipkart,FCKFB5ZT3FMM3MHR,2026-06-15,1,5,0,0,0,0,1,1,0,0,0,2026-08-19 20:00:40.818952+05:30
flipkart,BXRGRFMQHGNKWPEY,2026-07-08,1,1,1,0,0,0,0,0,1,0,0,2026-08-19 20:00:40.818952+05:30
flipkart,TKPGSYPCBFKNUZ7W,2026-07-01,4,15,1,0,0,1,2,3,1,0,0,2026-08-19 20:00:40.818952+05:30
flipkart,TKPGSYPCX6HYRTNN,2026-07-31,1,4,0,0,0,1,0,1,0,0,0,2026-08-19 20:00:40.818952+05:30
flipkart,SRTGSYQGZFHM7HB2,2026-07-23,1,5,0,0,0,0,1,1,0,0,0,2026-08-19 20:00:40.818952+05:30
flipkart,BXRGRFHZATAPYBDY,2026-06-28,1,5,0,0,0,0,1,1,0,0,0,2026-08-19 20:00:40.818952+05:30
flipkart,BXRGRFHZGBUYPHVS,2026-07-15,1,4,0,0,0,1,0,1,0,0,0,2026-08-19 20:00:40.818952+05:30
flipkart,BXRGRFHZNQNZARUM,2025-11-01,3,12,0,0,1,1,1,2,0,1,0,2026-08-19 20:00:40.818952+05:30
flipkart,TKPHNDME8JZ2G9CB,2026-07-14,2,6,0,1,0,1,0,1,1,0,0,2026-08-19 20:00:40.818952+05:30
flipkart,BXRH2W5SJRAGFHXT,2026-07-26,1,5,0,0,0,0,1,1,0,0,0,2026-08-19 20:00:40.818952+05:30
flipkart,TKPGFQNDRFKAVNYZ,2026-06-18,2,10,0,0,0,0,2,2,0,0,0,2026-08-19 20:00:40.818952+05:30
flipkart,TSHHG96E34GYMJQV,2026-08-09,1,5,0,0,0,0,1,1,0,0,0,2026-08-19 20:00:40.818952+05:30
flipkart,TSHHCHZPSYNBHGNM,2026-02-01,2,5,0,1,1,0,0,0,1,1,0,2026-08-19 20:00:40.818952+05:30
flipkart,TKPGSYPCBFKNUZ7W,2025-10-01,17,65,4,1,0,1,11,12,5,0,0,2026-08-19 20:00:40.818952+05:30
flipkart,BXRGRFHZ6RH2KZWD,2026-01-01,2,6,0,0,2,0,0,0,0,2,0,2026-08-19 20:00:40.818952+05:30
flipkart,TSHGSUT86EGTBTMZ,2026-07-01,3,15,0,0,0,0,3,3,0,0,0,2026-08-19 20:00:40.818952+05:30
flipkart,TSHHCHZP3J5ZFRU7,2025-09-01,2,8,0,0,1,0,1,1,0,1,0,2026-08-19 20:00:40.818952+05:30
flipkart,BXRH2W5SSU8DYVH5,2026-07-29,1,1,1,0,0,0,0,0,1,0,0,2026-08-19 20:00:40.818952+05:30
flipkart,VESFF2CGUHSAFTBZ,2026-06-01,1,5,0,0,0,0,1,1,0,0,0,2026-08-19 20:00:40.818952+05:30
flipkart,FCKFB5ZT3FMM3MHR,2026-06-29,1,5,0,0,0,0,1,1,0,0,0,2026-08-19 20:00:40.818952+05:30
flipkart,BXRHFQXCH2ZZWNSU,2026-02-01,1,3,0,0,1,0,0,0,0,1,0,2026-08-19 20:00:40.818952+05:30
flipkart,TSHHCKSGU77X4FDT,2026-05-01,5,25,0,0,0,0,5,5,0,0,0,2026-08-19 20:00:40.818952+05:30
flipkart,TKPH2TTMZNKBVN52,2026-06-01,2,8,0,0,0,2,0,2,0,0,0,2026-08-19 20:00:40.818952+05:30
flipkart,TSHHCHZPXTGZXVZF,2026-05-01,5,25,0,0,0,0,5,5,0,0,0,2026-08-19 20:00:40.818952+05:30
flipkart,BXRH2W5SSU8DYVH5,2026-07-19,1,1,1,0,0,0,0,0,1,0,0,2026-08-19 20:00:40.818952+05:30
flipkart,TSHHZ7ZHWMRZKGRQ,2026-07-01,1,1,1,0,0,0,0,0,1,0,0,2026-08-19 20:00:40.818952+05:30
flipkart,TSHHCHZPHWHEZWQQ,2026-07-01,4,14,1,0,0,2,1,3,1,0,0,2026-08-19 20:00:40.818952+05:30
flipkart,TSHGSUTCU9JSGH44,2026-07-20,1,4,0,0,0,1,0,1,0,0,0,2026-08-19 20:00:40.818952+05:30
flipkart,BXRGRFHZ8VB6UZR3,2026-07-08,1,1,1,0,0,0,0,0,1,0,0,2026-08-19 20:00:40.818952+05:30
flipkart,TKPGTHNYNZYPG9HH,2026-06-20,1,2,0,1,0,0,0,0,1,0,0,2026-08-19 20:00:40.818952+05:30
flipkart,VESFF2CGGBDCRHFC,2026-07-29,1,5,0,0,0,0,1,1,0,0,0,2026-08-19 20:00:40.818952+05:30
flipkart,TSHHCHZP8YHX8CBY,2026-07-13,1,5,0,0,0,0,1,1,0,0,0,2026-08-19 20:00:40.818952+05:30
flipkart,BXRGZJCWSKK9RSYE,2025-12-01,5,24,0,0,0,1,4,5,0,0,0,2026-08-19 20:00:40.818952+05:30
flipkart,TKPGDC7BBFW3VUZP,2026-07-31,1,4,0,0,0,1,0,1,0,0,0,2026-08-19 20:00:40.818952+05:30
flipkart,TSHHCKSGMZPHHWZG,2026-07-18,1,5,0,0,0,0,1,1,0,0,0,2026-08-19 20:00:40.818952+05:30
flipkart,SRTFFFUDGCPVKPJS,2026-04-01,1,2,0,1,0,0,0,0,1,0,0,2026-08-19 20:00:40.818952+05:30
flipkart,FCKG75WBGNBBTM4Z,2026-06-14,1,5,0,0,0,0,1,1,0,0,0,2026-08-19 20:00:40.818952+05:30
flipkart,SOCGQZ4YPACQVYGH,2026-06-01,1,3,0,0,1,0,0,0,0,1,0,2026-08-19 20:00:40.818952+05:30
flipkart,SRTHDH2JJCKJWXVF,2026-07-23,1,5,0,0,0,0,1,1,0,0,0,2026-08-19 20:00:40.818952+05:30
flipkart,TSHHCKSGZNZPWUGC,2026-06-13,1,4,0,0,0,1,0,1,0,0,0,2026-08-19 20:00:40.818952+05:30
flipkart,TSHHCKSGFXPPK5GV,2026-07-28,1,5,0,0,0,0,1,1,0,0,0,2026-08-19 20:00:40.818952+05:30
flipkart,TSHHCKSGFXPPK5GV,2026-04-01,2,10,0,0,0,0,2,2,0,0,0,2026-08-19 20:00:40.818952+05:30
flipkart,TKPG38GFMHZWSH9G,2026-06-01,2,4,1,0,1,0,0,0,1,1,0,2026-08-19 20:00:40.818952+05:30
flipkart,TKPGDC7BK9HTWTBG,2026-03-01,6,15,2,1,2,0,1,1,3,2,0,2026-08-19 20:00:40.818952+05:30
flipkart,TSHHCKSGM5HEB5FV,2026-07-01,4,14,1,0,0,2,1,3,1,0,0,2026-08-19 20:00:40.818952+05:30
flipkart,BXRGRFHNAHFPSTSB,2026-06-28,1,5,0,0,0,0,1,1,0,0,0,2026-08-19 20:00:40.818952+05:30
flipkart,BXRH2W5SZGUTXVQM,2026-07-19,1,1,1,0,0,0,0,0,1,0,0,2026-08-19 20:00:40.818952+05:30
flipkart,TSHHCHZPXTGZXVZF,2025-10-01,10,29,4,1,0,2,3,5,5,0,0,2026-08-19 20:00:40.818952+05:30
flipkart,TSHH8NR5R9KTDJQW,2026-07-20,1,4,0,0,0,1,0,1,0,0,0,2026-08-19 20:00:40.818952+05:30
flipkart,BXRGRFHZNQNZARUM,2026-08-07,1,1,1,0,0,0,0,0,1,0,0,2026-08-19 20:00:40.818952+05:30
flipkart,BXRGRFHZCVHHZTGY,2026-05-01,1,3,0,0,1,0,0,0,0,1,0,2026-08-19 20:00:40.818952+05:30
flipkart,BXRGRFHZ8VB6UZR3,2026-07-01,4,13,1,0,1,1,1,2,1,1,0,2026-08-19 20:00:40.818952+05:30
flipkart,TSHHCHZPQHS2MJAG,2025-11-01,4,17,0,0,1,1,2,3,0,1,0,2026-08-19 20:00:40.818952+05:30
flipkart,TSHHCKSGWQKARXTR,2026-03-01,1,5,0,0,0,0,1,1,0,0,0,2026-08-19 20:00:40.818952+05:30
flipkart,TSHHCKSGDRPZGMHU,2026-03-01,1,5,0,0,0,0,1,1,0,0,0,2026-08-19 20:00:40.818952+05:30
flipkart,TSHHHJRATZFGHRZ6,2026-07-20,1,4,0,0,0,1,0,1,0,0,0,2026-08-19 20:00:40.818952+05:30
flipkart,TSHHHJRAJZ9W3CHJ,2026-06-01,2,7,0,0,1,1,0,1,0,1,0,2026-08-19 20:00:40.818952+05:30
flipkart,TKPHZTUBTRJGZ4RZ,2026-07-10,1,5,0,0,0,0,1,1,0,0,0,2026-08-19 20:00:40.818952+05:30
flipkart,TSHHCKSGABGZAHRG,2026-07-13,1,5,0,0,0,0,1,1,0,0,0,2026-08-19 20:00:40.818952+05:30
flipkart,TKPH8MTXFWZFBZYG,2026-07-01,4,15,1,0,0,1,2,3,1,0,0,2026-08-19 20:00:40.818952+05:30
flipkart,TSHHCKSGYZBSAB3B,2026-04-01,2,10,0,0,0,0,2,2,0,0,0,2026-08-19 20:00:40.818952+05:30
flipkart,FCKGTQFBSNCNRFFC,2026-04-01,2,7,0,0,1,1,0,1,0,1,0,2026-08-19 20:00:40.818952+05:30
flipkart,BXRHFQXCJFMZ8ZPC,2025-12-01,3,14,0,0,0,1,2,3,0,0,0,2026-08-19 20:00:40.818952+05:30
flipkart,TKPH2TTMJCBF8R3M,2026-02-01,2,7,0,1,0,0,1,1,1,0,0,2026-08-19 20:00:40.818952+05:30
flipkart,TKPH8MTXXNY2H39G,2026-07-01,4,15,1,0,0,1,2,3,1,0,0,2026-08-19 20:00:40.818952+05:30
flipkart,BXRHFQXCJFMZ8ZPC,2026-07-12,1,3,0,0,1,0,0,0,0,1,0,2026-08-19 20:00:40.818952+05:30
flipkart,TKPGSYPCXDEZYQDG,2026-07-26,1,4,0,0,0,1,0,1,0,0,0,2026-08-19 20:00:40.818952+05:30
flipkart,TSHHCHZP8YHX8CBY,2026-07-18,1,5,0,0,0,0,1,1,0,0,0,2026-08-19 20:00:40.818952+05:30
flipkart,TSHHHJRA6RS7EUZE,2026-06-13,1,3,0,0,1,0,0,0,0,1,0,2026-08-19 20:00:40.818952+05:30
flipkart,TSHHG96E34GYMJQV,2025-11-01,4,20,0,0,0,0,4,4,0,0,0,2026-08-19 20:00:40.818952+05:30
flipkart,TSHHCHZPVJAGWTTG,2026-06-13,1,4,0,0,0,1,0,1,0,0,0,2026-08-19 20:00:40.818952+05:30
flipkart,BXRHC6DFE3JTKT5S,2026-07-23,1,5,0,0,0,0,1,1,0,0,0,2026-08-19 20:00:40.818952+05:30
flipkart,TSHHHJRATZFGHRZ6,2026-07-01,10,42,0,1,2,1,6,7,1,2,0,2026-08-19 20:00:40.818952+05:30
flipkart,BXRGRFMQHQHQPFJZ,2026-06-01,1,3,0,0,1,0,0,0,0,1,0,2026-08-19 20:00:40.818952+05:30
flipkart,TSHHCKSGAHZZHBTY,2026-07-14,1,5,0,0,0,0,1,1,0,0,0,2026-08-19 20:00:40.818952+05:30
flipkart,TSHHHJRATVMXGFAG,2026-07-16,1,5,0,0,0,0,1,1,0,0,0,2026-08-19 20:00:40.818952+05:30
flipkart,SRTHDH2J4RH3QHCM,2026-06-29,1,4,0,0,0,1,0,1,0,0,0,2026-08-19 20:00:40.818952+05:30
flipkart,TSHHCHZPFQEVEAQQ,2026-06-13,1,4,0,0,0,1,0,1,0,0,0,2026-08-19 20:00:40.818952+05:30
flipkart,TKPGSYPCNTSBCUUV,2026-07-31,1,4,0,0,0,1,0,1,0,0,0,2026-08-19 20:00:40.818952+05:30
flipkart,TKPGSYPCYGWJEACQ,2026-06-13,1,4,0,0,0,1,0,1,0,0,0,2026-08-19 20:00:40.818952+05:30
flipkart,BXRGRFHZDKCCHGCH,2026-07-27,1,4,0,0,0,1,0,1,0,0,0,2026-08-19 20:00:40.818952+05:30
flipkart,BXRHE4ERCEFXTENV,2026-05-01,21,90,1,1,2,4,13,17,2,2,0,2026-08-19 20:00:40.818952+05:30
flipkart,TSHHHJRAVFNZGNFF,2026-06-16,1,5,0,0,0,0,1,1,0,0,0,2026-08-19 20:00:40.818952+05:30
flipkart,TKPG38GFGWZYHEA9,2026-06-25,1,5,0,0,0,0,1,1,0,0,0,2026-08-19 20:00:40.818952+05:30
flipkart,TSHH8NRFTVJZF7DW,2026-07-01,3,15,0,0,0,0,3,3,0,0,0,2026-08-19 20:00:40.818952+05:30
flipkart,TKPH5URAFZJ9YSGG,2026-07-10,1,5,0,0,0,0,1,1,0,0,0,2026-08-19 20:00:40.818952+05:30
flipkart,TKPH2TTMKRWF58QM,2026-07-26,1,5,0,0,0,0,1,1,0,0,0,2026-08-19 20:00:40.818952+05:30
flipkart,TSHHHJRANNWPSFHF,2026-07-20,1,4,0,0,0,1,0,1,0,0,0,2026-08-19 20:00:40.818952+05:30
flipkart,BXRGZJCWSKK9RSYE,2026-03-01,4,17,0,0,1,1,2,3,0,1,0,2026-08-19 20:00:40.818952+05:30
flipkart,SRTHZA8B6ZPA72RJ,2026-07-13,1,5,0,0,0,0,1,1,0,0,0,2026-08-19 20:00:40.818952+05:30
flipkart,SRTGSYQGKBHXGKWV,2026-07-07,1,5,0,0,0,0,1,1,0,0,0,2026-08-19 20:00:40.818952+05:30
flipkart,BXRH2W5SMYCHTMF8,2026-07-26,1,5,0,0,0,0,1,1,0,0,0,2026-08-19 20:00:40.818952+05:30
flipkart,BXRHFQXCVGA9H3CZ,2026-05-01,5,15,1,1,1,1,1,2,2,1,0,2026-08-19 20:00:40.818952+05:30
flipkart,TSHHCHZPVJAGWTTG,2026-07-01,4,14,1,0,0,2,1,3,1,0,0,2026-08-19 20:00:40.818952+05:30
flipkart,BXRH2W5SWTEMKHPG,2026-06-01,1,1,1,0,0,0,0,0,1,0,0,2026-08-19 20:00:40.818952+05:30
flipkart,SRTGSYQGMGZZC5A6,2026-06-29,1,4,0,0,0,1,0,1,0,0,0,2026-08-19 20:00:40.818952+05:30
flipkart,BXRHC6DFE3JTKT5S,2026-07-09,1,4,0,0,0,1,0,1,0,0,0,2026-08-19 20:00:40.818952+05:30
flipkart,TKPG38GF3GZCVMU5,2026-07-01,4,18,0,0,1,0,3,3,0,1,0,2026-08-19 20:00:40.818952+05:30
flipkart,BXRH2W5SMYCHTMF8,2026-04-01,1,2,0,1,0,0,0,0,1,0,0,2026-08-19 20:00:40.818952+05:30
flipkart,BXRGRFMQYKUB9K5S,2026-07-09,1,1,1,0,0,0,0,0,1,0,0,2026-08-19 20:00:40.818952+05:30
flipkart,TKPH2TTMJCBF8R3M,2025-11-01,6,15,2,1,2,0,1,1,3,2,0,2026-08-19 20:00:40.818952+05:30
flipkart,TSHHCKSGDRPZGMHU,2026-07-14,1,5,0,0,0,0,1,1,0,0,0,2026-08-19 20:00:40.818952+05:30
flipkart,PANH46SM5MWVTYHY,2026-07-29,1,5,0,0,0,0,1,1,0,0,0,2026-08-19 20:00:40.818952+05:30
flipkart,VESFF2CGAF9RGFHX,2026-07-10,1,5,0,0,0,0,1,1,0,0,0,2026-08-19 20:00:40.818952+05:30
flipkart,BXRHFQXCJSCCGJ6J,2026-07-10,1,1,1,0,0,0,0,0,1,0,0,2026-08-19 20:00:40.818952+05:30
flipkart,TSHHHJRAHXY4F7PK,2026-07-25,2,8,0,0,0,2,0,2,0,0,0,2026-08-19 20:00:40.818952+05:30
flipkart,TSHHCHZPM8KUMFGH,2026-07-14,1,5,0,0,0,0,1,1,0,0,0,2026-08-19 20:00:40.818952+05:30
flipkart,TSHHCKSGDRPZGMHU,2026-04-01,2,10,0,0,0,0,2,2,0,0,0,2026-08-19 20:00:40.818952+05:30
flipkart,TSHHCHZPSYNBHGNM,2026-05-01,5,25,0,0,0,0,5,5,0,0,0,2026-08-19 20:00:40.818952+05:30
flipkart,TSHGSUTA8P6XKZWF,2026-07-09,1,5,0,0,0,0,1,1,0,0,0,2026-08-19 20:00:40.818952+05:30
flipkart,BXRH2W5SGPFYRGVV,2026-03-01,1,5,0,0,0,0,1,1,0,0,0,2026-08-19 20:00:40.818952+05:30
flipkart,TSHHHJRA2XFF6ZBX,2026-08-05,1,1,1,0,0,0,0,0,1,0,0,2026-08-19 20:00:40.818952+05:30
flipkart,BXRGRFHZNQNZARUM,2026-07-24,1,5,0,0,0,0,1,1,0,0,0,2026-08-19 20:00:40.818952+05:30
flipkart,TSHHHJRAAHQGWZMX,2026-08-02,1,5,0,0,0,0,1,1,0,0,0,2026-08-19 20:00:40.818952+05:30
flipkart,TKPGTHNYC5NYSAVJ,2026-07-30,1,3,0,0,1,0,0,0,0,1,0,2026-08-19 20:00:40.818952+05:30
flipkart,TSHHCKSGABGZAHRG,2026-07-01,4,14,1,0,0,2,1,3,1,0,0,2026-08-19 20:00:40.818952+05:30
flipkart,SRTGSYQGZFHM7HB2,2025-11-01,5,23,0,0,0,2,3,5,0,0,0,2026-08-19 20:00:40.818952+05:30
flipkart,VESGZ9YZUURYFYZZ,2026-07-01,1,5,0,0,0,0,1,1,0,0,0,2026-08-19 20:00:40.818952+05:30
flipkart,BXRHE4ERCEFXTENV,2026-07-01,3,10,1,0,0,1,1,2,1,0,0,2026-08-19 20:00:40.818952+05:30
flipkart,AFKGFYDYGVXGB5R5,2026-02-01,2,10,0,0,0,0,2,2,0,0,0,2026-08-19 20:00:40.818952+05:30
flipkart,BXRH2W5SF88MYEM4,2026-03-01,1,5,0,0,0,0,1,1,0,0,0,2026-08-19 20:00:40.818952+05:30
flipkart,TSHHCKSGPGYUQY9G,2026-03-01,1,5,0,0,0,0,1,1,0,0,0,2026-08-19 20:00:40.818952+05:30
flipkart,SRTFFFUDS9Q4YWUA,2025-11-01,3,14,0,0,0,1,2,3,0,0,0,2026-08-19 20:00:40.818952+05:30
flipkart,BXRGRFMQYKUB9K5S,2026-08-07,1,1,1,0,0,0,0,0,1,0,0,2026-08-19 20:00:40.818952+05:30
flipkart,VESFF2CGA2MXW9WH,2026-07-01,2,10,0,0,0,0,2,2,0,0,0,2026-08-19 20:00:40.818952+05:30
flipkart,TSHHCKSGMZPHHWZG,2026-08-01,1,2,0,1,0,0,0,0,1,0,0,2026-08-19 20:00:40.818952+05:30
flipkart,TKPGTHNYEEK6PNKC,2026-06-20,1,2,0,1,0,0,0,0,1,0,0,2026-08-19 20:00:40.818952+05:30
flipkart,TSHHHJRA2XFF6ZBX,2026-07-20,1,4,0,0,0,1,0,1,0,0,0,2026-08-19 20:00:40.818952+05:30
flipkart,BXRGZJCWFM47ZXAB,2026-08-02,1,1,1,0,0,0,0,0,1,0,0,2026-08-19 20:00:40.818952+05:30
flipkart,TSHHHJRA2XFF6ZBX,2026-06-01,3,12,0,0,1,1,1,2,0,1,0,2026-08-19 20:00:40.818952+05:30
flipkart,TKPH2TTMZNKBVN52,2026-02-01,2,7,0,1,0,0,1,1,1,0,0,2026-08-19 20:00:40.818952+05:30
flipkart,TSHHHJRA2XFF6ZBX,2026-07-16,1,5,0,0,0,0,1,1,0,0,0,2026-08-19 20:00:40.818952+05:30
flipkart,TSHHG96EU3QTAQYG,2026-07-01,3,15,0,0,0,0,3,3,0,0,0,2026-08-19 20:00:40.818952+05:30
flipkart,BXRGRFMQHQHQPFJZ,2026-07-08,1,1,1,0,0,0,0,0,1,0,0,2026-08-19 20:00:40.818952+05:30
flipkart,SRTFFFUDS9Q4YWUA,2025-09-01,2,10,0,0,0,0,2,2,0,0,0,2026-08-19 20:00:40.818952+05:30
flipkart,BXRH2W5SF88MYEM4,2026-04-01,1,2,0,1,0,0,0,0,1,0,0,2026-08-19 20:00:40.818952+05:30
flipkart,TSHHHJRA8C7ZXDW3,2026-07-01,14,62,0,1,2,1,10,11,1,2,0,2026-08-19 20:00:40.818952+05:30
flipkart,BXRGRFHZCVHHZTGY,2025-11-01,3,12,0,0,1,1,1,2,0,1,0,2026-08-19 20:00:40.818952+05:30
flipkart,TSHHHJRA8C7ZXDW3,2026-07-15,1,5,0,0,0,0,1,1,0,0,0,2026-08-19 20:00:40.818952+05:30
flipkart,SNRGEMJDBHBCNYCF,2026-06-16,1,5,0,0,0,0,1,1,0,0,0,2026-08-19 20:00:40.818952+05:30
flipkart,SRTFFFUD3BGPEXZY,2025-10-01,8,27,3,0,0,1,4,5,3,0,0,2026-08-19 20:00:40.818952+05:30
flipkart,BXRHFQXCBDZZKBFW,2026-07-12,1,3,0,0,1,0,0,0,0,1,0,2026-08-19 20:00:40.818952+05:30
flipkart,NSTH563K7FH6RETF,2026-05-01,1,5,0,0,0,0,1,1,0,0,0,2026-08-19 20:00:40.818952+05:30
flipkart,TKPGSYPCXUARRUMY,2026-07-16,1,5,0,0,0,0,1,1,0,0,0,2026-08-19 20:00:40.818952+05:30
flipkart,PYJH2TWEWZPG2CWJ,2026-05-01,1,3,0,0,1,0,0,0,0,1,0,2026-08-19 20:00:40.818952+05:30
flipkart,TSHH8NRFTVJZF7DW,2026-01-01,4,14,1,0,1,0,2,2,1,1,0,2026-08-19 20:00:40.818952+05:30
flipkart,FRNFFMPM4ZGJZWAV,2026-01-01,1,5,0,0,0,0,1,1,0,0,0,2026-08-19 20:00:40.818952+05:30
flipkart,TKPGTHNYEEK6PNKC,2026-04-01,3,8,1,1,0,0,1,1,2,0,0,2026-08-19 20:00:40.818952+05:30
flipkart,SNRE5FB4TUKHY9GR,2026-03-01,12,57,0,0,0,3,9,12,0,0,0,2026-08-19 20:00:40.818952+05:30
flipkart,TSHHHJRATVMXGFAG,2026-08-03,1,5,0,0,0,0,1,1,0,0,0,2026-08-19 20:00:40.818952+05:30
flipkart,TSHHHJRA2XFF6ZBX,2026-08-10,1,1,1,0,0,0,0,0,1,0,0,2026-08-19 20:00:40.818952+05:30
flipkart,SRTFEYC4J3YQFBHE,2026-04-01,1,5,0,0,0,0,1,1,0,0,0,2026-08-19 20:00:40.818952+05:30
flipkart,TSHHCKSGSP8GHBJG,2026-07-18,1,5,0,0,0,0,1,1,0,0,0,2026-08-19 20:00:40.818952+05:30
flipkart,SNREQ9KFHCMXACM9,2026-03-01,2,10,0,0,0,0,2,2,0,0,0,2026-08-19 20:00:40.818952+05:30
flipkart,TKPGFQNDRFKAVNYZ,2026-06-15,1,5,0,0,0,0,1,1,0,0,0,2026-08-19 20:00:40.818952+05:30
flipkart,TSHHCKSGZNZPWUGC,2026-07-28,1,5,0,0,0,0,1,1,0,0,0,2026-08-19 20:00:40.818952+05:30
flipkart,BXRHFQXCBDZZKBFW,2026-07-24,1,5,0,0,0,0,1,1,0,0,0,2026-08-19 20:00:40.818952+05:30
flipkart,TSHHHJRANNWPSFHF,2026-06-13,1,3,0,0,1,0,0,0,0,1,0,2026-08-19 20:00:40.818952+05:30
flipkart,BXRGRFHZDKCCHGCH,2025-11-01,3,12,0,0,1,1,1,2,0,1,0,2026-08-19 20:00:40.818952+05:30
flipkart,BXRGRFHZMPDXZWY7,2026-07-09,1,1,1,0,0,0,0,0,1,0,0,2026-08-19 20:00:40.818952+05:30
flipkart,TKPGTHNYEEK6PNKC,2026-07-01,4,14,0,1,1,1,1,2,1,1,0,2026-08-19 20:00:40.818952+05:30
flipkart,SNRE5FB4TUKHY9GR,2026-06-20,1,5,0,0,0,0,1,1,0,0,0,2026-08-19 20:00:40.818952+05:30
flipkart,TKPGTHNYQFUTTFVA,2026-06-20,1,2,0,1,0,0,0,0,1,0,0,2026-08-19 20:00:40.818952+05:30
flipkart,TSHHCHZPWEDWVFFP,2026-04-01,2,10,0,0,0,0,2,2,0,0,0,2026-08-19 20:00:40.818952+05:30
flipkart,BXRGRFHZMPDXZWY7,2026-07-24,1,5,0,0,0,0,1,1,0,0,0,2026-08-19 20:00:40.818952+05:30
flipkart,TSHHHJRAZY3BXMSE,2026-07-11,1,5,0,0,0,0,1,1,0,0,0,2026-08-19 20:00:40.818952+05:30
flipkart,BXRH2W5SMYCHTMF8,2025-09-01,2,8,0,0,1,0,1,1,0,1,0,2026-08-19 20:00:40.818952+05:30
flipkart,SRTFFFUDPECZJGJN,2025-12-01,1,5,0,0,0,0,1,1,0,0,0,2026-08-19 20:00:40.818952+05:30
flipkart,BXRGRFHZDKCCHGCH,2026-05-01,1,3,0,0,1,0,0,0,0,1,0,2026-08-19 20:00:40.818952+05:30
flipkart,SRTGSYQGQPJEP8SR,2026-06-29,1,4,0,0,0,1,0,1,0,0,0,2026-08-19 20:00:40.818952+05:30
flipkart,TSHGSUT9HEHTJVKA,2026-07-09,1,5,0,0,0,0,1,1,0,0,0,2026-08-19 20:00:40.818952+05:30
flipkart,SRTHDH2J4RH3QHCM,2025-12-01,2,9,0,0,0,1,1,2,0,0,0,2026-08-19 20:00:40.818952+05:30
flipkart,TSHHHJRA8C7ZXDW3,2026-08-10,1,1,1,0,0,0,0,0,1,0,0,2026-08-19 20:00:40.818952+05:30
flipkart,SRTGSYQGUNZZH6A6,2025-11-01,5,23,0,0,0,2,3,5,0,0,0,2026-08-19 20:00:40.818952+05:30
flipkart,TSHHHJRAVFNZGNFF,2026-06-17,1,2,0,1,0,0,0,0,1,0,0,2026-08-19 20:00:40.818952+05:30
flipkart,BXRGRFMQGMZFEGNJ,2025-09-01,1,5,0,0,0,0,1,1,0,0,0,2026-08-19 20:00:40.818952+05:30
flipkart,SRTFFFUDKHADW5AT,2026-06-01,1,5,0,0,0,0,1,1,0,0,0,2026-08-19 20:00:40.818952+05:30
flipkart,BXRHC6D3GGAB6HGP,2026-02-01,1,3,0,0,1,0,0,0,0,1,0,2026-08-19 20:00:40.818952+05:30
flipkart,TKPH5URAPZJ7TGXZ,2026-07-10,1,5,0,0,0,0,1,1,0,0,0,2026-08-19 20:00:40.818952+05:30
flipkart,BXRHC6DYVZD6TGQX,2026-04-01,2,6,0,0,2,0,0,0,0,2,0,2026-08-19 20:00:40.818952+05:30
flipkart,FCKFB5ZT3FMM3MHR,2026-08-03,1,5,0,0,0,0,1,1,0,0,0,2026-08-19 20:00:40.818952+05:30
flipkart,TSHHHJRA94PWAYGW,2026-06-16,1,5,0,0,0,0,1,1,0,0,0,2026-08-19 20:00:40.818952+05:30
flipkart,TSHHHJRARG5VGWZC,2026-06-01,2,7,0,0,1,1,0,1,0,1,0,2026-08-19 20:00:40.818952+05:30
flipkart,TSHGSUT9HEHTJVKA,2025-09-01,6,19,1,0,3,1,1,2,1,3,0,2026-08-19 20:00:40.818952+05:30
flipkart,TSHHHJRAAHQGWZMX,2026-06-29,1,5,0,0,0,0,1,1,0,0,0,2026-08-19 20:00:40.818952+05:30
flipkart,TSHHCKSGSP8GHBJG,2025-09-01,2,8,0,0,1,0,1,1,0,1,0,2026-08-19 20:00:40.818952+05:30
flipkart,TSHHCHZPSYNBHGNM,2026-06-13,1,4,0,0,0,1,0,1,0,0,0,2026-08-19 20:00:40.818952+05:30
flipkart,TKPGTHNYXHCXPJFH,2026-02-01,1,5,0,0,0,0,1,1,0,0,0,2026-08-19 20:00:40.818952+05:30
flipkart,BXRGRFMQXVGVCHTX,2026-02-01,3,11,0,0,2,0,1,1,0,2,0,2026-08-19 20:00:40.818952+05:30
flipkart,TKPGDC7BGNQBZXHX,2026-06-13,1,4,0,0,0,1,0,1,0,0,0,2026-08-19 20:00:40.818952+05:30
flipkart,TSHHCKSGZNZPWUGC,2026-03-01,1,5,0,0,0,0,1,1,0,0,0,2026-08-19 20:00:40.818952+05:30
flipkart,TSHHG96EU3QTAQYG,2026-01-01,4,14,1,0,1,0,2,2,1,1,0,2026-08-19 20:00:40.818952+05:30
flipkart,BXRGRFHZZKF8JG49,2026-07-08,1,1,1,0,0,0,0,0,1,0,0,2026-08-19 20:00:40.818952+05:30
flipkart,TSHHHJRA8C7ZXDW3,2026-06-16,1,5,0,0,0,0,1,1,0,0,0,2026-08-19 20:00:40.818952+05:30
flipkart,FCKFAGAYGGYMEWQT,2026-07-01,4,18,0,0,1,0,3,3,0,1,0,2026-08-19 20:00:40.818952+05:30
flipkart,VESGFCUGGDGPQ5HR,2026-06-29,1,4,0,0,0,1,0,1,0,0,0,2026-08-19 20:00:40.818952+05:30
flipkart,BXRHFQXCBDZZKBFW,2026-07-09,1,4,0,0,0,1,0,1,0,0,0,2026-08-19 20:00:40.818952+05:30
flipkart,TSHHCKSGAHZZHBTY,2026-07-13,1,5,0,0,0,0,1,1,0,0,0,2026-08-19 20:00:40.818952+05:30
flipkart,TKPGDC7BGZNCKDUZ,2026-01-01,4,15,1,0,0,1,2,3,1,0,0,2026-08-19 20:00:40.818952+05:30
flipkart,TSHGSUTCQHTXPU7T,2026-07-22,1,4,0,0,0,1,0,1,0,0,0,2026-08-19 20:00:40.818952+05:30
flipkart,VESFF2CGWJDZPPDU,2026-07-13,1,4,0,0,0,1,0,1,0,0,0,2026-08-19 20:00:40.818952+05:30
flipkart,TSHHCKSGABGZAHRG,2026-07-23,1,4,0,0,0,1,0,1,0,0,0,2026-08-19 20:00:40.818952+05:30
flipkart,BXRGZJCWUYJDVF9M,2026-06-22,1,5,0,0,0,0,1,1,0,0,0,2026-08-19 20:00:40.818952+05:30
flipkart,TSHHHJRAYZD4VNH2,2026-07-25,2,8,0,0,0,2,0,2,0,0,0,2026-08-19 20:00:40.818952+05:30
flipkart,TKPGSYXCFXPTHZBK,2026-06-13,1,4,0,0,0,1,0,1,0,0,0,2026-08-19 20:00:40.818952+05:30
flipkart,TSHHHJRA6RS7EUZE,2026-06-01,2,7,0,0,1,1,0,1,0,1,0,2026-08-19 20:00:40.818952+05:30
flipkart,TSHHCHZPXTGZXVZF,2025-12-01,1,1,1,0,0,0,0,0,1,0,0,2026-08-19 20:00:40.818952+05:30
flipkart,SRTHDH2JWSHGP896,2026-06-29,1,4,0,0,0,1,0,1,0,0,0,2026-08-19 20:00:40.818952+05:30
flipkart,TKPH8MTXDBUUNCZ6,2026-02-01,8,30,1,1,1,1,4,5,2,1,0,2026-08-19 20:00:40.818952+05:30
flipkart,TSHHCKSGSZFNEFAY,2026-07-23,1,4,0,0,0,1,0,1,0,0,0,2026-08-19 20:00:40.818952+05:30
flipkart,TKPGSYPCSVEGZXTU,2026-07-26,1,4,0,0,0,1,0,1,0,0,0,2026-08-19 20:00:40.818952+05:30
flipkart,TSHHHJRARECBQRGY,2026-07-25,2,8,0,0,0,2,0,2,0,0,0,2026-08-19 20:00:40.818952+05:30
flipkart,TKPGDC7BHZZQKEX6,2026-07-26,1,4,0,0,0,1,0,1,0,0,0,2026-08-19 20:00:40.818952+05:30
flipkart,TSHHCHZPWEDWVFFP,2026-07-23,1,4,0,0,0,1,0,1,0,0,0,2026-08-19 20:00:40.818952+05:30
flipkart,TSHHCKSGWQKARXTR,2026-04-01,2,10,0,0,0,0,2,2,0,0,0,2026-08-19 20:00:40.818952+05:30
flipkart,TSHHHJRAYZD4VNH2,2026-07-20,1,4,0,0,0,1,0,1,0,0,0,2026-08-19 20:00:40.818952+05:30
flipkart,BXRH2W5S7X8D9ZSS,2026-06-07,1,1,1,0,0,0,0,0,1,0,0,2026-08-19 20:00:40.818952+05:30
flipkart,VESFF2CGMCBHCBCW,2026-07-29,1,5,0,0,0,0,1,1,0,0,0,2026-08-19 20:00:40.818952+05:30
flipkart,BXRGRFMQHGNKWPEY,2025-11-01,3,12,0,0,1,1,1,2,0,1,0,2026-08-19 20:00:40.818952+05:30
flipkart,TKPG38GFGWZYHEA9,2026-04-01,3,9,0,1,1,1,0,1,1,1,0,2026-08-19 20:00:40.818952+05:30
flipkart,TKPGTHNYXHCXPJFH,2026-07-16,1,5,0,0,0,0,1,1,0,0,0,2026-08-19 20:00:40.818952+05:30
flipkart,BXRGRFMQAJVB8HKM,2026-07-23,1,5,0,0,0,0,1,1,0,0,0,2026-08-19 20:00:40.818952+05:30
flipkart,TKPGSYPCXDEZYQDG,2026-01-01,15,50,2,3,1,6,3,9,5,1,0,2026-08-19 20:00:40.818952+05:30
flipkart,SRTFEYC44SNDHXKZ,2026-07-07,1,5,0,0,0,0,1,1,0,0,0,2026-08-19 20:00:40.818952+05:30
flipkart,TSHHHGZVGKYX7YXD,2026-07-21,1,4,0,0,0,1,0,1,0,0,0,2026-08-19 20:00:40.818952+05:30
flipkart,TSHHHJRAYZD4VNH2,2026-06-13,1,3,0,0,1,0,0,0,0,1,0,2026-08-19 20:00:40.818952+05:30
flipkart,TSHH8NR5R9KTDJQW,2025-10-01,4,17,0,1,0,0,3,3,1,0,0,2026-08-19 20:00:40.818952+05:30
flipkart,SNRGEHFWXXTCVDZM,2026-07-01,6,15,3,1,0,0,2,2,4,0,0,2026-08-19 20:00:40.818952+05:30
flipkart,BRFGCV4VG7FF6ZSA,2025-10-01,1,1,1,0,0,0,0,0,1,0,0,2026-08-19 20:00:40.818952+05:30
flipkart,SRTHDH2JESGPPG8F,2026-07-07,1,5,0,0,0,0,1,1,0,0,0,2026-08-19 20:00:40.818952+05:30
flipkart,TSHHCKSGSP8GHBJG,2026-02-01,2,5,0,1,1,0,0,0,1,1,0,2026-08-19 20:00:40.818952+05:30
flipkart,BXRGRFMQAJVB8HKM,2026-06-28,1,5,0,0,0,0,1,1,0,0,0,2026-08-19 20:00:40.818952+05:30
flipkart,TKPGTHNYXKPURXZD,2026-06-20,1,2,0,1,0,0,0,0,1,0,0,2026-08-19 20:00:40.818952+05:30
flipkart,BXRHFQXCBDZZKBFW,2025-11-01,6,21,0,1,1,4,0,4,1,1,0,2026-08-19 20:00:40.818952+05:30
flipkart,BXRGRFMQXVGVCHTX,2026-01-01,2,6,0,0,2,0,0,0,0,2,0,2026-08-19 20:00:40.818952+05:30
flipkart,VESFF2CGV9KVUF73,2026-06-01,1,5,0,0,0,0,1,1,0,0,0,2026-08-19 20:00:40.818952+05:30
flipkart,BXRGRFMQAJVB8HKM,2026-06-01,1,3,0,0,1,0,0,0,0,1,0,2026-08-19 20:00:40.818952+05:30
flipkart,TSHHCKSGPGYUQY9G,2026-08-01,1,2,0,1,0,0,0,0,1,0,0,2026-08-19 20:00:40.818952+05:30
flipkart,TSHHHJRA2XFF6ZBX,2026-06-16,1,5,0,0,0,0,1,1,0,0,0,2026-08-19 20:00:40.818952+05:30
flipkart,TSHHG96EMWH9RQ6V,2026-06-06,1,5,0,0,0,0,1,1,0,0,0,2026-08-19 20:00:40.818952+05:30
flipkart,BXRGRFHZE7HPWZVS,2026-08-06,1,4,0,0,0,1,0,1,0,0,0,2026-08-19 20:00:40.818952+05:30
flipkart,TSHHCHZPXTGZXVZF,2026-06-30,1,5,0,0,0,0,1,1,0,0,0,2026-08-19 20:00:40.818952+05:30
flipkart,BXRGZJCWSKK9RSYE,2025-11-01,12,50,0,1,2,3,6,9,1,2,0,2026-08-19 20:00:40.818952+05:30
flipkart,BXRGRFHZDKCCHGCH,2026-07-23,1,5,0,0,0,0,1,1,0,0,0,2026-08-19 20:00:40.818952+05:30
flipkart,AFKGFYDYGVXGB5R5,2026-07-26,1,5,0,0,0,0,1,1,0,0,0,2026-08-19 20:00:40.818952+05:30
flipkart,TKPGSYPCXDEZYQDG,2026-06-13,1,4,0,0,0,1,0,1,0,0,0,2026-08-19 20:00:40.818952+05:30
flipkart,TKPH8MTXNRYV3DAZ,2026-07-01,4,15,1,0,0,1,2,3,1,0,0,2026-08-19 20:00:40.818952+05:30
flipkart,TKPGTHNYXKPURXZD,2026-07-01,4,14,0,1,1,1,1,2,1,1,0,2026-08-19 20:00:40.818952+05:30
flipkart,BXRGRFHNSVU6JKXH,2026-07-20,1,1,1,0,0,0,0,0,1,0,0,2026-08-19 20:00:40.818952+05:30
flipkart,TSHHHJRATZFGHRZ6,2026-08-03,1,5,0,0,0,0,1,1,0,0,0,2026-08-19 20:00:40.818952+05:30
flipkart,SRTFFFUD3BGPEXZY,2025-12-01,1,5,0,0,0,0,1,1,0,0,0,2026-08-19 20:00:40.818952+05:30
flipkart,BXRGZJCWSKK9RSYE,2025-09-01,20,58,7,2,2,4,5,9,9,2,0,2026-08-19 20:00:40.818952+05:30
flipkart,TSHGSUTA9ZWNC3QG,2026-08-08,1,1,1,0,0,0,0,0,1,0,0,2026-08-19 20:00:40.818952+05:30
flipkart,TSHHCHZPYY2A6GA4,2026-07-23,1,4,0,0,0,1,0,1,0,0,0,2026-08-19 20:00:40.818952+05:30
flipkart,TKPG38GFMHZWSH9G,2026-06-25,1,5,0,0,0,0,1,1,0,0,0,2026-08-19 20:00:40.818952+05:30
flipkart,TSHGSUTCU9JSGH44,2026-06-05,1,5,0,0,0,0,1,1,0,0,0,2026-08-19 20:00:40.818952+05:30
flipkart,VESFF2CGAF9RGFHX,2026-07-11,1,5,0,0,0,0,1,1,0,0,0,2026-08-19 20:00:40.818952+05:30
flipkart,SRTHDH2JESGPPG8F,2026-06-29,1,4,0,0,0,1,0,1,0,0,0,2026-08-19 20:00:40.818952+05:30
flipkart,FCKFB5ZT3FMM3MHR,2026-07-20,1,5,0,0,0,0,1,1,0,0,0,2026-08-19 20:00:40.818952+05:30
flipkart,VESFF2CGKSVEYRMF,2026-04-01,1,1,1,0,0,0,0,0,1,0,0,2026-08-19 20:00:40.818952+05:30
flipkart,BXRGRFHZATAPYBDY,2026-01-01,2,6,0,0,2,0,0,0,0,2,0,2026-08-19 20:00:40.818952+05:30
flipkart,TKPGTHNYXHCXPJFH,2025-12-01,1,2,0,1,0,0,0,0,1,0,0,2026-08-19 20:00:40.818952+05:30
flipkart,SRTHDH2J4RH3QHCM,2026-07-07,1,5,0,0,0,0,1,1,0,0,0,2026-08-19 20:00:40.818952+05:30
flipkart,TSHHCHZPWEDWVFFP,2026-03-01,1,5,0,0,0,0,1,1,0,0,0,2026-08-19 20:00:40.818952+05:30
flipkart,FCWFG3MEKYQF6WAE,2026-01-01,1,1,1,0,0,0,0,0,1,0,0,2026-08-19 20:00:40.818952+05:30
flipkart,BXRGZJCWYYCZQ9PZ,2026-01-01,1,5,0,0,0,0,1,1,0,0,0,2026-08-19 20:00:40.818952+05:30
flipkart,TSHHCHZPWEDWVFFP,2026-07-14,1,5,0,0,0,0,1,1,0,0,0,2026-08-19 20:00:40.818952+05:30
flipkart,TKPH2TTMZNKBVN52,2025-12-01,5,16,1,1,0,2,1,3,2,0,0,2026-08-19 20:00:40.818952+05:30
flipkart,TSHHHJRAYZD4VNH2,2026-07-16,1,5,0,0,0,0,1,1,0,0,0,2026-08-19 20:00:40.818952+05:30
flipkart,BXRH2W5SSU8DYVH5,2025-11-01,2,9,0,0,0,1,1,2,0,0,0,2026-08-19 20:00:40.818952+05:30
flipkart,BXRGRFMQGMZFEGNJ,2026-08-08,1,5,0,0,0,0,1,1,0,0,0,2026-08-19 20:00:40.818952+05:30
flipkart,TSHHCHZPNH4VGSJA,2026-07-29,1,5,0,0,0,0,1,1,0,0,0,2026-08-19 20:00:40.818952+05:30
flipkart,TSHHHJRAYZD4VNH2,2026-07-09,2,10,0,0,0,0,2,2,0,0,0,2026-08-19 20:00:40.818952+05:30
flipkart,TSHHCKSGFXPPK5GV,2025-12-01,1,1,1,0,0,0,0,0,1,0,0,2026-08-19 20:00:40.818952+05:30
flipkart,TSHHCHZPYY2A6GA4,2026-05-01,5,25,0,0,0,0,5,5,0,0,0,2026-08-19 20:00:40.818952+05:30
flipkart,BXRGRFHZ6RH2KZWD,2026-06-01,1,3,0,0,1,0,0,0,0,1,0,2026-08-19 20:00:40.818952+05:30
flipkart,BXRH2W5SJRAGFHXT,2026-07-08,1,5,0,0,0,0,1,1,0,0,0,2026-08-19 20:00:40.818952+05:30
flipkart,TSHH8NR5R9KTDJQW,2026-06-01,4,17,0,1,0,0,3,3,1,0,0,2026-08-19 20:00:40.818952+05:30
flipkart,BXRGRFHZCXZP6VP8,2025-09-01,1,5,0,0,0,0,1,1,0,0,0,2026-08-19 20:00:40.818952+05:30
flipkart,TSHHHJRANNWPSFHF,2026-07-16,1,5,0,0,0,0,1,1,0,0,0,2026-08-19 20:00:40.818952+05:30
flipkart,TSHHCKSG7PQRZGM2,2026-08-03,1,1,1,0,0,0,0,0,1,0,0,2026-08-19 20:00:40.818952+05:30
flipkart,TSHGSUTA8P6XKZWF,2026-02-01,3,7,2,0,0,0,1,1,2,0,0,2026-08-19 20:00:40.818952+05:30
flipkart,TSHHCKSGYZBSAB3B,2026-07-25,1,5,0,0,0,0,1,1,0,0,0,2026-08-19 20:00:40.818952+05:30
flipkart,BXRHFQXCJFMZ8ZPC,2025-10-01,3,10,1,0,0,1,1,2,1,0,0,2026-08-19 20:00:40.818952+05:30
flipkart,TSHHCHZPAD7JCGRK,2026-07-14,1,5,0,0,0,0,1,1,0,0,0,2026-08-19 20:00:40.818952+05:30
flipkart,BXRGRFHZATAPYBDY,2026-05-01,1,3,0,0,1,0,0,0,0,1,0,2026-08-19 20:00:40.818952+05:30
flipkart,SNRGEMJDBHBCNYCF,2026-06-01,14,56,1,1,2,3,7,10,2,2,0,2026-08-19 20:00:40.818952+05:30
flipkart,FCKFAGAYGGYMEWQT,2026-07-27,1,5,0,0,0,0,1,1,0,0,0,2026-08-19 20:00:40.818952+05:30
flipkart,BXRHFQXCH2ZZWNSU,2026-06-01,8,28,1,1,2,1,3,4,2,2,0,2026-08-19 20:00:40.818952+05:30
flipkart,BXRGE9FTZJ7RTHME,2026-06-25,1,4,0,0,0,1,0,1,0,0,0,2026-08-19 20:00:40.818952+05:30
flipkart,SSVGY7YYCCFUVZKH,2026-06-16,1,2,0,1,0,0,0,0,1,0,0,2026-08-19 20:00:40.818952+05:30
flipkart,TSHHCHZPNH4VGSJA,2025-09-01,2,8,0,0,1,0,1,1,0,1,0,2026-08-19 20:00:40.818952+05:30
flipkart,BXRHFQXCBDZZKBFW,2026-05-01,5,15,1,1,1,1,1,2,2,1,0,2026-08-19 20:00:40.818952+05:30
flipkart,BXRGRFHZNQNZARUM,2026-07-01,4,13,1,0,1,1,1,2,1,1,0,2026-08-19 20:00:40.818952+05:30
flipkart,TKPGDC7BK9HTWTBG,2026-07-31,1,4,0,0,0,1,0,1,0,0,0,2026-08-19 20:00:40.818952+05:30
flipkart,TSHHCKSG7PQRZGM2,2026-03-01,1,5,0,0,0,0,1,1,0,0,0,2026-08-19 20:00:40.818952+05:30
flipkart,TSHHHJRAVFNZGNFF,2026-07-01,10,42,0,1,2,1,6,7,1,2,0,2026-08-19 20:00:40.818952+05:30
flipkart,FCKFB5ZT3FMM3MHR,2026-07-10,1,4,0,0,0,1,0,1,0,0,0,2026-08-19 20:00:40.818952+05:30
flipkart,TKPHNDMEDRQUYWHZ,2026-07-14,2,6,0,1,0,1,0,1,1,0,0,2026-08-19 20:00:40.818952+05:30
flipkart,TSHHCKSGWQKARXTR,2025-10-01,10,29,4,1,0,2,3,5,5,0,0,2026-08-19 20:00:40.818952+05:30
flipkart,TSHGSUTCU9JSGH44,2026-07-09,1,5,0,0,0,0,1,1,0,0,0,2026-08-19 20:00:40.818952+05:30
flipkart,SOCH7KSZXDZQHQGG,2026-01-01,1,5,0,0,0,0,1,1,0,0,0,2026-08-19 20:00:40.818952+05:30
flipkart,SRTGSYQGKBHXGKWV,2025-12-01,2,9,0,0,0,1,1,2,0,0,0,2026-08-19 20:00:40.818952+05:30
flipkart,SRTHZA56HKFQFPZQ,2026-07-26,1,2,0,1,0,0,0,0,1,0,0,2026-08-19 20:00:40.818952+05:30
flipkart,SRTGSYQGZFHM7HB2,2026-07-14,1,5,0,0,0,0,1,1,0,0,0,2026-08-19 20:00:40.818952+05:30
flipkart,TKPH2TTMWMHWFXPE,2025-10-01,2,7,0,0,1,1,0,1,0,1,0,2026-08-19 20:00:40.818952+05:30
flipkart,BXRH2W5SSXWGWGSD,2026-07-01,2,6,1,0,0,0,1,1,1,0,0,2026-08-19 20:00:40.818952+05:30
flipkart,BXRGRFMQHGNKWPEY,2026-07-15,1,4,0,0,0,1,0,1,0,0,0,2026-08-19 20:00:40.818952+05:30
flipkart,TSHHCHZPSYNBHGNM,2026-08-01,1,2,0,1,0,0,0,0,1,0,0,2026-08-19 20:00:40.818952+05:30
flipkart,TSHHHJRAX9D5ZHGY,2026-07-09,2,10,0,0,0,0,2,2,0,0,0,2026-08-19 20:00:40.818952+05:30
flipkart,BXRHFS5FHHMGH7HH,2026-03-01,1,4,0,0,0,1,0,1,0,0,0,2026-08-19 20:00:40.818952+05:30
flipkart,BXRGRFHZNQNZARUM,2026-06-01,1,3,0,0,1,0,0,0,0,1,0,2026-08-19 20:00:40.818952+05:30
flipkart,PANH46SM5MWVTYHY,2025-09-01,1,5,0,0,0,0,1,1,0,0,0,2026-08-19 20:00:40.818952+05:30
flipkart,TKPH8MTJUWNEVNBA,2025-09-01,1,5,0,0,0,0,1,1,0,0,0,2026-08-19 20:00:40.818952+05:30
flipkart,SNRGEMJDBHBCNYCF,2026-06-28,1,5,0,0,0,0,1,1,0,0,0,2026-08-19 20:00:40.818952+05:30
flipkart,TSHHCHZPCTKYBK4A,2025-09-01,2,8,0,0,1,0,1,1,0,1,0,2026-08-19 20:00:40.818952+05:30
flipkart,SRTHDH2JJCKJWXVF,2026-06-29,1,4,0,0,0,1,0,1,0,0,0,2026-08-19 20:00:40.818952+05:30
flipkart,BXRH2W5SMYCHTMF8,2026-07-01,2,6,1,0,0,0,1,1,1,0,0,2026-08-19 20:00:40.818952+05:30
flipkart,SNRFEMFYNJHWJ9VG,2026-06-14,1,1,1,0,0,0,0,0,1,0,0,2026-08-19 20:00:40.818952+05:30
flipkart,SRTHDH2JWZAPE9VY,2025-12-01,2,9,0,0,0,1,1,2,0,0,0,2026-08-19 20:00:40.818952+05:30
flipkart,BXRHFQXCZDYKVXP4,2026-01-01,5,22,0,0,1,1,3,4,0,1,0,2026-08-19 20:00:40.818952+05:30
flipkart,BXRGRFHZ6RH2KZWD,2026-08-07,1,1,1,0,0,0,0,0,1,0,0,2026-08-19 20:00:40.818952+05:30
flipkart,TSHHCHZP3TPCWQMM,2026-08-03,1,1,1,0,0,0,0,0,1,0,0,2026-08-19 20:00:40.818952+05:30
flipkart,TSHGSUTBCYM82QFQ,2026-07-01,3,15,0,0,0,0,3,3,0,0,0,2026-08-19 20:00:40.818952+05:30
flipkart,TSHHHJRA94PWAYGW,2026-04-01,1,1,1,0,0,0,0,0,1,0,0,2026-08-19 20:00:40.818952+05:30
flipkart,TKPHZTUBHDBYB4NZ,2026-01-01,9,27,1,4,0,2,2,4,5,0,0,2026-08-19 20:00:40.818952+05:30
flipkart,SRTFFFUDGCPVKPJS,2025-10-01,8,27,3,0,0,1,4,5,3,0,0,2026-08-19 20:00:40.818952+05:30
flipkart,TKPGSYPCNTSBCUUV,2025-09-01,7,33,0,0,0,2,5,7,0,0,0,2026-08-19 20:00:40.818952+05:30
flipkart,TSHHCHZPM8KUMFGH,2026-06-29,2,6,1,0,0,0,1,1,1,0,0,2026-08-19 20:00:40.818952+05:30
flipkart,TSHHCHZPM8KUMFGH,2026-07-01,4,14,1,0,0,2,1,3,1,0,0,2026-08-19 20:00:40.818952+05:30
flipkart,TSHGSUTCQHTXPU7T,2026-07-20,1,4,0,0,0,1,0,1,0,0,0,2026-08-19 20:00:40.818952+05:30
flipkart,TSHHHJRAHXY4F7PK,2026-07-12,1,4,0,0,0,1,0,1,0,0,0,2026-08-19 20:00:40.818952+05:30
flipkart,TKPH2TTMJCBF8R3M,2025-12-01,5,16,1,1,0,2,1,3,2,0,0,2026-08-19 20:00:40.818952+05:30
flipkart,TSHHCKSGPGYUQY9G,2026-07-23,1,4,0,0,0,1,0,1,0,0,0,2026-08-19 20:00:40.818952+05:30
flipkart,TSHGSUTCU9JSGH44,2026-06-01,4,17,0,1,0,0,3,3,1,0,0,2026-08-19 20:00:40.818952+05:30
flipkart,TSHHCKSGU77X4FDT,2025-11-01,4,17,0,0,1,1,2,3,0,1,0,2026-08-19 20:00:40.818952+05:30
flipkart,BXRGRFHZECWSEYJZ,2026-07-01,4,13,1,0,1,1,1,2,1,1,0,2026-08-19 20:00:40.818952+05:30
flipkart,BXRH2W5SF88MYEM4,2025-11-01,2,9,0,0,0,1,1,2,0,0,0,2026-08-19 20:00:40.818952+05:30
flipkart,BXRGRFMQVPRAX7QU,2026-07-23,1,5,0,0,0,0,1,1,0,0,0,2026-08-19 20:00:40.818952+05:30
flipkart,TRKFFFTZDVPKQYKC,2026-05-01,1,5,0,0,0,0,1,1,0,0,0,2026-08-19 20:00:40.818952+05:30
flipkart,TSHHCHZPM8KUMFGH,2025-09-01,2,8,0,0,1,0,1,1,0,1,0,2026-08-19 20:00:40.818952+05:30
flipkart,SOCGQZ4YPACQVYGH,2026-07-01,2,5,0,1,1,0,0,0,1,1,0,2026-08-19 20:00:40.818952+05:30
flipkart,TSHHZ7ZJ7QKHNRJS,2026-07-01,1,1,1,0,0,0,0,0,1,0,0,2026-08-19 20:00:40.818952+05:30
flipkart,BXRGRFHNGYGVXSHX,2026-07-21,1,5,0,0,0,0,1,1,0,0,0,2026-08-19 20:00:40.818952+05:30
flipkart,VESGFCUGVDFNPJDG,2026-07-23,1,5,0,0,0,0,1,1,0,0,0,2026-08-19 20:00:40.818952+05:30
flipkart,TSHHCHZPYY2A6GA4,2025-12-01,1,1,1,0,0,0,0,0,1,0,0,2026-08-19 20:00:40.818952+05:30
flipkart,VESGZ9YZBEAPYSSZ,2026-07-11,1,5,0,0,0,0,1,1,0,0,0,2026-08-19 20:00:40.818952+05:30
flipkart,TKPH5URAJGUXT5SG,2026-03-01,11,39,2,1,1,3,4,7,3,1,0,2026-08-19 20:00:40.818952+05:30
flipkart,SRTFFFUDKHADW5AT,2026-03-01,2,6,0,1,0,1,0,1,1,0,0,2026-08-19 20:00:40.818952+05:30
flipkart,TSHHG96E34GYMJQV,2026-05-01,5,17,2,0,0,0,3,3,2,0,0,2026-08-19 20:00:40.818952+05:30
flipkart,BXRGRFHZZKF8JG49,2026-08-07,1,1,1,0,0,0,0,0,1,0,0,2026-08-19 20:00:40.818952+05:30
flipkart,TKPGDC7BK9HTWTBG,2025-10-01,17,65,4,1,0,1,11,12,5,0,0,2026-08-19 20:00:40.818952+05:30
flipkart,VESGFCUGGDGPQ5HR,2026-07-23,1,5,0,0,0,0,1,1,0,0,0,2026-08-19 20:00:40.818952+05:30
flipkart,TSHHCHZPQHS2MJAG,2025-10-01,10,29,4,1,0,2,3,5,5,0,0,2026-08-19 20:00:40.818952+05:30
flipkart,TKPGTHNYFGUCTHDE,2025-12-01,1,2,0,1,0,0,0,0,1,0,0,2026-08-19 20:00:40.818952+05:30
flipkart,TSHHHGZVQAHNTA5X,2026-07-10,1,5,0,0,0,0,1,1,0,0,0,2026-08-19 20:00:40.818952+05:30
flipkart,VESFF2CGAF9RGFHX,2026-07-13,1,4,0,0,0,1,0,1,0,0,0,2026-08-19 20:00:40.818952+05:30
flipkart,BXRH2W5SWTEMKHPG,2026-05-01,1,5,0,0,0,0,1,1,0,0,0,2026-08-19 20:00:40.818952+05:30
flipkart,TKPG38GF3GZCVMU5,2026-06-14,1,3,0,0,1,0,0,0,0,1,0,2026-08-19 20:00:40.818952+05:30
flipkart,TSHHHJRA8C7ZXDW3,2026-06-29,1,5,0,0,0,0,1,1,0,0,0,2026-08-19 20:00:40.818952+05:30
flipkart,TKPGDC7BBFW3VUZP,2025-11-01,28,115,3,0,2,9,14,23,3,2,0,2026-08-19 20:00:40.818952+05:30
flipkart,TSHHCKSG7PQRZGM2,2025-12-01,1,1,1,0,0,0,0,0,1,0,0,2026-08-19 20:00:40.818952+05:30
flipkart,TSHHCHZPM8KUMFGH,2026-07-23,1,4,0,0,0,1,0,1,0,0,0,2026-08-19 20:00:40.818952+05:30
flipkart,TKPGDC7BUCQHMG9X,2025-12-01,3,10,1,0,0,1,1,2,1,0,0,2026-08-19 20:00:40.818952+05:30
flipkart,TKPH2TTMVVEKXDX4,2026-06-01,1,3,0,0,1,0,0,0,0,1,0,2026-08-19 20:00:40.818952+05:30
flipkart,TSHHCHZP3J5ZFRU7,2026-07-26,1,5,0,0,0,0,1,1,0,0,0,2026-08-19 20:00:40.818952+05:30
flipkart,BXRGRFMQXVGVCHTX,2026-07-24,1,5,0,0,0,0,1,1,0,0,0,2026-08-19 20:00:40.818952+05:30
flipkart,TKPH8MTJUWNEVNBA,2026-07-01,2,8,0,0,0,2,0,2,0,0,0,2026-08-19 20:00:40.818952+05:30
flipkart,TSHHCHZPNH4VGSJA,2026-06-01,4,19,0,0,0,1,3,4,0,0,0,2026-08-19 20:00:40.818952+05:30
flipkart,SRTGSYQGKNWEKJRC,2026-07-23,1,5,0,0,0,0,1,1,0,0,0,2026-08-19 20:00:40.818952+05:30
flipkart,TKPGTHNYXKPURXZD,2026-04-01,3,8,1,1,0,0,1,1,2,0,0,2026-08-19 20:00:40.818952+05:30
flipkart,BXRHFQXCBDZZKBFW,2026-06-09,1,1,1,0,0,0,0,0,1,0,0,2026-08-19 20:00:40.818952+05:30
flipkart,TKPGSYPCBFKNUZ7W,2026-07-16,1,5,0,0,0,0,1,1,0,0,0,2026-08-19 20:00:40.818952+05:30
flipkart,BXRH2W5SMYCHTMF8,2026-07-29,1,1,1,0,0,0,0,0,1,0,0,2026-08-19 20:00:40.818952+05:30
flipkart,TSHHHJRA2XFF6ZBX,2026-06-17,1,2,0,1,0,0,0,0,1,0,0,2026-08-19 20:00:40.818952+05:30
flipkart,TSHHHJRATVMXGFAG,2026-07-25,2,8,0,0,0,2,0,2,0,0,0,2026-08-19 20:00:40.818952+05:30
flipkart,TKPH5URAWVHYBZHU,2026-06-14,1,3,0,0,1,0,0,0,0,1,0,2026-08-19 20:00:40.818952+05:30
flipkart,FCKFB5ZT3FMM3MHR,2026-07-14,3,14,0,0,0,1,2,3,0,0,0,2026-08-19 20:00:40.818952+05:30
flipkart,TSHHHJRAAHQGWZMX,2025-12-01,1,4,0,0,0,1,0,1,0,0,0,2026-08-19 20:00:40.818952+05:30
flipkart,VESGZ9YZ8ZBYGVDX,2026-04-01,1,5,0,0,0,0,1,1,0,0,0,2026-08-19 20:00:40.818952+05:30
flipkart,TSHHCKSG7PQRZGM2,2026-05-01,5,25,0,0,0,0,5,5,0,0,0,2026-08-19 20:00:40.818952+05:30
flipkart,TKPH2TTMVVEKXDX4,2026-05-01,2,4,1,0,1,0,0,0,1,1,0,2026-08-19 20:00:40.818952+05:30
flipkart,BXRH2W5SGFUP77YP,2026-06-01,1,1,1,0,0,0,0,0,1,0,0,2026-08-19 20:00:40.818952+05:30
flipkart,SRTHZA5V7HKVVR7P,2026-07-13,1,5,0,0,0,0,1,1,0,0,0,2026-08-19 20:00:40.818952+05:30
flipkart,TKPGTHNYWWCYXHFF,2025-11-01,1,4,0,0,0,1,0,1,0,0,0,2026-08-19 20:00:40.818952+05:30
flipkart,BXRGZJCWTRB2DDZH,2025-12-01,5,24,0,0,0,1,4,5,0,0,0,2026-08-19 20:00:40.818952+05:30
flipkart,BXRGRFMQXVGVCHTX,2026-07-21,1,5,0,0,0,0,1,1,0,0,0,2026-08-19 20:00:40.818952+05:30
flipkart,TSHHHJRAHXY4F7PK,2026-06-01,2,7,0,0,1,1,0,1,0,1,0,2026-08-19 20:00:40.818952+05:30
flipkart,TSHHCKSGAHZZHBTY,2026-07-23,1,4,0,0,0,1,0,1,0,0,0,2026-08-19 20:00:40.818952+05:30
flipkart,TSHHCKSGU77X4FDT,2026-07-13,1,5,0,0,0,0,1,1,0,0,0,2026-08-19 20:00:40.818952+05:30
flipkart,BXRGRFHNGYGVXSHX,2026-02-01,3,11,0,0,2,0,1,1,0,2,0,2026-08-19 20:00:40.818952+05:30
flipkart,BRFGE32PMW5S6RM9,2025-12-01,1,1,1,0,0,0,0,0,1,0,0,2026-08-19 20:00:40.818952+05:30
flipkart,TKPH2TTMHWRBHFQX,2025-09-01,3,4,2,1,0,0,0,0,3,0,0,2026-08-19 20:00:40.818952+05:30
flipkart,SRTHDH2JJY3GGYAD,2026-07-14,1,5,0,0,0,0,1,1,0,0,0,2026-08-19 20:00:40.818952+05:30
flipkart,VESFF2CGSGYWRGZS,2026-07-22,1,5,0,0,0,0,1,1,0,0,0,2026-08-19 20:00:40.818952+05:30
flipkart,TSHHHJRARECBQRGY,2026-07-20,1,4,0,0,0,1,0,1,0,0,0,2026-08-19 20:00:40.818952+05:30
flipkart,TSHHCHZPQHS2MJAG,2026-08-03,1,1,1,0,0,0,0,0,1,0,0,2026-08-19 20:00:40.818952+05:30
flipkart,TKPGSYPCYGWJEACQ,2026-02-01,8,30,1,1,1,1,4,5,2,1,0,2026-08-19 20:00:40.818952+05:30
flipkart,TKPH5URAFZJ9YSGG,2026-03-01,11,39,2,1,1,3,4,7,3,1,0,2026-08-19 20:00:40.818952+05:30
flipkart,BXRGZJCWFM47ZXAB,2025-09-01,20,58,7,2,2,4,5,9,9,2,0,2026-08-19 20:00:40.818952+05:30
flipkart,TSHHCHZPAD7JCGRK,2026-07-22,1,3,0,0,1,0,0,0,0,1,0,2026-08-19 20:00:40.818952+05:30
flipkart,TSHH8NRFTVJZF7DW,2026-06-01,4,17,0,1,0,0,3,3,1,0,0,2026-08-19 20:00:40.818952+05:30
flipkart,BXRH2W5SSU8DYVH5,2026-06-01,1,1,1,0,0,0,0,0,1,0,0,2026-08-19 20:00:40.818952+05:30
flipkart,TSHHCKSGU77X4FDT,2026-07-26,1,5,0,0,0,0,1,1,0,0,0,2026-08-19 20:00:40.818952+05:30
flipkart,TKPGDC7BHZZQKEX6,2025-10-01,17,65,4,1,0,1,11,12,5,0,0,2026-08-19 20:00:40.818952+05:30
flipkart,TKPH8MTJUWNEVNBA,2026-03-01,1,5,0,0,0,0,1,1,0,0,0,2026-08-19 20:00:40.818952+05:30
flipkart,TSHHHJRATZFGHRZ6,2026-07-25,2,8,0,0,0,2,0,2,0,0,0,2026-08-19 20:00:40.818952+05:30
flipkart,TSHHCKSGWNGKY7HH,2026-06-29,1,1,1,0,0,0,0,0,1,0,0,2026-08-19 20:00:40.818952+05:30
flipkart,PANH46SM5MWVTYHY,2026-06-01,1,3,0,0,1,0,0,0,0,1,0,2026-08-19 20:00:40.818952+05:30
flipkart,TKPGDC7BDCGGH7FY,2025-12-01,3,10,1,0,0,1,1,2,1,0,0,2026-08-19 20:00:40.818952+05:30
flipkart,TSHHCHZP3TPCWQMM,2026-07-26,1,5,0,0,0,0,1,1,0,0,0,2026-08-19 20:00:40.818952+05:30
flipkart,TKPH2TTMHWRBHFQX,2026-07-10,1,1,1,0,0,0,0,0,1,0,0,2026-08-19 20:00:40.818952+05:30
flipkart,TKPH8MTXNRYV3DAZ,2026-07-14,1,5,0,0,0,0,1,1,0,0,0,2026-08-19 20:00:40.818952+05:30
flipkart,FCKFB5ZT3FMM3MHR,2026-07-24,2,6,0,1,0,1,0,1,1,0,0,2026-08-19 20:00:40.818952+05:30
flipkart,TSHHCHZPFQEVEAQQ,2026-07-18,1,5,0,0,0,0,1,1,0,0,0,2026-08-19 20:00:40.818952+05:30
flipkart,TKPH5URAPZJ7TGXZ,2026-06-25,1,5,0,0,0,0,1,1,0,0,0,2026-08-19 20:00:40.818952+05:30
flipkart,TSHHCHZPM8KUMFGH,2026-02-01,2,5,0,1,1,0,0,0,1,1,0,2026-08-19 20:00:40.818952+05:30
flipkart,BXRH2W5SMYCHTMF8,2026-07-08,1,5,0,0,0,0,1,1,0,0,0,2026-08-19 20:00:40.818952+05:30
flipkart,TSHHCHZPAD7JCGRK,2026-08-03,1,1,1,0,0,0,0,0,1,0,0,2026-08-19 20:00:40.818952+05:30
flipkart,SRTHDH2JVRWAEHKQ,2026-07-07,1,5,0,0,0,0,1,1,0,0,0,2026-08-19 20:00:40.818952+05:30
flipkart,VESFF2CGQKN2HQCE,2026-04-01,1,1,1,0,0,0,0,0,1,0,0,2026-08-19 20:00:40.818952+05:30
flipkart,TSHHCHZP3TPCWQMM,2025-11-01,4,17,0,0,1,1,2,3,0,1,0,2026-08-19 20:00:40.818952+05:30
flipkart,BXRGRFMQHGNKWPEY,2026-07-23,1,5,0,0,0,0,1,1,0,0,0,2026-08-19 20:00:40.818952+05:30
flipkart,TSHHCHZP3J5ZFRU7,2026-07-29,1,5,0,0,0,0,1,1,0,0,0,2026-08-19 20:00:40.818952+05:30
flipkart,BXRGRFHZATAPYBDY,2026-07-20,1,1,1,0,0,0,0,0,1,0,0,2026-08-19 20:00:40.818952+05:30
flipkart,TSHHHJRAVFNZGNFF,2026-04-01,1,1,1,0,0,0,0,0,1,0,0,2026-08-19 20:00:40.818952+05:30
flipkart,BXRGRFHZE7HPWZVS,2026-07-27,1,4,0,0,0,1,0,1,0,0,0,2026-08-19 20:00:40.818952+05:30
flipkart,TSHHCHZPM8KUMFGH,2026-07-22,1,3,0,0,1,0,0,0,0,1,0,2026-08-19 20:00:40.818952+05:30
flipkart,BXRHFS5FXZJYNWVT,2026-06-27,1,4,0,0,0,1,0,1,0,0,0,2026-08-19 20:00:40.818952+05:30
flipkart,TKPH5URAPZJ7TGXZ,2026-03-01,11,39,2,1,1,3,4,7,3,1,0,2026-08-19 20:00:40.818952+05:30
flipkart,TKPGSYXCFXPTHZBK,2026-07-01,4,15,1,0,0,1,2,3,1,0,0,2026-08-19 20:00:40.818952+05:30
flipkart,TKPGSYPCXDEZYQDG,2026-07-31,1,4,0,0,0,1,0,1,0,0,0,2026-08-19 20:00:40.818952+05:30
flipkart,TSHHCHZP8YHX8CBY,2026-07-26,1,5,0,0,0,0,1,1,0,0,0,2026-08-19 20:00:40.818952+05:30
flipkart,BXRGRFHZNQNZARUM,2025-09-01,1,5,0,0,0,0,1,1,0,0,0,2026-08-19 20:00:40.818952+05:30
flipkart,TSHHCHZPFQEVEAQQ,2026-08-01,1,2,0,1,0,0,0,0,1,0,0,2026-08-19 20:00:40.818952+05:30
flipkart,TSHGSUTCQHTXPU7T,2026-06-01,3,12,0,1,0,0,2,2,1,0,0,2026-08-19 20:00:40.818952+05:30
flipkart,SRTGSYQGDJQ4FYCH,2025-10-01,4,20,0,0,0,0,4,4,0,0,0,2026-08-19 20:00:40.818952+05:30
flipkart,TSHHG96EU3QTAQYG,2026-02-01,3,7,2,0,0,0,1,1,2,0,0,2026-08-19 20:00:40.818952+05:30
flipkart,TKPGSYPCXDEZYQDG,2026-02-01,8,30,1,1,1,1,4,5,2,1,0,2026-08-19 20:00:40.818952+05:30
flipkart,VESGFCUGNPHDVFG5,2026-07-01,1,4,0,0,0,1,0,1,0,0,0,2026-08-19 20:00:40.818952+05:30
flipkart,BXRGZJCWTRB2DDZH,2026-05-01,1,5,0,0,0,0,1,1,0,0,0,2026-08-19 20:00:40.818952+05:30
flipkart,TSHHCKSGYZBSAB3B,2026-06-29,2,6,1,0,0,0,1,1,1,0,0,2026-08-19 20:00:40.818952+05:30
flipkart,TSHHCHZPAD7JCGRK,2026-07-13,1,5,0,0,0,0,1,1,0,0,0,2026-08-19 20:00:40.818952+05:30
flipkart,TSHHHJRAX9D5ZHGY,2026-06-15,1,5,0,0,0,0,1,1,0,0,0,2026-08-19 20:00:40.818952+05:30
flipkart,BXRGRFHZZKF8JG49,2025-11-01,3,12,0,0,1,1,1,2,0,1,0,2026-08-19 20:00:40.818952+05:30
flipkart,TKPH8MTXXNY2H39G,2026-07-31,1,4,0,0,0,1,0,1,0,0,0,2026-08-19 20:00:40.818952+05:30
flipkart,TSHHCKSGMZPHHWZG,2026-04-01,2,10,0,0,0,0,2,2,0,0,0,2026-08-19 20:00:40.818952+05:30
flipkart,TKPHZTUBHDBYB4NZ,2026-04-01,3,9,0,1,1,1,0,1,1,1,0,2026-08-19 20:00:40.818952+05:30
flipkart,SRTHDH2J4RH3QHCM,2026-01-01,2,10,0,0,0,0,2,2,0,0,0,2026-08-19 20:00:40.818952+05:30
flipkart,SRTGSYQGYYGHFF5Y,2026-04-01,1,5,0,0,0,0,1,1,0,0,0,2026-08-19 20:00:40.818952+05:30
flipkart,BXRGRFHNAHFPSTSB,2025-11-01,3,12,0,0,1,1,1,2,0,1,0,2026-08-19 20:00:40.818952+05:30
flipkart,TSHHG96E34GYMJQV,2026-06-06,1,5,0,0,0,0,1,1,0,0,0,2026-08-19 20:00:40.818952+05:30
flipkart,TSHGSUTCQHTXPU7T,2026-02-01,3,7,2,0,0,0,1,1,2,0,0,2026-08-19 20:00:40.818952+05:30
flipkart,FCKFAGAYGGYMEWQT,2026-07-07,1,5,0,0,0,0,1,1,0,0,0,2026-08-19 20:00:40.818952+05:30
flipkart,TKPH8MTXDBUUNCZ6,2026-06-01,3,11,1,0,0,0,2,2,1,0,0,2026-08-19 20:00:40.818952+05:30
flipkart,TSHHCKSGFXPPK5GV,2025-10-01,10,29,4,1,0,2,3,5,5,0,0,2026-08-19 20:00:40.818952+05:30
flipkart,TKPGTHNYFGUCTHDE,2026-07-16,1,5,0,0,0,0,1,1,0,0,0,2026-08-19 20:00:40.818952+05:30
flipkart,BXRH2W5SWTEMKHPG,2025-09-01,2,8,0,0,1,0,1,1,0,1,0,2026-08-19 20:00:40.818952+05:30
flipkart,TSHHCHZPYY2A6GA4,2026-07-01,4,14,1,0,0,2,1,3,1,0,0,2026-08-19 20:00:40.818952+05:30
flipkart,TKPH2TTMJCBF8R3M,2026-03-01,2,7,0,1,0,0,1,1,1,0,0,2026-08-19 20:00:40.818952+05:30
flipkart,TSHHCKSGDRPZGMHU,2026-07-01,4,14,1,0,0,2,1,3,1,0,0,2026-08-19 20:00:40.818952+05:30
flipkart,TSHGSUTA9ZWNC3QG,2026-07-12,1,5,0,0,0,0,1,1,0,0,0,2026-08-19 20:00:40.818952+05:30
flipkart,SOCH8ERGSC6PEHZF,2026-01-01,1,5,0,0,0,0,1,1,0,0,0,2026-08-19 20:00:40.818952+05:30
flipkart,SRTFFFUDEG5GPAZ3,2026-06-01,1,5,0,0,0,0,1,1,0,0,0,2026-08-19 20:00:40.818952+05:30
flipkart,TSHHCKSGU77X4FDT,2026-08-03,1,1,1,0,0,0,0,0,1,0,0,2026-08-19 20:00:40.818952+05:30
flipkart,TSHHCHZPFQEVEAQQ,2025-10-01,10,29,4,1,0,2,3,5,5,0,0,2026-08-19 20:00:40.818952+05:30
flipkart,TSHHCHZP3J5ZFRU7,2025-10-01,10,29,4,1,0,2,3,5,5,0,0,2026-08-19 20:00:40.818952+05:30
flipkart,TSHGSUTBCYM82QFQ,2026-03-01,2,7,0,1,0,0,1,1,1,0,0,2026-08-19 20:00:40.818952+05:30
flipkart,PANH46SM5MWVTYHY,2026-01-01,1,4,0,0,0,1,0,1,0,0,0,2026-08-19 20:00:40.818952+05:30
flipkart,TSHHCKTJJ2ZCVEGH,2026-07-25,1,5,0,0,0,0,1,1,0,0,0,2026-08-19 20:00:40.818952+05:30
flipkart,SRTHZA67CMV4HG5P,2026-07-14,1,5,0,0,0,0,1,1,0,0,0,2026-08-19 20:00:40.818952+05:30
flipkart,TSHHCKSGYZBSAB3B,2026-03-01,1,5,0,0,0,0,1,1,0,0,0,2026-08-19 20:00:40.818952+05:30
flipkart,VESGFCUGNPHDVFG5,2026-07-07,1,5,0,0,0,0,1,1,0,0,0,2026-08-19 20:00:40.818952+05:30
flipkart,BXRGRFHZCVHHZTGY,2026-07-23,1,5,0,0,0,0,1,1,0,0,0,2026-08-19 20:00:40.818952+05:30
flipkart,VESFF2CG6GR7HHYN,2026-02-01,1,5,0,0,0,0,1,1,0,0,0,2026-08-19 20:00:40.818952+05:30
flipkart,TSHHCHZPFQEVEAQQ,2026-07-14,1,5,0,0,0,0,1,1,0,0,0,2026-08-19 20:00:40.818952+05:30
flipkart,TSHHCKSGU77X4FDT,2026-07-22,1,3,0,0,1,0,0,0,0,1,0,2026-08-19 20:00:40.818952+05:30
flipkart,BXRGRFHZMPDXZWY7,2026-07-08,1,1,1,0,0,0,0,0,1,0,0,2026-08-19 20:00:40.818952+05:30
flipkart,BXRGRFMQHQHQPFJZ,2026-08-08,1,5,0,0,0,0,1,1,0,0,0,2026-08-19 20:00:40.818952+05:30
flipkart,TSHGSUTA8P6XKZWF,2026-03-01,2,7,0,1,0,0,1,1,1,0,0,2026-08-19 20:00:40.818952+05:30
flipkart,TSHHCHZPHWHEZWQQ,2025-09-01,2,8,0,0,1,0,1,1,0,1,0,2026-08-19 20:00:40.818952+05:30
flipkart,FCTEXF6HHGCZVEGC,2026-03-01,4,14,0,1,1,1,1,2,1,1,0,2026-08-19 20:00:40.818952+05:30
flipkart,SNRFEMFYNJHWJ9VG,2026-07-01,3,8,1,0,1,1,0,1,1,1,0,2026-08-19 20:00:40.818952+05:30
flipkart,TKPH2TTMVVEKXDX4,2026-02-01,1,3,0,0,1,0,0,0,0,1,0,2026-08-19 20:00:40.818952+05:30
flipkart,BXRH2W5SZGUTXVQM,2026-07-18,1,1,1,0,0,0,0,0,1,0,0,2026-08-19 20:00:40.818952+05:30
flipkart,TSHH8NR5R9KTDJQW,2026-07-22,1,4,0,0,0,1,0,1,0,0,0,2026-08-19 20:00:40.818952+05:30
flipkart,TSHHHJRA8ZMQMYHG,2026-07-16,1,5,0,0,0,0,1,1,0,0,0,2026-08-19 20:00:40.818952+05:30
flipkart,BXRH2W5SWTEMKHPG,2025-10-01,4,16,1,0,0,0,3,3,1,0,0,2026-08-19 20:00:40.818952+05:30
flipkart,TSHGSUTCQHTXPU7T,2025-10-01,4,17,0,1,0,0,3,3,1,0,0,2026-08-19 20:00:40.818952+05:30
flipkart,TKPH8MTXDBUUNCZ6,2026-07-31,1,4,0,0,0,1,0,1,0,0,0,2026-08-19 20:00:40.818952+05:30
flipkart,TKPGSYXCFXPTHZBK,2026-07-31,1,4,0,0,0,1,0,1,0,0,0,2026-08-19 20:00:40.818952+05:30
flipkart,TKPG38GFGWZYHEA9,2026-01-01,9,27,1,4,0,2,2,4,5,0,0,2026-08-19 20:00:40.818952+05:30
flipkart,SRTHDH2JWZAPE9VY,2026-07-01,2,9,0,0,0,1,1,2,0,0,0,2026-08-19 20:00:40.818952+05:30
flipkart,BXRGRFMQYKUB9K5S,2026-08-06,1,4,0,0,0,1,0,1,0,0,0,2026-08-19 20:00:40.818952+05:30
flipkart,TSHHHJRATZFGHRZ6,2026-07-23,1,5,0,0,0,0,1,1,0,0,0,2026-08-19 20:00:40.818952+05:30
flipkart,TSHHCKSG7PQRZGM2,2026-07-22,1,3,0,0,1,0,0,0,0,1,0,2026-08-19 20:00:40.818952+05:30
flipkart,FCKF3RF9ZJ5BEHGD,2026-08-01,1,5,0,0,0,0,1,1,0,0,0,2026-08-19 20:00:40.818952+05:30
flipkart,TSHHHJRA8C7ZXDW3,2026-06-13,1,3,0,0,1,0,0,0,0,1,0,2026-08-19 20:00:40.818952+05:30
flipkart,BXRGRFHNAHFPSTSB,2026-08-08,1,5,0,0,0,0,1,1,0,0,0,2026-08-19 20:00:40.818952+05:30
flipkart,BXRGRFHZGBUYPHVS,2026-07-23,1,5,0,0,0,0,1,1,0,0,0,2026-08-19 20:00:40.818952+05:30
flipkart,TKPGSYPCXDEZYQDG,2026-07-16,1,5,0,0,0,0,1,1,0,0,0,2026-08-19 20:00:40.818952+05:30
flipkart,TSHHCHZPCTKYBK4A,2025-10-01,10,29,4,1,0,2,3,5,5,0,0,2026-08-19 20:00:40.818952+05:30
flipkart,BXRGRFHZMPDXZWY7,2026-05-01,1,3,0,0,1,0,0,0,0,1,0,2026-08-19 20:00:40.818952+05:30
flipkart,TKPGSYPCSVEGZXTU,2026-02-01,8,30,1,1,1,1,4,5,2,1,0,2026-08-19 20:00:40.818952+05:30
flipkart,SRTHDH2JU8TN9A2F,2026-04-01,1,5,0,0,0,0,1,1,0,0,0,2026-08-19 20:00:40.818952+05:30
flipkart,TSHHHJRAJZ9W3CHJ,2026-06-15,1,5,0,0,0,0,1,1,0,0,0,2026-08-19 20:00:40.818952+05:30
flipkart,TKPGSYPCNTSBCUUV,2026-06-13,1,4,0,0,0,1,0,1,0,0,0,2026-08-19 20:00:40.818952+05:30
flipkart,TSHHHJRATVMXGFAG,2026-07-20,1,4,0,0,0,1,0,1,0,0,0,2026-08-19 20:00:40.818952+05:30
flipkart,BXRH2W5SZGUTXVQM,2026-07-01,2,6,1,0,0,0,1,1,1,0,0,2026-08-19 20:00:40.818952+05:30
flipkart,BXRHFCVHCAEX74HM,2026-06-01,1,5,0,0,0,0,1,1,0,0,0,2026-08-19 20:00:40.818952+05:30
flipkart,BXRH2W5SKAPWZYHQ,2025-09-01,2,8,0,0,1,0,1,1,0,1,0,2026-08-19 20:00:40.818952+05:30
flipkart,SRTFFFUD3BGPEXZY,2025-09-01,2,10,0,0,0,0,2,2,0,0,0,2026-08-19 20:00:40.818952+05:30
flipkart,TSHHCHZPVJAGWTTG,2026-07-26,1,5,0,0,0,0,1,1,0,0,0,2026-08-19 20:00:40.818952+05:30
flipkart,BXRGZJCWTRB2DDZH,2026-07-01,1,5,0,0,0,0,1,1,0,0,0,2026-08-19 20:00:40.818952+05:30
flipkart,FCKFAGAYGGYMEWQT,2026-08-02,1,4,0,0,0,1,0,1,0,0,0,2026-08-19 20:00:40.818952+05:30
flipkart,SRTGSYQGDJQ4FYCH,2026-07-07,1,5,0,0,0,0,1,1,0,0,0,2026-08-19 20:00:40.818952+05:30
flipkart,TSHHHJRANNWPSFHF,2026-06-29,1,5,0,0,0,0,1,1,0,0,0,2026-08-19 20:00:40.818952+05:30
flipkart,BXRHC6DFMKDBBHTH,2026-06-29,1,5,0,0,0,0,1,1,0,0,0,2026-08-19 20:00:40.818952+05:30
flipkart,SRTHDH2JU8TN9A2F,2025-12-01,2,9,0,0,0,1,1,2,0,0,0,2026-08-19 20:00:40.818952+05:30
flipkart,TKPH8MTXNRYV3DAZ,2026-03-01,6,15,2,1,2,0,1,1,3,2,0,2026-08-19 20:00:40.818952+05:30
flipkart,BXRHFQXCJSCCGJ6J,2026-06-01,8,28,1,1,2,1,3,4,2,2,0,2026-08-19 20:00:40.818952+05:30
flipkart,BXRGRFHZCXZP6VP8,2026-07-24,1,5,0,0,0,0,1,1,0,0,0,2026-08-19 20:00:40.818952+05:30
flipkart,BXRHC6DFCRBPKEPH,2026-05-01,5,15,1,1,1,1,1,2,2,1,0,2026-08-19 20:00:40.818952+05:30
flipkart,TSHHHJRATVMXGFAG,2026-07-11,1,5,0,0,0,0,1,1,0,0,0,2026-08-19 20:00:40.818952+05:30
flipkart,TSHHCHZPSYNBHGNM,2026-06-01,4,19,0,0,0,1,3,4,0,0,0,2026-08-19 20:00:40.818952+05:30
flipkart,TKPGTHNYXKPURXZD,2025-11-01,1,4,0,0,0,1,0,1,0,0,0,2026-08-19 20:00:40.818952+05:30
flipkart,TSHHHJRAZY3BXMSE,2026-06-15,1,5,0,0,0,0,1,1,0,0,0,2026-08-19 20:00:40.818952+05:30
flipkart,TKPGFQNDRFKAVNYZ,2026-06-11,1,5,0,0,0,0,1,1,0,0,0,2026-08-19 20:00:40.818952+05:30
flipkart,TSHHCHZP3J5ZFRU7,2026-07-22,1,3,0,0,1,0,0,0,0,1,0,2026-08-19 20:00:40.818952+05:30
flipkart,BXRGRFHZZBHHZDXP,2026-06-28,1,5,0,0,0,0,1,1,0,0,0,2026-08-19 20:00:40.818952+05:30
flipkart,SRTFFFUD8AZAJJDY,2026-02-01,1,4,0,0,0,1,0,1,0,0,0,2026-08-19 20:00:40.818952+05:30
flipkart,TKPGTHNYFGUCTHDE,2026-04-01,3,8,1,1,0,0,1,1,2,0,0,2026-08-19 20:00:40.818952+05:30
flipkart,BXRGRFMQYHQS4BM7,2026-07-21,1,5,0,0,0,0,1,1,0,0,0,2026-08-19 20:00:40.818952+05:30
flipkart,TKPGSYPCXDEZYQDG,2026-06-15,1,1,1,0,0,0,0,0,1,0,0,2026-08-19 20:00:40.818952+05:30
flipkart,BXRHFQXCJSCCGJ6J,2025-11-01,6,21,0,1,1,4,0,4,1,1,0,2026-08-19 20:00:40.818952+05:30
flipkart,SRTFFFUDVZFADD9P,2026-04-01,1,2,0,1,0,0,0,0,1,0,0,2026-08-19 20:00:40.818952+05:30
flipkart,BXRHFQXCVGA9H3CZ,2025-11-01,6,21,0,1,1,4,0,4,1,1,0,2026-08-19 20:00:40.818952+05:30
flipkart,BXRHFS5FHHMGH7HH,2026-06-04,1,3,0,0,1,0,0,0,0,1,0,2026-08-19 20:00:40.818952+05:30
flipkart,SRTHDH2JQHPS3UEG,2026-07-07,1,5,0,0,0,0,1,1,0,0,0,2026-08-19 20:00:40.818952+05:30
flipkart,TSHHCHZPXTGZXVZF,2026-06-01,4,19,0,0,0,1,3,4,0,0,0,2026-08-19 20:00:40.818952+05:30
flipkart,BXRHC6DFVGF9D4WZ,2026-06-27,1,4,0,0,0,1,0,1,0,0,0,2026-08-19 20:00:40.818952+05:30
flipkart,TSHHCHZP8YHX8CBY,2026-06-29,2,6,1,0,0,0,1,1,1,0,0,2026-08-19 20:00:40.818952+05:30
flipkart,BXRGRFHZDKCCHGCH,2026-02-01,3,11,0,0,2,0,1,1,0,2,0,2026-08-19 20:00:40.818952+05:30
flipkart,TSHHCKSGWQKARXTR,2025-11-01,4,17,0,0,1,1,2,3,0,1,0,2026-08-19 20:00:40.818952+05:30
flipkart,TSHHG96EU3QTAQYG,2026-07-09,1,5,0,0,0,0,1,1,0,0,0,2026-08-19 20:00:40.818952+05:30
flipkart,TSHHCHZPM8KUMFGH,2026-07-28,1,5,0,0,0,0,1,1,0,0,0,2026-08-19 20:00:40.818952+05:30
flipkart,SRTGSYQGKBHXGKWV,2026-07-01,2,9,0,0,0,1,1,2,0,0,0,2026-08-19 20:00:40.818952+05:30
flipkart,VESFF2CGNYVNPPMT,2026-06-09,1,5,0,0,0,0,1,1,0,0,0,2026-08-19 20:00:40.818952+05:30
flipkart,SRTFFFUDJNHPTACS,2025-12-01,1,5,0,0,0,0,1,1,0,0,0,2026-08-19 20:00:40.818952+05:30
flipkart,TSHHHJRA8C7ZXDW3,2026-07-25,2,8,0,0,0,2,0,2,0,0,0,2026-08-19 20:00:40.818952+05:30
flipkart,TKPGSYPCX6HYRTNN,2026-06-15,1,1,1,0,0,0,0,0,1,0,0,2026-08-19 20:00:40.818952+05:30
flipkart,BXRH2W5SGPFYRGVV,2026-06-07,1,1,1,0,0,0,0,0,1,0,0,2026-08-19 20:00:40.818952+05:30
flipkart,TKPGSYPCXDEZYQDG,2026-03-01,6,15,2,1,2,0,1,1,3,2,0,2026-08-19 20:00:40.818952+05:30
flipkart,PYJH2TWEYASHYAGW,2026-05-01,1,3,0,0,1,0,0,0,0,1,0,2026-08-19 20:00:40.818952+05:30
flipkart,BRFFFFSVSXRZYFDF,2025-10-01,2,10,0,0,0,0,2,2,0,0,0,2026-08-19 20:00:40.818952+05:30
flipkart,BXRGRFHZATAPYBDY,2026-07-08,1,1,1,0,0,0,0,0,1,0,0,2026-08-19 20:00:40.818952+05:30
flipkart,TSHHG6YYXYZKQDJ3,2026-07-15,1,4,0,0,0,1,0,1,0,0,0,2026-08-19 20:00:40.818952+05:30
flipkart,TSHH8NR5R9KTDJQW,2025-09-01,6,19,1,0,3,1,1,2,1,3,0,2026-08-19 20:00:40.818952+05:30
flipkart,TSHHG96EEHFKFUXY,2026-07-12,1,5,0,0,0,0,1,1,0,0,0,2026-08-19 20:00:40.818952+05:30
flipkart,BXRGRFHZCXZP6VP8,2026-07-23,1,5,0,0,0,0,1,1,0,0,0,2026-08-19 20:00:40.818952+05:30
flipkart,BXRGRFHZZKF8JG49,2026-02-01,3,11,0,0,2,0,1,1,0,2,0,2026-08-19 20:00:40.818952+05:30
flipkart,TSHH8NR5R9KTDJQW,2026-03-01,2,7,0,1,0,0,1,1,1,0,0,2026-08-19 20:00:40.818952+05:30
flipkart,TSHHCHZPWEDWVFFP,2026-08-03,1,1,1,0,0,0,0,0,1,0,0,2026-08-19 20:00:40.818952+05:30
flipkart,TKPH2TTM8RYBXMGR,2026-05-01,2,4,1,0,1,0,0,0,1,1,0,2026-08-19 20:00:40.818952+05:30
flipkart,TSHHCKSGU77X4FDT,2026-06-01,4,19,0,0,0,1,3,4,0,0,0,2026-08-19 20:00:40.818952+05:30
flipkart,BRFFFFSVPTUYVHFF,2026-07-01,1,1,1,0,0,0,0,0,1,0,0,2026-08-19 20:00:40.818952+05:30
flipkart,TSHHCKSGZNZPWUGC,2026-04-01,2,10,0,0,0,0,2,2,0,0,0,2026-08-19 20:00:40.818952+05:30
flipkart,TRKFFFUYEZQPGMSG,2025-09-01,1,4,0,0,0,1,0,1,0,0,0,2026-08-19 20:00:40.818952+05:30
flipkart,BXRHC6D3GGAB6HGP,2026-06-09,1,1,1,0,0,0,0,0,1,0,0,2026-08-19 20:00:40.818952+05:30
flipkart,TRKFFFUYEZQPGMSG,2025-12-01,1,1,1,0,0,0,0,0,1,0,0,2026-08-19 20:00:40.818952+05:30
flipkart,BXRH8ZQZMEXQSX4N,2026-06-21,1,1,1,0,0,0,0,0,1,0,0,2026-08-19 20:00:40.818952+05:30
flipkart,TSHHCHZPYY2A6GA4,2025-10-01,10,29,4,1,0,2,3,5,5,0,0,2026-08-19 20:00:40.818952+05:30
flipkart,TSHHCKSGAHZZHBTY,2026-02-01,2,5,0,1,1,0,0,0,1,1,0,2026-08-19 20:00:40.818952+05:30
flipkart,TSHGSUTCQHTXPU7T,2026-05-01,5,17,2,0,0,0,3,3,2,0,0,2026-08-19 20:00:40.818952+05:30
flipkart,TSHGSUTA9PJHYHWD,2026-06-06,1,5,0,0,0,0,1,1,0,0,0,2026-08-19 20:00:40.818952+05:30
flipkart,VESGZ9YZ6PMNMNAJ,2026-06-01,3,13,0,0,0,2,1,3,0,0,0,2026-08-19 20:00:40.818952+05:30
flipkart,BXRGRFHZMPDXZWY7,2026-07-23,1,5,0,0,0,0,1,1,0,0,0,2026-08-19 20:00:40.818952+05:30
flipkart,TSHHCHZPQHS2MJAG,2026-03-01,1,5,0,0,0,0,1,1,0,0,0,2026-08-19 20:00:40.818952+05:30
flipkart,TSHHHJRATVMXGFAG,2026-04-01,1,1,1,0,0,0,0,0,1,0,0,2026-08-19 20:00:40.818952+05:30
flipkart,SRTFEYC4J2SHRAFG,2026-04-01,1,5,0,0,0,0,1,1,0,0,0,2026-08-19 20:00:40.818952+05:30
flipkart,BXRGRFMQXVGVCHTX,2025-11-01,3,12,0,0,1,1,1,2,0,1,0,2026-08-19 20:00:40.818952+05:30
flipkart,SRTFFFUDS9Q4YWUA,2025-12-01,1,5,0,0,0,0,1,1,0,0,0,2026-08-19 20:00:40.818952+05:30
flipkart,TSHGSUTBCYM82QFQ,2026-04-01,3,10,0,0,2,1,0,1,0,2,0,2026-08-19 20:00:40.818952+05:30
flipkart,TSHHHJRA9WNSWQEP,2026-02-01,1,5,0,0,0,0,1,1,0,0,0,2026-08-19 20:00:40.818952+05:30
flipkart,TSHH8NR5R9KTDJQW,2026-02-01,3,7,2,0,0,0,1,1,2,0,0,2026-08-19 20:00:40.818952+05:30
flipkart,BXRGRFHZCXZP6VP8,2025-11-01,3,12,0,0,1,1,1,2,0,1,0,2026-08-19 20:00:40.818952+05:30
flipkart,SRTGSYQGQPJEP8SR,2025-11-01,5,23,0,0,0,2,3,5,0,0,0,2026-08-19 20:00:40.818952+05:30
flipkart,TRKFFFTZDVPKQYKC,2025-11-01,1,5,0,0,0,0,1,1,0,0,0,2026-08-19 20:00:40.818952+05:30
flipkart,TSHHHJRATVMXGFAG,2026-06-17,1,2,0,1,0,0,0,0,1,0,0,2026-08-19 20:00:40.818952+05:30
flipkart,TSHHHJRA8C7ZXDW3,2026-08-05,1,1,1,0,0,0,0,0,1,0,0,2026-08-19 20:00:40.818952+05:30
flipkart,TKPGDC7BBFW3VUZP,2026-02-01,8,30,1,1,1,1,4,5,2,1,0,2026-08-19 20:00:40.818952+05:30
flipkart,FCKG75WBJHTKREB8,2026-06-01,3,11,1,0,0,0,2,2,1,0,0,2026-08-19 20:00:40.818952+05:30
flipkart,TKPH2TTMHPSWMWGJ,2026-06-01,1,3,0,0,1,0,0,0,0,1,0,2026-08-19 20:00:40.818952+05:30
flipkart,TSHHCHZPM8KUMFGH,2026-07-18,1,5,0,0,0,0,1,1,0,0,0,2026-08-19 20:00:40.818952+05:30
flipkart,TRKFF2FN2FKEBC3S,2025-11-01,1,5,0,0,0,0,1,1,0,0,0,2026-08-19 20:00:40.818952+05:30
flipkart,TSHHHJRA8C7ZXDW3,2026-07-11,1,5,0,0,0,0,1,1,0,0,0,2026-08-19 20:00:40.818952+05:30
flipkart,SRTHDH2JHYDY2ZF3,2025-11-01,5,23,0,0,0,2,3,5,0,0,0,2026-08-19 20:00:40.818952+05:30
flipkart,SRTFEYC4J3YQFBHE,2026-07-23,1,5,0,0,0,0,1,1,0,0,0,2026-08-19 20:00:40.818952+05:30
flipkart,BXRGRFMQGMZFEGNJ,2025-11-01,3,12,0,0,1,1,1,2,0,1,0,2026-08-19 20:00:40.818952+05:30
flipkart,TSHHHJRA2XFF6ZBX,2026-07-09,2,10,0,0,0,0,2,2,0,0,0,2026-08-19 20:00:40.818952+05:30
flipkart,SSVGY97GTC7FAWYP,2026-04-01,1,5,0,0,0,0,1,1,0,0,0,2026-08-19 20:00:40.818952+05:30
flipkart,TSHHCKSGU77X4FDT,2026-06-30,1,5,0,0,0,0,1,1,0,0,0,2026-08-19 20:00:40.818952+05:30
flipkart,BXRGE9FTZJ7RTHME,2026-06-01,10,46,0,0,0,4,6,10,0,0,0,2026-08-19 20:00:40.818952+05:30
flipkart,TSHHCKSGYZBSAB3B,2026-06-13,1,4,0,0,0,1,0,1,0,0,0,2026-08-19 20:00:40.818952+05:30
flipkart,FCKF66QFWW2WHSW8,2026-07-27,1,5,0,0,0,0,1,1,0,0,0,2026-08-19 20:00:40.818952+05:30
flipkart,TSHHCHZPM8KUMFGH,2025-10-01,10,29,4,1,0,2,3,5,5,0,0,2026-08-19 20:00:40.818952+05:30
flipkart,TSHHZ7ZHG8ZNHMU8,2026-07-01,1,1,1,0,0,0,0,0,1,0,0,2026-08-19 20:00:40.818952+05:30
flipkart,BXRHFS5FXZJYNWVT,2026-06-29,1,5,0,0,0,0,1,1,0,0,0,2026-08-19 20:00:40.818952+05:30
flipkart,FCKF66QFWW2WHSW8,2026-07-07,1,5,0,0,0,0,1,1,0,0,0,2026-08-19 20:00:40.818952+05:30
flipkart,BXRHC6DYVZD6TGQX,2026-07-12,1,3,0,0,1,0,0,0,0,1,0,2026-08-19 20:00:40.818952+05:30
flipkart,SRTH6AFXGZGAQBMS,2026-07-14,1,5,0,0,0,0,1,1,0,0,0,2026-08-19 20:00:40.818952+05:30
flipkart,BXRGZJCWEGYGEC3V,2025-11-01,12,50,0,1,2,3,6,9,1,2,0,2026-08-19 20:00:40.818952+05:30
flipkart,TSHHCKSGYZBSAB3B,2026-02-01,2,5,0,1,1,0,0,0,1,1,0,2026-08-19 20:00:40.818952+05:30
flipkart,TSHHHGZVFDKFRY7S,2026-07-21,1,4,0,0,0,1,0,1,0,0,0,2026-08-19 20:00:40.818952+05:30
flipkart,BXRH2W5SJRAGFHXT,2026-07-01,2,6,1,0,0,0,1,1,1,0,0,2026-08-19 20:00:40.818952+05:30
flipkart,BXRHC6DY55BHVQQW,2026-03-01,1,4,0,0,0,1,0,1,0,0,0,2026-08-19 20:00:40.818952+05:30
flipkart,TKPGSYXCFXPTHZBK,2026-06-15,1,1,1,0,0,0,0,0,1,0,0,2026-08-19 20:00:40.818952+05:30
flipkart,TSHHCHZP3J5ZFRU7,2025-11-01,4,17,0,0,1,1,2,3,0,1,0,2026-08-19 20:00:40.818952+05:30
flipkart,TSHHCHZPVJAGWTTG,2026-06-30,1,5,0,0,0,0,1,1,0,0,0,2026-08-19 20:00:40.818952+05:30
flipkart,SNRE5FB4TUKHY9GR,2026-07-07,1,5,0,0,0,0,1,1,0,0,0,2026-08-19 20:00:40.818952+05:30
flipkart,TSHHHJRA2XFF6ZBX,2026-07-25,2,8,0,0,0,2,0,2,0,0,0,2026-08-19 20:00:40.818952+05:30
flipkart,TSHHCKSGFXPPK5GV,2026-08-01,1,2,0,1,0,0,0,0,1,0,0,2026-08-19 20:00:40.818952+05:30
flipkart,TSHHG6YYN8FSCMVR,2026-07-15,1,4,0,0,0,1,0,1,0,0,0,2026-08-19 20:00:40.818952+05:30
flipkart,TSHHG96E34GYMJQV,2025-09-01,6,19,1,0,3,1,1,2,1,3,0,2026-08-19 20:00:40.818952+05:30
flipkart,TKPG38GFGWZYHEA9,2026-06-01,2,4,1,0,1,0,0,0,1,1,0,2026-08-19 20:00:40.818952+05:30
flipkart,TSHHHGZV3Q4WWPCH,2026-07-01,2,9,0,0,0,1,1,2,0,0,0,2026-08-19 20:00:40.818952+05:30
flipkart,SRTGSYQGUNZZH6A6,2026-07-14,1,5,0,0,0,0,1,1,0,0,0,2026-08-19 20:00:40.818952+05:30
flipkart,TSHHCHZPQHS2MJAG,2026-08-01,1,2,0,1,0,0,0,0,1,0,0,2026-08-19 20:00:40.818952+05:30
flipkart,BXRGRFMQVPRAX7QU,2026-06-01,1,3,0,0,1,0,0,0,0,1,0,2026-08-19 20:00:40.818952+05:30
flipkart,BXRGRFHZNQNZARUM,2026-06-28,1,5,0,0,0,0,1,1,0,0,0,2026-08-19 20:00:40.818952+05:30
flipkart,TSHHCKSGM5HEB5FV,2026-03-01,1,5,0,0,0,0,1,1,0,0,0,2026-08-19 20:00:40.818952+05:30
flipkart,TSHHHGZVTKNTZVGR,2026-07-10,1,5,0,0,0,0,1,1,0,0,0,2026-08-19 20:00:40.818952+05:30
flipkart,BXRGRFMQGMZFEGNJ,2026-08-07,1,1,1,0,0,0,0,0,1,0,0,2026-08-19 20:00:40.818952+05:30
flipkart,TKPGSYPCSVEGZXTU,2026-07-31,1,4,0,0,0,1,0,1,0,0,0,2026-08-19 20:00:40.818952+05:30
flipkart,VESFF2CGWGGC88DT,2026-06-01,3,13,0,0,0,2,1,3,0,0,0,2026-08-19 20:00:40.818952+05:30
flipkart,TSHHG6YYXYZKQDJ3,2026-07-14,1,4,0,0,0,1,0,1,0,0,0,2026-08-19 20:00:40.818952+05:30
flipkart,TKPGSYPCNTSBCUUV,2025-10-01,17,65,4,1,0,1,11,12,5,0,0,2026-08-19 20:00:40.818952+05:30
flipkart,BXRHC6DF2QGDY8VZ,2026-06-09,1,1,1,0,0,0,0,0,1,0,0,2026-08-19 20:00:40.818952+05:30
flipkart,TSHGSUTCQHTXPU7T,2026-08-09,1,5,0,0,0,0,1,1,0,0,0,2026-08-19 20:00:40.818952+05:30
flipkart,BRFGKD9AK6H2KK6Y,2026-02-01,1,5,0,0,0,0,1,1,0,0,0,2026-08-19 20:00:40.818952+05:30
flipkart,TSHHHJRASMKXNJYD,2026-07-16,1,5,0,0,0,0,1,1,0,0,0,2026-08-19 20:00:40.818952+05:30
flipkart,TSHHHJRA8ZMQMYHG,2026-06-13,1,3,0,0,1,0,0,0,0,1,0,2026-08-19 20:00:40.818952+05:30
flipkart,TSHGSUTCU9JSGH44,2026-03-01,2,7,0,1,0,0,1,1,1,0,0,2026-08-19 20:00:40.818952+05:30
flipkart,SRTGSYQG33X94BQH,2025-10-01,4,20,0,0,0,0,4,4,0,0,0,2026-08-19 20:00:40.818952+05:30
flipkart,BXRHFQXCH2ZZWNSU,2025-11-01,6,21,0,1,1,4,0,4,1,1,0,2026-08-19 20:00:40.818952+05:30
flipkart,TSHHCKSG7PQRZGM2,2026-07-18,1,5,0,0,0,0,1,1,0,0,0,2026-08-19 20:00:40.818952+05:30
flipkart,TSHHCKSGPGYUQY9G,2026-07-01,4,14,1,0,0,2,1,3,1,0,0,2026-08-19 20:00:40.818952+05:30
flipkart,TKPH8MTXDBUUNCZ6,2026-07-14,1,5,0,0,0,0,1,1,0,0,0,2026-08-19 20:00:40.818952+05:30
flipkart,SRTFFFUDKHADW5AT,2025-11-01,3,14,0,0,0,1,2,3,0,0,0,2026-08-19 20:00:40.818952+05:30
flipkart,TKPH8MTXNRYV3DAZ,2026-02-01,8,30,1,1,1,1,4,5,2,1,0,2026-08-19 20:00:40.818952+05:30
flipkart,TKPH8MTXFWZFBZYG,2026-07-31,1,4,0,0,0,1,0,1,0,0,0,2026-08-19 20:00:40.818952+05:30
flipkart,BXRGRFHZDKCCHGCH,2026-07-20,1,1,1,0,0,0,0,0,1,0,0,2026-08-19 20:00:40.818952+05:30
flipkart,TSHHCHZP3J5ZFRU7,2026-07-13,1,5,0,0,0,0,1,1,0,0,0,2026-08-19 20:00:40.818952+05:30
flipkart,TSHHCKSGMZPHHWZG,2026-06-01,4,19,0,0,0,1,3,4,0,0,0,2026-08-19 20:00:40.818952+05:30
flipkart,TSHHHJRAYZD4VNH2,2026-07-11,1,5,0,0,0,0,1,1,0,0,0,2026-08-19 20:00:40.818952+05:30
flipkart,TSHHG96ENEZFGQGJ,2026-06-05,1,5,0,0,0,0,1,1,0,0,0,2026-08-19 20:00:40.818952+05:30
flipkart,VESFF2CGWJDZPPDU,2026-07-10,1,5,0,0,0,0,1,1,0,0,0,2026-08-19 20:00:40.818952+05:30
flipkart,SRTHZA8HGQQ2GSGY,2026-07-26,1,2,0,1,0,0,0,0,1,0,0,2026-08-19 20:00:40.818952+05:30
flipkart,SNRFEMFYNJHWJ9VG,2026-06-20,1,4,0,0,0,1,0,1,0,0,0,2026-08-19 20:00:40.818952+05:30
flipkart,TSHGSUT9HEHTJVKA,2026-08-08,1,1,1,0,0,0,0,0,1,0,0,2026-08-19 20:00:40.818952+05:30
flipkart,TKPGDC7BK9HTWTBG,2025-09-01,7,33,0,0,0,2,5,7,0,0,0,2026-08-19 20:00:40.818952+05:30
flipkart,TSHH8NRFTVJZF7DW,2026-08-09,1,5,0,0,0,0,1,1,0,0,0,2026-08-19 20:00:40.818952+05:30
flipkart,TKPGTHNYWWCYXHFF,2026-07-15,1,5,0,0,0,0,1,1,0,0,0,2026-08-19 20:00:40.818952+05:30
flipkart,BXRGRFHZGBUYPHVS,2026-07-21,1,5,0,0,0,0,1,1,0,0,0,2026-08-19 20:00:40.818952+05:30
flipkart,TSHHCKSGYZBSAB3B,2026-07-29,1,5,0,0,0,0,1,1,0,0,0,2026-08-19 20:00:40.818952+05:30
flipkart,SRTGSYQGMGZZC5A6,2026-07-07,1,5,0,0,0,0,1,1,0,0,0,2026-08-19 20:00:40.818952+05:30
flipkart,TSHHHJRATZFGHRZ6,2026-06-29,1,5,0,0,0,0,1,1,0,0,0,2026-08-19 20:00:40.818952+05:30
flipkart,TSHHCKSGPGYUQY9G,2026-07-25,1,5,0,0,0,0,1,1,0,0,0,2026-08-19 20:00:40.818952+05:30
flipkart,TSHH8NR5R9KTDJQW,2026-05-01,5,17,2,0,0,0,3,3,2,0,0,2026-08-19 20:00:40.818952+05:30
flipkart,TSHHHJRAAHQGWZMX,2026-06-15,1,5,0,0,0,0,1,1,0,0,0,2026-08-19 20:00:40.818952+05:30
flipkart,BXRGRFHZECWSEYJZ,2026-07-27,1,4,0,0,0,1,0,1,0,0,0,2026-08-19 20:00:40.818952+05:30
flipkart,BXRGRFHZCVHHZTGY,2026-07-09,1,1,1,0,0,0,0,0,1,0,0,2026-08-19 20:00:40.818952+05:30
flipkart,TSHGSUTA9ZWNC3QG,2026-01-01,4,14,1,0,1,0,2,2,1,1,0,2026-08-19 20:00:40.818952+05:30
flipkart,TKPH2TTM8RYBXMGR,2026-01-01,4,17,0,1,0,0,3,3,1,0,0,2026-08-19 20:00:40.818952+05:30
flipkart,TSHHCHZPM8KUMFGH,2026-07-13,1,5,0,0,0,0,1,1,0,0,0,2026-08-19 20:00:40.818952+05:30
flipkart,TKPHNDME8JZ2G9CB,2026-07-15,1,4,0,0,0,1,0,1,0,0,0,2026-08-19 20:00:40.818952+05:30
flipkart,TSHH8NRFTVJZF7DW,2026-07-12,1,5,0,0,0,0,1,1,0,0,0,2026-08-19 20:00:40.818952+05:30
flipkart,SRTFFFUDGCPVKPJS,2025-12-01,1,5,0,0,0,0,1,1,0,0,0,2026-08-19 20:00:40.818952+05:30
flipkart,BXRGRFMQGMZFEGNJ,2026-06-28,1,5,0,0,0,0,1,1,0,0,0,2026-08-19 20:00:40.818952+05:30
flipkart,FCKFAGAYGGYMEWQT,2026-02-01,1,1,1,0,0,0,0,0,1,0,0,2026-08-19 20:00:40.818952+05:30
flipkart,BXRGRFHZMPDXZWY7,2026-08-07,1,1,1,0,0,0,0,0,1,0,0,2026-08-19 20:00:40.818952+05:30
flipkart,BXRGRFMQYKUB9K5S,2026-01-01,2,6,0,0,2,0,0,0,0,2,0,2026-08-19 20:00:40.818952+05:30
flipkart,TSHHCHZP3J5ZFRU7,2026-07-01,4,14,1,0,0,2,1,3,1,0,0,2026-08-19 20:00:40.818952+05:30
flipkart,TSHHCHZPWEDWVFFP,2026-05-01,5,25,0,0,0,0,5,5,0,0,0,2026-08-19 20:00:40.818952+05:30
flipkart,TKPGSYPCZ3BPMPSF,2026-07-01,4,15,1,0,0,1,2,3,1,0,0,2026-08-19 20:00:40.818952+05:30
flipkart,BXRGRFHZ6RH2KZWD,2025-09-01,1,5,0,0,0,0,1,1,0,0,0,2026-08-19 20:00:40.818952+05:30
flipkart,TKPGFQNDRFKAVNYZ,2026-06-29,1,4,0,0,0,1,0,1,0,0,0,2026-08-19 20:00:40.818952+05:30
flipkart,PYJH2TWEVMWB87KU,2026-05-01,1,3,0,0,1,0,0,0,0,1,0,2026-08-19 20:00:40.818952+05:30
flipkart,SRTHZA643ZRHSBRR,2026-07-26,1,2,0,1,0,0,0,0,1,0,0,2026-08-19 20:00:40.818952+05:30
flipkart,BXRGRFHNSVU6JKXH,2026-07-09,1,1,1,0,0,0,0,0,1,0,0,2026-08-19 20:00:40.818952+05:30
flipkart,BXRH2W5SF88MYEM4,2025-09-01,2,8,0,0,1,0,1,1,0,1,0,2026-08-19 20:00:40.818952+05:30
flipkart,BXRGRFMQXVGVCHTX,2026-06-01,1,3,0,0,1,0,0,0,0,1,0,2026-08-19 20:00:40.818952+05:30
flipkart,SRTHDH2JPJPQYYZA,2026-07-23,1,5,0,0,0,0,1,1,0,0,0,2026-08-19 20:00:40.818952+05:30
flipkart,TSHHHJRA9WNSWQEP,2026-07-16,1,5,0,0,0,0,1,1,0,0,0,2026-08-19 20:00:40.818952+05:30
flipkart,TSHHCKSGWNGKY7HH,2026-07-14,1,5,0,0,0,0,1,1,0,0,0,2026-08-19 20:00:40.818952+05:30
flipkart,TKPGSYPCXDEZYQDG,2026-07-01,4,15,1,0,0,1,2,3,1,0,0,2026-08-19 20:00:40.818952+05:30
flipkart,TSHHCHZPCTKYBK4A,2026-06-30,1,5,0,0,0,0,1,1,0,0,0,2026-08-19 20:00:40.818952+05:30
flipkart,TSHHHJRAZY3BXMSE,2026-07-16,1,5,0,0,0,0,1,1,0,0,0,2026-08-19 20:00:40.818952+05:30
flipkart,SRTHDH2J4RH3QHCM,2026-07-01,2,9,0,0,0,1,1,2,0,0,0,2026-08-19 20:00:40.818952+05:30
flipkart,BXRGZJCWYYCZQ9PZ,2026-02-01,2,4,1,0,1,0,0,0,1,1,0,2026-08-19 20:00:40.818952+05:30
flipkart,BXRHFQXCVGA9H3CZ,2026-06-04,1,3,0,0,1,0,0,0,0,1,0,2026-08-19 20:00:40.818952+05:30
flipkart,TKPGTHNYXHCXPJFH,2026-04-01,3,8,1,1,0,0,1,1,2,0,0,2026-08-19 20:00:40.818952+05:30
flipkart,SNRGEMJDBHBCNYCF,2026-06-09,1,5,0,0,0,0,1,1,0,0,0,2026-08-19 20:00:40.818952+05:30
flipkart,TSHHCKSG7PQRZGM2,2026-07-14,1,5,0,0,0,0,1,1,0,0,0,2026-08-19 20:00:40.818952+05:30
flipkart,TSHHHJRA8C7ZXDW3,2026-02-01,1,5,0,0,0,0,1,1,0,0,0,2026-08-19 20:00:40.818952+05:30
flipkart,SNRE5FB4TUKHY9GR,2026-06-07,1,1,1,0,0,0,0,0,1,0,0,2026-08-19 20:00:40.818952+05:30
flipkart,TSHHCKSGDRPZGMHU,2026-07-26,1,5,0,0,0,0,1,1,0,0,0,2026-08-19 20:00:40.818952+05:30
flipkart,BXRGRFHZMPDXZWY7,2026-07-15,1,4,0,0,0,1,0,1,0,0,0,2026-08-19 20:00:40.818952+05:30
flipkart,BXRH2W5SF88MYEM4,2026-07-18,1,1,1,0,0,0,0,0,1,0,0,2026-08-19 20:00:40.818952+05:30
flipkart,BXRGRFMQAJVB8HKM,2026-02-01,3,11,0,0,2,0,1,1,0,2,0,2026-08-19 20:00:40.818952+05:30
flipkart,VESGFCUG9YG7SU2Y,2026-07-07,1,5,0,0,0,0,1,1,0,0,0,2026-08-19 20:00:40.818952+05:30
flipkart,BXRHFQXCVGA9H3CZ,2026-07-12,1,3,0,0,1,0,0,0,0,1,0,2026-08-19 20:00:40.818952+05:30
flipkart,TSHHCHZPNH4VGSJA,2026-06-13,1,4,0,0,0,1,0,1,0,0,0,2026-08-19 20:00:40.818952+05:30
flipkart,TSHHCKSGM5HEB5FV,2025-10-01,10,29,4,1,0,2,3,5,5,0,0,2026-08-19 20:00:40.818952+05:30
flipkart,BXRHC6DY55BHVQQW,2026-07-01,4,13,1,0,1,1,1,2,1,1,0,2026-08-19 20:00:40.818952+05:30
flipkart,TKPH5URAH9J5MH4G,2026-04-01,3,9,0,1,1,1,0,1,1,1,0,2026-08-19 20:00:40.818952+05:30
flipkart,TSHHCHZPAD7JCGRK,2026-06-29,1,1,1,0,0,0,0,0,1,0,0,2026-08-19 20:00:40.818952+05:30
flipkart,SRTGSYQGZFHM7HB2,2025-10-01,4,20,0,0,0,0,4,4,0,0,0,2026-08-19 20:00:40.818952+05:30
flipkart,TSHHG96EU3QTAQYG,2026-06-01,3,12,0,1,0,0,2,2,1,0,0,2026-08-19 20:00:40.818952+05:30
flipkart,BXRGRFHZCXZP6VP8,2026-07-08,1,1,1,0,0,0,0,0,1,0,0,2026-08-19 20:00:40.818952+05:30
flipkart,BXRH2W5SGFUP77YP,2026-07-29,1,1,1,0,0,0,0,0,1,0,0,2026-08-19 20:00:40.818952+05:30
flipkart,TSHHHJRAHXY4F7PK,2026-02-01,1,5,0,0,0,0,1,1,0,0,0,2026-08-19 20:00:40.818952+05:30
flipkart,BXRGZJCWSKK9RSYE,2026-02-01,2,4,1,0,1,0,0,0,1,1,0,2026-08-19 20:00:40.818952+05:30
flipkart,BXRH2W5SGFUP77YP,2026-05-01,1,5,0,0,0,0,1,1,0,0,0,2026-08-19 20:00:40.818952+05:30
flipkart,BXRH2W5SKAPWZYHQ,2026-07-18,1,1,1,0,0,0,0,0,1,0,0,2026-08-19 20:00:40.818952+05:30
flipkart,BXRGZJCWTRB2DDZH,2025-11-01,12,50,0,1,2,3,6,9,1,2,0,2026-08-19 20:00:40.818952+05:30
flipkart,BXRGRFHZMPDXZWY7,2025-09-01,1,5,0,0,0,0,1,1,0,0,0,2026-08-19 20:00:40.818952+05:30
flipkart,VESFF2CGA2MXW9WH,2026-07-13,1,5,0,0,0,0,1,1,0,0,0,2026-08-19 20:00:40.818952+05:30
flipkart,TSHHHJRASMKXNJYD,2026-04-01,1,1,1,0,0,0,0,0,1,0,0,2026-08-19 20:00:40.818952+05:30
flipkart,TSHHCHZPNH4VGSJA,2026-07-28,1,5,0,0,0,0,1,1,0,0,0,2026-08-19 20:00:40.818952+05:30
flipkart,TKPH8GGB6GETHQEB,2026-06-25,1,5,0,0,0,0,1,1,0,0,0,2026-08-19 20:00:40.818952+05:30
flipkart,TSHHCKSGWQKARXTR,2025-12-01,1,1,1,0,0,0,0,0,1,0,0,2026-08-19 20:00:40.818952+05:30
flipkart,TSHHCKSGYZBSAB3B,2026-06-30,1,5,0,0,0,0,1,1,0,0,0,2026-08-19 20:00:40.818952+05:30
flipkart,TSHHCHZPXTGZXVZF,2026-07-18,1,5,0,0,0,0,1,1,0,0,0,2026-08-19 20:00:40.818952+05:30
flipkart,TKPG38GFGWZYHEA9,2026-06-14,1,3,0,0,1,0,0,0,0,1,0,2026-08-19 20:00:40.818952+05:30
flipkart,BXRH2W5SZGUTXVQM,2026-07-29,1,1,1,0,0,0,0,0,1,0,0,2026-08-19 20:00:40.818952+05:30
flipkart,BXRHKFYDXRHJKZQ5,2026-06-01,9,40,0,1,0,2,6,8,1,0,0,2026-08-19 20:00:40.818952+05:30
flipkart,BXRHFQXCH2ZZWNSU,2026-01-01,5,22,0,0,1,1,3,4,0,1,0,2026-08-19 20:00:40.818952+05:30
flipkart,TKPH2TTMZNKBVN52,2025-10-01,9,27,3,1,0,3,2,5,4,0,0,2026-08-19 20:00:40.818952+05:30
flipkart,TSHHG96E3AHMMXYQ,2026-06-06,1,5,0,0,0,0,1,1,0,0,0,2026-08-19 20:00:40.818952+05:30
flipkart,TSHHCHZPVJAGWTTG,2025-12-01,1,1,1,0,0,0,0,0,1,0,0,2026-08-19 20:00:40.818952+05:30
flipkart,BXRGRFHNGYGVXSHX,2026-08-08,1,5,0,0,0,0,1,1,0,0,0,2026-08-19 20:00:40.818952+05:30
flipkart,TSHHCKSGAHZZHBTY,2025-12-01,1,1,1,0,0,0,0,0,1,0,0,2026-08-19 20:00:40.818952+05:30
flipkart,TSHHG96E34GYMJQV,2026-07-09,1,5,0,0,0,0,1,1,0,0,0,2026-08-19 20:00:40.818952+05:30
flipkart,TSHHCKSGDRPZGMHU,2026-06-13,1,4,0,0,0,1,0,1,0,0,0,2026-08-19 20:00:40.818952+05:30
flipkart,TKPGSYPCNTSBCUUV,2026-06-01,3,11,1,0,0,0,2,2,1,0,0,2026-08-19 20:00:40.818952+05:30
flipkart,BXRHFQXCZDYKVXP4,2025-10-01,3,10,1,0,0,1,1,2,1,0,0,2026-08-19 20:00:40.818952+05:30
flipkart,BXRGZJCWSKK9RSYE,2026-05-01,1,5,0,0,0,0,1,1,0,0,0,2026-08-19 20:00:40.818952+05:30
flipkart,TSHHHJRARG5VGWZC,2026-07-24,2,10,0,0,0,0,2,2,0,0,0,2026-08-19 20:00:40.818952+05:30
flipkart,TSHHCKSGSZFNEFAY,2026-07-29,1,5,0,0,0,0,1,1,0,0,0,2026-08-19 20:00:40.818952+05:30
flipkart,TKPH2TTMJCBF8R3M,2025-09-01,1,5,0,0,0,0,1,1,0,0,0,2026-08-19 20:00:40.818952+05:30
flipkart,TSHHHJRA8C7ZXDW3,2026-07-20,1,4,0,0,0,1,0,1,0,0,0,2026-08-19 20:00:40.818952+05:30
flipkart,TSHGSUTA8P6XKZWF,2026-08-08,1,1,1,0,0,0,0,0,1,0,0,2026-08-19 20:00:40.818952+05:30
flipkart,BXRGRFMQHGNKWPEY,2026-07-21,1,5,0,0,0,0,1,1,0,0,0,2026-08-19 20:00:40.818952+05:30
flipkart,TSHHCKSGM5HEB5FV,2026-06-01,4,19,0,0,0,1,3,4,0,0,0,2026-08-19 20:00:40.818952+05:30
flipkart,BXRHC6DFCRBPKEPH,2026-06-29,1,5,0,0,0,0,1,1,0,0,0,2026-08-19 20:00:40.818952+05:30
flipkart,TSHGSUT86EGTBTMZ,2026-07-20,1,4,0,0,0,1,0,1,0,0,0,2026-08-19 20:00:40.818952+05:30
flipkart,TKPH2TTMHWRBHFQX,2026-03-01,3,9,1,0,1,0,1,1,1,1,0,2026-08-19 20:00:40.818952+05:30
flipkart,TSHHCHZP8YHX8CBY,2025-11-01,4,17,0,0,1,1,2,3,0,1,0,2026-08-19 20:00:40.818952+05:30
flipkart,TSHHCKSGABGZAHRG,2026-07-14,1,5,0,0,0,0,1,1,0,0,0,2026-08-19 20:00:40.818952+05:30
flipkart,SRTGSYQGYYGHFF5Y,2026-01-01,2,10,0,0,0,0,2,2,0,0,0,2026-08-19 20:00:40.818952+05:30
flipkart,TSHGSUTBCYM82QFQ,2026-02-01,3,7,2,0,0,0,1,1,2,0,0,2026-08-19 20:00:40.818952+05:30
flipkart,TSHHCHZP3TPCWQMM,2026-07-23,1,4,0,0,0,1,0,1,0,0,0,2026-08-19 20:00:40.818952+05:30
flipkart,TSHHCKSGU77X4FDT,2026-04-01,2,10,0,0,0,0,2,2,0,0,0,2026-08-19 20:00:40.818952+05:30
flipkart,BXRGRFMQHGNKWPEY,2026-08-07,1,1,1,0,0,0,0,0,1,0,0,2026-08-19 20:00:40.818952+05:30
flipkart,BXRGRFMQXVGVCHTX,2026-07-09,1,1,1,0,0,0,0,0,1,0,0,2026-08-19 20:00:40.818952+05:30
flipkart,TSHHG96E34GYMJQV,2026-01-01,4,14,1,0,1,0,2,2,1,1,0,2026-08-19 20:00:40.818952+05:30
flipkart,TKPHZTUBTRJGZ4RZ,2026-07-30,1,2,0,1,0,0,0,0,1,0,0,2026-08-19 20:00:40.818952+05:30
flipkart,BXRGRFMQYHQS4BM7,2026-08-06,1,4,0,0,0,1,0,1,0,0,0,2026-08-19 20:00:40.818952+05:30
flipkart,SRTGSYQG33X94BQH,2025-11-01,5,23,0,0,0,2,3,5,0,0,0,2026-08-19 20:00:40.818952+05:30
flipkart,TSHHHJRANNWPSFHF,2026-07-12,1,4,0,0,0,1,0,1,0,0,0,2026-08-19 20:00:40.818952+05:30
flipkart,TSHHHJRAYZD4VNH2,2026-07-24,2,10,0,0,0,0,2,2,0,0,0,2026-08-19 20:00:40.818952+05:30
flipkart,TSHHG96EU3QTAQYG,2026-03-01,2,7,0,1,0,0,1,1,1,0,0,2026-08-19 20:00:40.818952+05:30
flipkart,TSHHHJRAX9D5ZHGY,2026-02-01,1,5,0,0,0,0,1,1,0,0,0,2026-08-19 20:00:40.818952+05:30
flipkart,TKPGDC7BK9HTWTBG,2026-07-26,1,4,0,0,0,1,0,1,0,0,0,2026-08-19 20:00:40.818952+05:30
flipkart,TKPGSYPCTDHAGPFB,2026-07-16,1,5,0,0,0,0,1,1,0,0,0,2026-08-19 20:00:40.818952+05:30
flipkart,VESGFCUGNPHDVFG5,2026-07-14,1,5,0,0,0,0,1,1,0,0,0,2026-08-19 20:00:40.818952+05:30
flipkart,TSHHG96EHUZMMCUX,2026-07-12,1,5,0,0,0,0,1,1,0,0,0,2026-08-19 20:00:40.818952+05:30
flipkart,BXRHFQXCVGA9H3CZ,2026-06-27,1,4,0,0,0,1,0,1,0,0,0,2026-08-19 20:00:40.818952+05:30
flipkart,TSHHHJRARECBQRGY,2026-07-11,1,5,0,0,0,0,1,1,0,0,0,2026-08-19 20:00:40.818952+05:30
flipkart,BXRHFQXCZDYKVXP4,2026-07-12,1,3,0,0,1,0,0,0,0,1,0,2026-08-19 20:00:40.818952+05:30
flipkart,CSPH3ZXR7CY9SYDZ,2026-04-01,1,1,1,0,0,0,0,0,1,0,0,2026-08-19 20:00:40.818952+05:30
flipkart,TKPH2TTMJCBF8R3M,2026-07-26,1,5,0,0,0,0,1,1,0,0,0,2026-08-19 20:00:40.818952+05:30
flipkart,TSHHG6YYXYH7PHHU,2026-07-15,1,4,0,0,0,1,0,1,0,0,0,2026-08-19 20:00:40.818952+05:30
flipkart,TKPGSYPCBFKNUZ7W,2026-07-26,1,4,0,0,0,1,0,1,0,0,0,2026-08-19 20:00:40.818952+05:30
flipkart,TSHHHJRA8ZMQMYHG,2026-06-01,3,12,0,0,1,1,1,2,0,1,0,2026-08-19 20:00:40.818952+05:30
flipkart,TSHHCHZPAD7JCGRK,2026-07-23,1,4,0,0,0,1,0,1,0,0,0,2026-08-19 20:00:40.818952+05:30
flipkart,TSHHCHZPFQEVEAQQ,2026-07-22,1,3,0,0,1,0,0,0,0,1,0,2026-08-19 20:00:40.818952+05:30
flipkart,BXRGRFMQVPRAX7QU,2026-07-27,1,4,0,0,0,1,0,1,0,0,0,2026-08-19 20:00:40.818952+05:30
flipkart,VESFF2CGKSVEYRMF,2026-07-22,1,5,0,0,0,0,1,1,0,0,0,2026-08-19 20:00:40.818952+05:30
flipkart,TSHHHJRA94PWAYGW,2026-06-17,1,2,0,1,0,0,0,0,1,0,0,2026-08-19 20:00:40.818952+05:30
flipkart,FCKF66QFWW2WHSW8,2026-02-01,1,1,1,0,0,0,0,0,1,0,0,2026-08-19 20:00:40.818952+05:30
flipkart,BXRH2W5SZGUTXVQM,2026-07-08,1,5,0,0,0,0,1,1,0,0,0,2026-08-19 20:00:40.818952+05:30
flipkart,BRFFFFSVPTUYVHFF,2025-10-01,2,10,0,0,0,0,2,2,0,0,0,2026-08-19 20:00:40.818952+05:30
flipkart,SRTFEYC44SNDHXKZ,2025-12-01,2,9,0,0,0,1,1,2,0,0,0,2026-08-19 20:00:40.818952+05:30
flipkart,TSHGSUTA8P6XKZWF,2026-06-06,1,5,0,0,0,0,1,1,0,0,0,2026-08-19 20:00:40.818952+05:30
flipkart,TSHHCHZPCTKYBK4A,2026-06-01,4,19,0,0,0,1,3,4,0,0,0,2026-08-19 20:00:40.818952+05:30
flipkart,VESGZ9YZUURYFYZZ,2026-06-01,3,13,0,0,0,2,1,3,0,0,0,2026-08-19 20:00:40.818952+05:30
flipkart,BXRHC6DFE3JTKT5S,2026-06-09,1,1,1,0,0,0,0,0,1,0,0,2026-08-19 20:00:40.818952+05:30
flipkart,TSHHCKSG7PQRZGM2,2026-06-01,4,19,0,0,0,1,3,4,0,0,0,2026-08-19 20:00:40.818952+05:30
flipkart,PYJH2TWEWZPG2CWJ,2026-01-01,1,4,0,0,0,1,0,1,0,0,0,2026-08-19 20:00:40.818952+05:30
flipkart,BXRHFQXCVGA9H3CZ,2026-06-09,1,1,1,0,0,0,0,0,1,0,0,2026-08-19 20:00:40.818952+05:30
flipkart,BXRHC6DYVZD6TGQX,2026-03-01,1,4,0,0,0,1,0,1,0,0,0,2026-08-19 20:00:40.818952+05:30
flipkart,BXRH2W5SZQ2NVMUV,2026-07-29,1,1,1,0,0,0,0,0,1,0,0,2026-08-19 20:00:40.818952+05:30
flipkart,SRTHDH2JPJPQYYZA,2026-07-01,2,9,0,0,0,1,1,2,0,0,0,2026-08-19 20:00:40.818952+05:30
flipkart,SRTGSYQGUNZZH6A6,2026-06-29,1,4,0,0,0,1,0,1,0,0,0,2026-08-19 20:00:40.818952+05:30
flipkart,TKPH8MTXEAJDTQQB,2026-06-15,1,1,1,0,0,0,0,0,1,0,0,2026-08-19 20:00:40.818952+05:30
flipkart,VESGZ9YZBEAPYSSZ,2026-07-10,1,5,0,0,0,0,1,1,0,0,0,2026-08-19 20:00:40.818952+05:30
flipkart,TSHHCKSGWQKARXTR,2025-09-01,2,8,0,0,1,0,1,1,0,1,0,2026-08-19 20:00:40.818952+05:30
flipkart,BXRHFQXCH2ZZWNSU,2026-03-01,1,4,0,0,0,1,0,1,0,0,0,2026-08-19 20:00:40.818952+05:30
flipkart,TSHHCHZP3TPCWQMM,2026-06-13,1,4,0,0,0,1,0,1,0,0,0,2026-08-19 20:00:40.818952+05:30
flipkart,BXRH2W5SF88MYEM4,2025-10-01,4,16,1,0,0,0,3,3,1,0,0,2026-08-19 20:00:40.818952+05:30
flipkart,BXRHC6DYVZD6TGQX,2026-07-10,1,1,1,0,0,0,0,0,1,0,0,2026-08-19 20:00:40.818952+05:30
flipkart,TSHHCKSGAHZZHBTY,2026-07-22,1,3,0,0,1,0,0,0,0,1,0,2026-08-19 20:00:40.818952+05:30
flipkart,BRFGKD9AK6H2KK6Y,2026-01-01,1,5,0,0,0,0,1,1,0,0,0,2026-08-19 20:00:40.818952+05:30
flipkart,TSHHCHZP3J5ZFRU7,2026-08-03,1,1,1,0,0,0,0,0,1,0,0,2026-08-19 20:00:40.818952+05:30
flipkart,BXRGRFHZMPDXZWY7,2026-07-27,1,4,0,0,0,1,0,1,0,0,0,2026-08-19 20:00:40.818952+05:30
flipkart,TKPGSYPCBFKNUZ7W,2026-01-01,15,50,2,3,1,6,3,9,5,1,0,2026-08-19 20:00:40.818952+05:30
flipkart,TSHHCHZPAD7JCGRK,2026-07-28,1,5,0,0,0,0,1,1,0,0,0,2026-08-19 20:00:40.818952+05:30
flipkart,BXRHC6DYVZD6TGQX,2026-07-09,1,4,0,0,0,1,0,1,0,0,0,2026-08-19 20:00:40.818952+05:30
flipkart,TSHHHJRAYZD4VNH2,2026-06-01,2,7,0,0,1,1,0,1,0,1,0,2026-08-19 20:00:40.818952+05:30
flipkart,TSHHZ7ZHG56U3SDC,2026-07-01,1,1,1,0,0,0,0,0,1,0,0,2026-08-19 20:00:40.818952+05:30
flipkart,TKPH2TTM8RYBXMGR,2026-07-01,1,1,1,0,0,0,0,0,1,0,0,2026-08-19 20:00:40.818952+05:30
flipkart,TSHHG96EEHFKFUXY,2026-07-22,1,4,0,0,0,1,0,1,0,0,0,2026-08-19 20:00:40.818952+05:30
flipkart,TKPGTHNYWWCYXHFF,2026-04-01,3,8,1,1,0,0,1,1,2,0,0,2026-08-19 20:00:40.818952+05:30
flipkart,TKPH8MTXDBUUNCZ6,2026-04-01,4,10,2,0,1,0,1,1,2,1,0,2026-08-19 20:00:40.818952+05:30
flipkart,TSHHCKSGMZPHHWZG,2026-08-03,1,1,1,0,0,0,0,0,1,0,0,2026-08-19 20:00:40.818952+05:30
flipkart,BXRHFQXCVGA9H3CZ,2026-01-01,5,22,0,0,1,1,3,4,0,1,0,2026-08-19 20:00:40.818952+05:30
flipkart,VESGFCUGGDGPQ5HR,2026-07-07,1,5,0,0,0,0,1,1,0,0,0,2026-08-19 20:00:40.818952+05:30
flipkart,SRTGSYQG33X94BQH,2026-07-14,1,5,0,0,0,0,1,1,0,0,0,2026-08-19 20:00:40.818952+05:30
flipkart,TSHHCHZP3J5ZFRU7,2026-06-13,1,4,0,0,0,1,0,1,0,0,0,2026-08-19 20:00:40.818952+05:30
flipkart,TSHHHJRAAHQGWZMX,2026-06-17,1,2,0,1,0,0,0,0,1,0,0,2026-08-19 20:00:40.818952+05:30
flipkart,BXRGRFHNSVU6JKXH,2026-07-01,4,13,1,0,1,1,1,2,1,1,0,2026-08-19 20:00:40.818952+05:30
flipkart,TKPH8MTXNRYV3DAZ,2026-07-31,1,4,0,0,0,1,0,1,0,0,0,2026-08-19 20:00:40.818952+05:30
flipkart,BXRHFQXCJSCCGJ6J,2026-02-01,1,3,0,0,1,0,0,0,0,1,0,2026-08-19 20:00:40.818952+05:30
flipkart,TKPH2TTMZNKBVN52,2026-07-17,1,5,0,0,0,0,1,1,0,0,0,2026-08-19 20:00:40.818952+05:30
flipkart,TSHHCHZP3TPCWQMM,2026-07-28,1,5,0,0,0,0,1,1,0,0,0,2026-08-19 20:00:40.818952+05:30
flipkart,TSHHHJRA8ZMQMYHG,2026-07-15,1,5,0,0,0,0,1,1,0,0,0,2026-08-19 20:00:40.818952+05:30
flipkart,TSHHCKSGPGYUQY9G,2026-07-28,1,5,0,0,0,0,1,1,0,0,0,2026-08-19 20:00:40.818952+05:30
flipkart,TSHHCHZPHWHEZWQQ,2026-06-13,1,4,0,0,0,1,0,1,0,0,0,2026-08-19 20:00:40.818952+05:30
flipkart,SRTHZA56UPTVQUGZ,2026-07-13,1,5,0,0,0,0,1,1,0,0,0,2026-08-19 20:00:40.818952+05:30
flipkart,BXRGRFMQAJVB8HKM,2026-07-27,1,4,0,0,0,1,0,1,0,0,0,2026-08-19 20:00:40.818952+05:30
flipkart,TKPH2TTMZNKBVN52,2026-01-01,2,7,0,0,1,1,0,1,0,1,0,2026-08-19 20:00:40.818952+05:30
flipkart,TKPH8MTXXNY2H39G,2026-07-16,1,5,0,0,0,0,1,1,0,0,0,2026-08-19 20:00:40.818952+05:30
flipkart,SRTHZA8BMHQF4GJP,2026-07-26,1,2,0,1,0,0,0,0,1,0,0,2026-08-19 20:00:40.818952+05:30
flipkart,BXRH2W5SZQ2NVMUV,2026-07-08,1,5,0,0,0,0,1,1,0,0,0,2026-08-19 20:00:40.818952+05:30
flipkart,TSHHHJRAYZD4VNH2,2026-08-03,1,5,0,0,0,0,1,1,0,0,0,2026-08-19 20:00:40.818952+05:30
flipkart,BXRGRFMQVPRAX7QU,2026-02-01,3,11,0,0,2,0,1,1,0,2,0,2026-08-19 20:00:40.818952+05:30
flipkart,BXRGRFHZECWSEYJZ,2025-09-01,1,5,0,0,0,0,1,1,0,0,0,2026-08-19 20:00:40.818952+05:30
flipkart,SOCGQZ4YJKUZNUZK,2025-10-01,1,5,0,0,0,0,1,1,0,0,0,2026-08-19 20:00:40.818952+05:30
flipkart,TKPGDC7BGNQBZXHX,2026-01-01,15,50,2,3,1,6,3,9,5,1,0,2026-08-19 20:00:40.818952+05:30
flipkart,TSHHG96EHUZMMCUX,2026-07-20,1,4,0,0,0,1,0,1,0,0,0,2026-08-19 20:00:40.818952+05:30
flipkart,TKPH8MTXNRYV3DAZ,2026-06-15,1,1,1,0,0,0,0,0,1,0,0,2026-08-19 20:00:40.818952+05:30
flipkart,TSHHG96EEHFKFUXY,2026-02-01,3,7,2,0,0,0,1,1,2,0,0,2026-08-19 20:00:40.818952+05:30
flipkart,TSHH8NRFTVJZF7DW,2026-06-06,1,5,0,0,0,0,1,1,0,0,0,2026-08-19 20:00:40.818952+05:30
flipkart,TKPGSYPCTDHAGPFB,2025-10-01,17,65,4,1,0,1,11,12,5,0,0,2026-08-19 20:00:40.818952+05:30
flipkart,BXRGRFMQHGNKWPEY,2026-07-09,1,1,1,0,0,0,0,0,1,0,0,2026-08-19 20:00:40.818952+05:30
flipkart,TSHGSUTCQHTXPU7T,2026-01-01,4,14,1,0,1,0,2,2,1,1,0,2026-08-19 20:00:40.818952+05:30
flipkart,TSHHHJRARG5VGWZC,2026-07-07,1,5,0,0,0,0,1,1,0,0,0,2026-08-19 20:00:40.818952+05:30
flipkart,TKPGSYPCYGWJEACQ,2026-03-01,6,15,2,1,2,0,1,1,3,2,0,2026-08-19 20:00:40.818952+05:30
flipkart,VESGZ9YZNXUPDTKU,2026-04-01,1,5,0,0,0,0,1,1,0,0,0,2026-08-19 20:00:40.818952+05:30
flipkart,BXRHC6D3GGAB6HGP,2025-10-01,2,6,1,0,0,0,1,1,1,0,0,2026-08-19 20:00:40.818952+05:30
flipkart,BXRGRFMQXVGVCHTX,2026-07-08,1,1,1,0,0,0,0,0,1,0,0,2026-08-19 20:00:40.818952+05:30
flipkart,TKPGSYPCZ3BPMPSF,2026-07-14,1,5,0,0,0,0,1,1,0,0,0,2026-08-19 20:00:40.818952+05:30
flipkart,TSHHHJRARG5VGWZC,2026-06-29,1,5,0,0,0,0,1,1,0,0,0,2026-08-19 20:00:40.818952+05:30
flipkart,TSHHCKSGFXPPK5GV,2026-08-03,1,1,1,0,0,0,0,0,1,0,0,2026-08-19 20:00:40.818952+05:30
flipkart,TSHHCHZPXTGZXVZF,2026-06-13,1,4,0,0,0,1,0,1,0,0,0,2026-08-19 20:00:40.818952+05:30
flipkart,TSHHG96EHUZMMCUX,2026-07-22,1,4,0,0,0,1,0,1,0,0,0,2026-08-19 20:00:40.818952+05:30
flipkart,SRTGSYQGYYGHFF5Y,2025-11-01,5,23,0,0,0,2,3,5,0,0,0,2026-08-19 20:00:40.818952+05:30
flipkart,TSHHCHZPVJAGWTTG,2026-03-01,1,5,0,0,0,0,1,1,0,0,0,2026-08-19 20:00:40.818952+05:30
flipkart,TSHHHJRA2XFF6ZBX,2026-07-24,4,18,0,0,0,2,2,4,0,0,0,2026-08-19 20:00:40.818952+05:30
flipkart,TSHHG96E34GYMJQV,2026-06-01,4,17,0,1,0,0,3,3,1,0,0,2026-08-19 20:00:40.818952+05:30
flipkart,TSHGSUTBY85HUUTX,2026-08-09,1,5,0,0,0,0,1,1,0,0,0,2026-08-19 20:00:40.818952+05:30
flipkart,FCKF66QFWW2WHSW8,2026-06-20,1,5,0,0,0,0,1,1,0,0,0,2026-08-19 20:00:40.818952+05:30
flipkart,VESFF2CGNYVNPPMT,2026-06-01,1,5,0,0,0,0,1,1,0,0,0,2026-08-19 20:00:40.818952+05:30
flipkart,BXRH2W5SZQ2NVMUV,2026-07-19,1,1,1,0,0,0,0,0,1,0,0,2026-08-19 20:00:40.818952+05:30
flipkart,BXRGZJCWSKK9RSYE,2026-04-01,2,9,0,0,0,1,1,2,0,0,0,2026-08-19 20:00:40.818952+05:30
flipkart,BXRGRFHZZKF8JG49,2026-08-06,1,4,0,0,0,1,0,1,0,0,0,2026-08-19 20:00:40.818952+05:30
flipkart,TKPH8MTXXNY2H39G,2026-06-13,1,4,0,0,0,1,0,1,0,0,0,2026-08-19 20:00:40.818952+05:30
flipkart,TSHHHJRA9WNSWQEP,2026-07-23,2,10,0,0,0,0,2,2,0,0,0,2026-08-19 20:00:40.818952+05:30
flipkart,BXRGRFHZ8VB6UZR3,2025-11-01,3,12,0,0,1,1,1,2,0,1,0,2026-08-19 20:00:40.818952+05:30
flipkart,TSHHCKSGWQKARXTR,2026-06-13,1,4,0,0,0,1,0,1,0,0,0,2026-08-19 20:00:40.818952+05:30
flipkart,TSHHHJRAX9D5ZHGY,2026-07-20,1,4,0,0,0,1,0,1,0,0,0,2026-08-19 20:00:40.818952+05:30
flipkart,SRTFFFUDVZFADD9P,2025-11-01,3,14,0,0,0,1,2,3,0,0,0,2026-08-19 20:00:40.818952+05:30
flipkart,BXRHC6DFCRBPKEPH,2026-06-09,1,1,1,0,0,0,0,0,1,0,0,2026-08-19 20:00:40.818952+05:30
flipkart,TSHHG6YYF7EHPGGA,2026-07-15,1,4,0,0,0,1,0,1,0,0,0,2026-08-19 20:00:40.818952+05:30
flipkart,FCWFG3MEKYQF6WAE,2026-02-01,1,5,0,0,0,0,1,1,0,0,0,2026-08-19 20:00:40.818952+05:30
flipkart,TSHHCKSGM5HEB5FV,2026-07-25,1,5,0,0,0,0,1,1,0,0,0,2026-08-19 20:00:40.818952+05:30
flipkart,SRTGSYQGMGZZC5A6,2025-11-01,5,23,0,0,0,2,3,5,0,0,0,2026-08-19 20:00:40.818952+05:30
flipkart,TSHGSUTBS8NCZWX2,2026-06-06,1,5,0,0,0,0,1,1,0,0,0,2026-08-19 20:00:40.818952+05:30
flipkart,BXRGRFMQVPRAX7QU,2026-07-15,1,4,0,0,0,1,0,1,0,0,0,2026-08-19 20:00:40.818952+05:30
flipkart,PYJH2TWEYASHYAGW,2026-01-01,1,4,0,0,0,1,0,1,0,0,0,2026-08-19 20:00:40.818952+05:30
flipkart,TSHHCHZP3J5ZFRU7,2026-06-29,2,6,1,0,0,0,1,1,1,0,0,2026-08-19 20:00:40.818952+05:30
flipkart,BXRHC6DFE3JTKT5S,2026-03-01,1,4,0,0,0,1,0,1,0,0,0,2026-08-19 20:00:40.818952+05:30
flipkart,PANH46SM5MWVTYHY,2025-12-01,1,5,0,0,0,0,1,1,0,0,0,2026-08-19 20:00:40.818952+05:30
flipkart,TKPGDC7BGNQBZXHX,2026-04-01,4,10,2,0,1,0,1,1,2,1,0,2026-08-19 20:00:40.818952+05:30
flipkart,TKPH5URAFZJ9YSGG,2026-02-01,7,21,3,0,0,2,2,4,3,0,0,2026-08-19 20:00:40.818952+05:30
flipkart,SRTHDH2JGGZZSZEA,2025-11-01,5,23,0,0,0,2,3,5,0,0,0,2026-08-19 20:00:40.818952+05:30
flipkart,TSHGSUT86EGTBTMZ,2026-06-01,4,17,0,1,0,0,3,3,1,0,0,2026-08-19 20:00:40.818952+05:30
flipkart,BRFG5S4FKDZVGBTN,2026-05-01,1,5,0,0,0,0,1,1,0,0,0,2026-08-19 20:00:40.818952+05:30
flipkart,TSHHCKSGSZFNEFAY,2026-07-28,1,5,0,0,0,0,1,1,0,0,0,2026-08-19 20:00:40.818952+05:30
flipkart,VESH8VE5Y8RZBS9H,2026-06-01,1,5,0,0,0,0,1,1,0,0,0,2026-08-19 20:00:40.818952+05:30
flipkart,TSHGSUT86EGTBTMZ,2026-07-22,1,4,0,0,0,1,0,1,0,0,0,2026-08-19 20:00:40.818952+05:30
flipkart,SRTGSYQGUNZZH6A6,2026-04-01,1,5,0,0,0,0,1,1,0,0,0,2026-08-19 20:00:40.818952+05:30
flipkart,TKPGDC7BGNQBZXHX,2026-07-16,1,5,0,0,0,0,1,1,0,0,0,2026-08-19 20:00:40.818952+05:30
flipkart,TKPGTHNYFGUCTHDE,2026-06-20,1,2,0,1,0,0,0,0,1,0,0,2026-08-19 20:00:40.818952+05:30
flipkart,TSHH8NU8EHCFHZB9,2026-06-01,2,7,0,1,0,0,1,1,1,0,0,2026-08-19 20:00:40.818952+05:30
flipkart,TKPGDC7BK9HTWTBG,2026-06-15,1,1,1,0,0,0,0,0,1,0,0,2026-08-19 20:00:40.818952+05:30
flipkart,TSHHCKSGU77X4FDT,2025-09-01,2,8,0,0,1,0,1,1,0,1,0,2026-08-19 20:00:40.818952+05:30
flipkart,TSHHCHZP3J5ZFRU7,2026-05-01,5,25,0,0,0,0,5,5,0,0,0,2026-08-19 20:00:40.818952+05:30
flipkart,FCTEXF6HHGCZVEGC,2026-04-01,2,9,0,0,0,1,1,2,0,0,0,2026-08-19 20:00:40.818952+05:30
flipkart,BXRGRFMQVPRAX7QU,2025-11-01,3,12,0,0,1,1,1,2,0,1,0,2026-08-19 20:00:40.818952+05:30
flipkart,BXRHC6DFCRBPKEPH,2026-02-01,1,3,0,0,1,0,0,0,0,1,0,2026-08-19 20:00:40.818952+05:30
flipkart,BXRGRFMQAJVB8HKM,2026-08-08,1,5,0,0,0,0,1,1,0,0,0,2026-08-19 20:00:40.818952+05:30
flipkart,SRTHDH2JWZAPE9VY,2026-07-23,1,5,0,0,0,0,1,1,0,0,0,2026-08-19 20:00:40.818952+05:30
flipkart,TSHHCKSGSP8GHBJG,2026-06-29,1,1,1,0,0,0,0,0,1,0,0,2026-08-19 20:00:40.818952+05:30
flipkart,TSHGSUTA9ZWNC3QG,2026-07-22,1,4,0,0,0,1,0,1,0,0,0,2026-08-19 20:00:40.818952+05:30
flipkart,TSHGSUTCQHTXPU7T,2026-07-01,3,15,0,0,0,0,3,3,0,0,0,2026-08-19 20:00:40.818952+05:30
flipkart,TSHGSUT86EGTBTMZ,2026-05-01,5,17,2,0,0,0,3,3,2,0,0,2026-08-19 20:00:40.818952+05:30
flipkart,TKPH2TTMGUXHNWJN,2026-01-01,3,12,0,1,0,0,2,2,1,0,0,2026-08-19 20:00:40.818952+05:30
flipkart,SRTHDH2J2ZEZZYYT,2026-04-01,1,5,0,0,0,0,1,1,0,0,0,2026-08-19 20:00:40.818952+05:30
flipkart,TSHHHJRASMKXNJYD,2026-07-25,2,8,0,0,0,2,0,2,0,0,0,2026-08-19 20:00:40.818952+05:30
flipkart,BXRGRFHNAHFPSTSB,2026-07-24,1,5,0,0,0,0,1,1,0,0,0,2026-08-19 20:00:40.818952+05:30
flipkart,TKPGDC7BNJTFHSJS,2026-03-01,6,15,2,1,2,0,1,1,3,2,0,2026-08-19 20:00:40.818952+05:30
flipkart,TKPHNDMEDRQUYWHZ,2026-07-13,1,2,0,1,0,0,0,0,1,0,0,2026-08-19 20:00:40.818952+05:30
flipkart,BXRH2W5SJRAGFHXT,2025-11-01,2,9,0,0,0,1,1,2,0,0,0,2026-08-19 20:00:40.818952+05:30
flipkart,BXRGRFMQHGNKWPEY,2026-08-06,1,4,0,0,0,1,0,1,0,0,0,2026-08-19 20:00:40.818952+05:30
flipkart,TSHHHJRA94PWAYGW,2025-12-01,1,4,0,0,0,1,0,1,0,0,0,2026-08-19 20:00:40.818952+05:30
flipkart,FCKFAG9QPJGNGM9T,2026-01-01,1,5,0,0,0,0,1,1,0,0,0,2026-08-19 20:00:40.818952+05:30
flipkart,TSHHCKTJFG6FWGQ6,2026-07-25,1,5,0,0,0,0,1,1,0,0,0,2026-08-19 20:00:40.818952+05:30
flipkart,BXRGRFHNSVU6JKXH,2026-07-27,1,4,0,0,0,1,0,1,0,0,0,2026-08-19 20:00:40.818952+05:30
flipkart,TSHHCHZPXTGZXVZF,2026-04-01,2,10,0,0,0,0,2,2,0,0,0,2026-08-19 20:00:40.818952+05:30
flipkart,SRTHDH2JHYDY2ZF3,2025-12-01,2,9,0,0,0,1,1,2,0,0,0,2026-08-19 20:00:40.818952+05:30
flipkart,TSHHCKSGAHZZHBTY,2026-07-18,1,5,0,0,0,0,1,1,0,0,0,2026-08-19 20:00:40.818952+05:30
flipkart,BXRGRFHZCXZP6VP8,2026-05-01,1,3,0,0,1,0,0,0,0,1,0,2026-08-19 20:00:40.818952+05:30
flipkart,SRTFFFUDJNHPTACS,2025-09-01,2,10,0,0,0,0,2,2,0,0,0,2026-08-19 20:00:40.818952+05:30
flipkart,TKPGTHNYBWHENYH6,2026-07-30,1,3,0,0,1,0,0,0,0,1,0,2026-08-19 20:00:40.818952+05:30
flipkart,BXRHC6D3GGAB6HGP,2025-11-01,6,21,0,1,1,4,0,4,1,1,0,2026-08-19 20:00:40.818952+05:30
flipkart,TSHHCKSGAHZZHBTY,2026-07-26,1,5,0,0,0,0,1,1,0,0,0,2026-08-19 20:00:40.818952+05:30
flipkart,BXRGRFMQYKUB9K5S,2026-07-24,1,5,0,0,0,0,1,1,0,0,0,2026-08-19 20:00:40.818952+05:30
flipkart,TSHGSUTA9ZWNC3QG,2026-06-06,1,5,0,0,0,0,1,1,0,0,0,2026-08-19 20:00:40.818952+05:30
flipkart,TKPGSYPCXDEZYQDG,2026-07-14,1,5,0,0,0,0,1,1,0,0,0,2026-08-19 20:00:40.818952+05:30
flipkart,SRTHDH2JHYDY2ZF3,2025-10-01,4,20,0,0,0,0,4,4,0,0,0,2026-08-19 20:00:40.818952+05:30
flipkart,TKPGTHNYWWCYXHFF,2026-06-20,1,2,0,1,0,0,0,0,1,0,0,2026-08-19 20:00:40.818952+05:30
flipkart,TSHHHJRATZFGHRZ6,2026-06-15,1,5,0,0,0,0,1,1,0,0,0,2026-08-19 20:00:40.818952+05:30
flipkart,VESGZ9YZZHNDTRCP,2026-07-13,1,4,0,0,0,1,0,1,0,0,0,2026-08-19 20:00:40.818952+05:30
flipkart,TKPGDC7BGZNCKDUZ,2025-10-01,2,6,0,1,0,1,0,1,1,0,0,2026-08-19 20:00:40.818952+05:30
flipkart,SRTFEYC44SNDHXKZ,2026-01-01,2,10,0,0,0,0,2,2,0,0,0,2026-08-19 20:00:40.818952+05:30
flipkart,TSHHCHZPAD7JCGRK,2026-06-13,1,4,0,0,0,1,0,1,0,0,0,2026-08-19 20:00:40.818952+05:30
flipkart,TKPGSYPCXUARRUMY,2026-07-01,4,15,1,0,0,1,2,3,1,0,0,2026-08-19 20:00:40.818952+05:30
flipkart,TSHHHJRA8C7ZXDW3,2025-12-01,1,4,0,0,0,1,0,1,0,0,0,2026-08-19 20:00:40.818952+05:30
flipkart,BXRHC6DYCZYBRFTQ,2026-06-28,1,4,0,0,0,1,0,1,0,0,0,2026-08-19 20:00:40.818952+05:30
flipkart,TSHHCHZPWEDWVFFP,2026-06-29,2,6,1,0,0,0,1,1,1,0,0,2026-08-19 20:00:40.818952+05:30
flipkart,SRTHDH2J2ZEZZYYT,2026-07-01,2,9,0,0,0,1,1,2,0,0,0,2026-08-19 20:00:40.818952+05:30
flipkart,TKPH2TTMWMHWFXPE,2025-11-01,1,4,0,0,0,1,0,1,0,0,0,2026-08-19 20:00:40.818952+05:30
flipkart,TSHHHJRARG5VGWZC,2026-06-16,1,5,0,0,0,0,1,1,0,0,0,2026-08-19 20:00:40.818952+05:30
flipkart,FCKFB5ZT3FMM3MHR,2026-07-31,1,1,1,0,0,0,0,0,1,0,0,2026-08-19 20:00:40.818952+05:30
flipkart,BXRH2W5SKAPWZYHQ,2025-11-01,2,9,0,0,0,1,1,2,0,0,0,2026-08-19 20:00:40.818952+05:30
flipkart,BXRHC6DY55BHVQQW,2026-06-29,1,5,0,0,0,0,1,1,0,0,0,2026-08-19 20:00:40.818952+05:30
flipkart,TSHHCHZPSYNBHGNM,2026-07-28,1,5,0,0,0,0,1,1,0,0,0,2026-08-19 20:00:40.818952+05:30
flipkart,TSHHHJRA9WNSWQEP,2026-07-24,4,18,0,0,0,2,2,4,0,0,0,2026-08-19 20:00:40.818952+05:30
flipkart,TKPH2TTMWTFQDUWH,2025-10-01,2,10,0,0,0,0,2,2,0,0,0,2026-08-19 20:00:40.818952+05:30
flipkart,VESGZ9YZAZKVADDR,2026-07-13,1,4,0,0,0,1,0,1,0,0,0,2026-08-19 20:00:40.818952+05:30
flipkart,TSHHHJRA94PWAYGW,2026-06-13,1,3,0,0,1,0,0,0,0,1,0,2026-08-19 20:00:40.818952+05:30
flipkart,BXRGRFMQYHQS4BM7,2026-06-28,1,5,0,0,0,0,1,1,0,0,0,2026-08-19 20:00:40.818952+05:30
flipkart,BXRGRFHZ8VB6UZR3,2026-08-07,1,1,1,0,0,0,0,0,1,0,0,2026-08-19 20:00:40.818952+05:30
flipkart,SRTHDH2JJCKJWXVF,2025-10-01,4,20,0,0,0,0,4,4,0,0,0,2026-08-19 20:00:40.818952+05:30
flipkart,VESFF2CGNYVNPPMT,2026-07-13,1,5,0,0,0,0,1,1,0,0,0,2026-08-19 20:00:40.818952+05:30
flipkart,BXRHC6DFE3JTKT5S,2026-07-24,1,5,0,0,0,0,1,1,0,0,0,2026-08-19 20:00:40.818952+05:30
flipkart,TSHHCHZP8YHX8CBY,2025-10-01,10,29,4,1,0,2,3,5,5,0,0,2026-08-19 20:00:40.818952+05:30
flipkart,SRTHDH2JGGZZSZEA,2026-07-01,2,9,0,0,0,1,1,2,0,0,0,2026-08-19 20:00:40.818952+05:30
flipkart,TSHGSUT9HEHTJVKA,2026-03-01,2,7,0,1,0,0,1,1,1,0,0,2026-08-19 20:00:40.818952+05:30
flipkart,SRTHDH2JWSHGP896,2025-12-01,2,9,0,0,0,1,1,2,0,0,0,2026-08-19 20:00:40.818952+05:30
flipkart,TKPGSYXCFXPTHZBK,2026-02-01,8,30,1,1,1,1,4,5,2,1,0,2026-08-19 20:00:40.818952+05:30
flipkart,TSHHCKSGPGYUQY9G,2026-07-18,1,5,0,0,0,0,1,1,0,0,0,2026-08-19 20:00:40.818952+05:30
flipkart,TSHHCHZPSYNBHGNM,2026-07-18,1,5,0,0,0,0,1,1,0,0,0,2026-08-19 20:00:40.818952+05:30
flipkart,TKPG38GFGWZYHEA9,2026-07-10,1,5,0,0,0,0,1,1,0,0,0,2026-08-19 20:00:40.818952+05:30
flipkart,FCKFFGVX9NEVKSKT,2026-06-01,3,11,0,1,0,1,1,2,1,0,0,2026-08-19 20:00:40.818952+05:30
flipkart,TSHHCKSGYZBSAB3B,2026-07-18,1,5,0,0,0,0,1,1,0,0,0,2026-08-19 20:00:40.818952+05:30
flipkart,SRTHDH2JJY3GGYAD,2026-01-01,2,10,0,0,0,0,2,2,0,0,0,2026-08-19 20:00:40.818952+05:30
flipkart,TSHHHJRASMKXNJYD,2026-02-01,1,5,0,0,0,0,1,1,0,0,0,2026-08-19 20:00:40.818952+05:30
flipkart,TSHGSUT9HEHTJVKA,2026-06-06,1,5,0,0,0,0,1,1,0,0,0,2026-08-19 20:00:40.818952+05:30
flipkart,VESFF2CGGBDCRHFC,2026-04-01,1,1,1,0,0,0,0,0,1,0,0,2026-08-19 20:00:40.818952+05:30
flipkart,TKPH2TTMVVEKXDX4,2026-08-01,1,4,0,0,0,1,0,1,0,0,0,2026-08-19 20:00:40.818952+05:30
flipkart,SRTGSYQGUNZZH6A6,2025-10-01,4,20,0,0,0,0,4,4,0,0,0,2026-08-19 20:00:40.818952+05:30
flipkart,SOCH8ERGSC6PEHZF,2026-07-12,1,3,0,0,1,0,0,0,0,1,0,2026-08-19 20:00:40.818952+05:30
flipkart,TSHHCKSG7PQRZGM2,2026-06-30,1,5,0,0,0,0,1,1,0,0,0,2026-08-19 20:00:40.818952+05:30
flipkart,BXRGRFHZCVHHZTGY,2026-06-01,1,3,0,0,1,0,0,0,0,1,0,2026-08-19 20:00:40.818952+05:30
flipkart,TSHHCKSGAHZZHBTY,2026-07-01,4,14,1,0,0,2,1,3,1,0,0,2026-08-19 20:00:40.818952+05:30
flipkart,TSHHCHZPCTKYBK4A,2026-07-26,1,5,0,0,0,0,1,1,0,0,0,2026-08-19 20:00:40.818952+05:30
flipkart,BXRGRFMQXVGVCHTX,2026-07-27,1,4,0,0,0,1,0,1,0,0,0,2026-08-19 20:00:40.818952+05:30
flipkart,SRTFFFUD3BGPEXZY,2026-03-01,2,6,0,1,0,1,0,1,1,0,0,2026-08-19 20:00:40.818952+05:30
flipkart,TSHHHJRA9WNSWQEP,2026-07-25,2,8,0,0,0,2,0,2,0,0,0,2026-08-19 20:00:40.818952+05:30
flipkart,TKPGSYXCFXPTHZBK,2026-03-01,6,15,2,1,2,0,1,1,3,2,0,2026-08-19 20:00:40.818952+05:30
flipkart,TKPH2TTMWTFQDUWH,2026-02-01,4,15,0,1,1,0,2,2,1,1,0,2026-08-19 20:00:40.818952+05:30
flipkart,TKPGSYPCNTSBCUUV,2026-07-14,1,5,0,0,0,0,1,1,0,0,0,2026-08-19 20:00:40.818952+05:30
flipkart,BXRGRFMQXVGVCHTX,2025-09-01,1,5,0,0,0,0,1,1,0,0,0,2026-08-19 20:00:40.818952+05:30
flipkart,TSHHHJRAAHQGWZMX,2026-06-13,1,3,0,0,1,0,0,0,0,1,0,2026-08-19 20:00:40.818952+05:30
flipkart,SRTFFFUDPECZJGJN,2026-02-01,1,4,0,0,0,1,0,1,0,0,0,2026-08-19 20:00:40.818952+05:30
flipkart,BXRGRFHZCXZP6VP8,2026-07-01,4,13,1,0,1,1,1,2,1,1,0,2026-08-19 20:00:40.818952+05:30
flipkart,VESHCN7CGSWYVEAZ,2026-04-01,1,1,1,0,0,0,0,0,1,0,0,2026-08-19 20:00:40.818952+05:30
flipkart,BXRHC6DY55BHVQQW,2026-02-01,1,3,0,0,1,0,0,0,0,1,0,2026-08-19 20:00:40.818952+05:30
flipkart,TSHHHJRA8ZMQMYHG,2026-07-23,2,10,0,0,0,0,2,2,0,0,0,2026-08-19 20:00:40.818952+05:30
flipkart,BXRH2W5SKAPWZYHQ,2026-07-19,1,1,1,0,0,0,0,0,1,0,0,2026-08-19 20:00:40.818952+05:30
flipkart,BXRH2W5SF88MYEM4,2026-07-29,1,1,1,0,0,0,0,0,1,0,0,2026-08-19 20:00:40.818952+05:30
flipkart,SRTFFFUDSEGXM6WS,2025-10-01,8,27,3,0,0,1,4,5,3,0,0,2026-08-19 20:00:40.818952+05:30
flipkart,BXRGRFHZECWSEYJZ,2026-08-07,1,1,1,0,0,0,0,0,1,0,0,2026-08-19 20:00:40.818952+05:30
flipkart,TSHHCKSGYZBSAB3B,2026-05-01,5,25,0,0,0,0,5,5,0,0,0,2026-08-19 20:00:40.818952+05:30
flipkart,TSHHHJRA94PWAYGW,2026-06-01,3,12,0,0,1,1,1,2,0,1,0,2026-08-19 20:00:40.818952+05:30
flipkart,SRTFEYC44SNDHXKZ,2026-07-23,1,5,0,0,0,0,1,1,0,0,0,2026-08-19 20:00:40.818952+05:30
flipkart,TKPGSYPCSVEGZXTU,2025-10-01,17,65,4,1,0,1,11,12,5,0,0,2026-08-19 20:00:40.818952+05:30
flipkart,SRTGSYQGMGZZC5A6,2025-10-01,4,20,0,0,0,0,4,4,0,0,0,2026-08-19 20:00:40.818952+05:30
flipkart,TKPGDC7BNJTFHSJS,2026-01-01,15,50,2,3,1,6,3,9,5,1,0,2026-08-19 20:00:40.818952+05:30
flipkart,TRKFFFUYEW8PQSDR,2025-12-01,1,1,1,0,0,0,0,0,1,0,0,2026-08-19 20:00:40.818952+05:30
flipkart,TSHHCKSGM5HEB5FV,2026-07-18,1,5,0,0,0,0,1,1,0,0,0,2026-08-19 20:00:40.818952+05:30
flipkart,BXRGRFMQVPRAX7QU,2026-07-08,1,1,1,0,0,0,0,0,1,0,0,2026-08-19 20:00:40.818952+05:30
flipkart,TSHHHJRAAHQGWZMX,2026-07-16,1,5,0,0,0,0,1,1,0,0,0,2026-08-19 20:00:40.818952+05:30
flipkart,TKPGTHNYNZYPG9HH,2026-06-15,1,3,0,0,1,0,0,0,0,1,0,2026-08-19 20:00:40.818952+05:30
flipkart,TKPH8MTXXNY2H39G,2026-01-01,15,50,2,3,1,6,3,9,5,1,0,2026-08-19 20:00:40.818952+05:30
flipkart,SSVGY7YYCCFUVZKH,2026-07-01,1,2,0,1,0,0,0,0,1,0,0,2026-08-19 20:00:40.818952+05:30
flipkart,TKPH2TTMHPSWMWGJ,2026-07-16,1,5,0,0,0,0,1,1,0,0,0,2026-08-19 20:00:40.818952+05:30
flipkart,TKPH8MTJ687ZET8H,2026-07-26,1,5,0,0,0,0,1,1,0,0,0,2026-08-19 20:00:40.818952+05:30
flipkart,BXRGZJCWTRB2DDZH,2026-08-03,1,1,1,0,0,0,0,0,1,0,0,2026-08-19 20:00:40.818952+05:30
flipkart,TSHHCKTJRRG8YGTG,2025-10-01,1,5,0,0,0,0,1,1,0,0,0,2026-08-19 20:00:40.818952+05:30
flipkart,SRTFFFUDS9Q4YWUA,2026-06-01,1,5,0,0,0,0,1,1,0,0,0,2026-08-19 20:00:40.818952+05:30
flipkart,TSHHHJRARECBQRGY,2026-08-03,1,5,0,0,0,0,1,1,0,0,0,2026-08-19 20:00:40.818952+05:30
flipkart,TSHHG96EPA39GEKH,2026-06-01,2,7,0,1,0,0,1,1,1,0,0,2026-08-19 20:00:40.818952+05:30
flipkart,BXRGRFHZECWSEYJZ,2026-08-08,1,5,0,0,0,0,1,1,0,0,0,2026-08-19 20:00:40.818952+05:30
flipkart,BXRGRFMQGMZFEGNJ,2026-07-09,1,1,1,0,0,0,0,0,1,0,0,2026-08-19 20:00:40.818952+05:30
flipkart,TSHHCKSGSP8GHBJG,2026-07-23,1,4,0,0,0,1,0,1,0,0,0,2026-08-19 20:00:40.818952+05:30
flipkart,TSHHCKSGYZBSAB3B,2026-07-13,1,5,0,0,0,0,1,1,0,0,0,2026-08-19 20:00:40.818952+05:30
flipkart,SRTFFFUDPECZJGJN,2025-09-01,2,10,0,0,0,0,2,2,0,0,0,2026-08-19 20:00:40.818952+05:30
flipkart,SNRE5FB4TUKHY9GR,2026-06-22,1,5,0,0,0,0,1,1,0,0,0,2026-08-19 20:00:40.818952+05:30
flipkart,TKPGTHNYBWHENYH6,2026-06-19,1,4,0,0,0,1,0,1,0,0,0,2026-08-19 20:00:40.818952+05:30
flipkart,TSHHCHZPWEDWVFFP,2026-06-30,1,5,0,0,0,0,1,1,0,0,0,2026-08-19 20:00:40.818952+05:30
flipkart,SRTGSYQGKBHXGKWV,2026-07-23,1,5,0,0,0,0,1,1,0,0,0,2026-08-19 20:00:40.818952+05:30
flipkart,TKPGDC7BGNQBZXHX,2025-12-01,20,78,1,2,5,2,10,12,3,5,0,2026-08-19 20:00:40.818952+05:30
flipkart,VESGFCUG9YG7SU2Y,2026-06-29,1,4,0,0,0,1,0,1,0,0,0,2026-08-19 20:00:40.818952+05:30
flipkart,TSHHCHZPVJAGWTTG,2026-04-01,2,10,0,0,0,0,2,2,0,0,0,2026-08-19 20:00:40.818952+05:30
flipkart,VESGZ9YZE7TGEHAT,2026-06-01,3,13,0,0,0,2,1,3,0,0,0,2026-08-19 20:00:40.818952+05:30
flipkart,BXRGRFHZGBUYPHVS,2025-11-01,3,12,0,0,1,1,1,2,0,1,0,2026-08-19 20:00:40.818952+05:30
flipkart,BXRGRFHNAHFPSTSB,2026-07-08,1,1,1,0,0,0,0,0,1,0,0,2026-08-19 20:00:40.818952+05:30
flipkart,TSHHCHZPYY2A6GA4,2026-06-29,1,1,1,0,0,0,0,0,1,0,0,2026-08-19 20:00:40.818952+05:30
flipkart,TKPH2TTMZNKBVN52,2026-04-01,1,5,0,0,0,0,1,1,0,0,0,2026-08-19 20:00:40.818952+05:30
flipkart,TSHHHJRA9WNSWQEP,2026-07-07,1,5,0,0,0,0,1,1,0,0,0,2026-08-19 20:00:40.818952+05:30
flipkart,BXRGRFHNGYGVXSHX,2026-06-01,1,3,0,0,1,0,0,0,0,1,0,2026-08-19 20:00:40.818952+05:30
flipkart,TKPH2TTMJCBF8R3M,2026-06-01,2,8,0,0,0,2,0,2,0,0,0,2026-08-19 20:00:40.818952+05:30
flipkart,TKPH8MTJUWNEVNBA,2026-01-01,2,7,0,0,1,1,0,1,0,1,0,2026-08-19 20:00:40.818952+05:30
flipkart,TSHHHJRAZY3BXMSE,2026-06-29,1,5,0,0,0,0,1,1,0,0,0,2026-08-19 20:00:40.818952+05:30
flipkart,TKPH8MTXFWZFBZYG,2026-07-14,1,5,0,0,0,0,1,1,0,0,0,2026-08-19 20:00:40.818952+05:30
flipkart,TSHHCHZPFQEVEAQQ,2026-05-01,5,25,0,0,0,0,5,5,0,0,0,2026-08-19 20:00:40.818952+05:30
flipkart,TSHHHJRAJZ9W3CHJ,2026-07-23,1,5,0,0,0,0,1,1,0,0,0,2026-08-19 20:00:40.818952+05:30
flipkart,SNRE5FB4TUKHY9GR,2026-06-27,1,4,0,0,0,1,0,1,0,0,0,2026-08-19 20:00:40.818952+05:30
flipkart,TSHHHJRARG5VGWZC,2026-07-12,1,4,0,0,0,1,0,1,0,0,0,2026-08-19 20:00:40.818952+05:30
flipkart,FCKF66QFWW2WHSW8,2026-06-11,1,3,0,0,1,0,0,0,0,1,0,2026-08-19 20:00:40.818952+05:30
flipkart,TSHHCKSGZNZPWUGC,2026-08-03,1,1,1,0,0,0,0,0,1,0,0,2026-08-19 20:00:40.818952+05:30
flipkart,SRTGSYQGKBHXGKWV,2026-01-01,2,10,0,0,0,0,2,2,0,0,0,2026-08-19 20:00:40.818952+05:30
flipkart,BXRGRFMQAJVB8HKM,2026-07-21,1,5,0,0,0,0,1,1,0,0,0,2026-08-19 20:00:40.818952+05:30
flipkart,TKPGSYPCBFKNUZ7W,2026-07-31,1,4,0,0,0,1,0,1,0,0,0,2026-08-19 20:00:40.818952+05:30
flipkart,TKPGDC7BGNQBZXHX,2025-10-01,17,65,4,1,0,1,11,12,5,0,0,2026-08-19 20:00:40.818952+05:30
flipkart,TKPH8MTXFWZFBZYG,2026-06-13,1,4,0,0,0,1,0,1,0,0,0,2026-08-19 20:00:40.818952+05:30
flipkart,FCKFAGAYGGYMEWQT,2026-07-25,2,10,0,0,0,0,2,2,0,0,0,2026-08-19 20:00:40.818952+05:30
flipkart,BXRHC6DFE3JTKT5S,2025-11-01,6,21,0,1,1,4,0,4,1,1,0,2026-08-19 20:00:40.818952+05:30
flipkart,TSHHG96EYHPYNDCT,2026-06-06,1,5,0,0,0,0,1,1,0,0,0,2026-08-19 20:00:40.818952+05:30
flipkart,BXRGRFHZCVHHZTGY,2026-07-20,1,1,1,0,0,0,0,0,1,0,0,2026-08-19 20:00:40.818952+05:30
flipkart,VESFF2CGMCBHCBCW,2026-07-22,1,5,0,0,0,0,1,1,0,0,0,2026-08-19 20:00:40.818952+05:30
flipkart,BXRH2W5SGFUP77YP,2026-07-26,1,5,0,0,0,0,1,1,0,0,0,2026-08-19 20:00:40.818952+05:30
flipkart,BXRGRFHZE7HPWZVS,2026-01-01,2,6,0,0,2,0,0,0,0,2,0,2026-08-19 20:00:40.818952+05:30
flipkart,TSHHCKSGWQKARXTR,2026-06-29,1,1,1,0,0,0,0,0,1,0,0,2026-08-19 20:00:40.818952+05:30
flipkart,PYJH2TWESEZT65TQ,2026-01-01,1,4,0,0,0,1,0,1,0,0,0,2026-08-19 20:00:40.818952+05:30
flipkart,TKPH5URAWVHYBZHU,2026-07-30,1,2,0,1,0,0,0,0,1,0,0,2026-08-19 20:00:40.818952+05:30
flipkart,TKPH2TTMGUXHNWJN,2026-02-01,1,3,0,0,1,0,0,0,0,1,0,2026-08-19 20:00:40.818952+05:30
flipkart,FCKG75WBGNBBTM4Z,2026-06-01,1,5,0,0,0,0,1,1,0,0,0,2026-08-19 20:00:40.818952+05:30
flipkart,BXRHC6DYCZYBRFTQ,2026-07-09,1,4,0,0,0,1,0,1,0,0,0,2026-08-19 20:00:40.818952+05:30
flipkart,VESFF2CGA2MXW9WH,2026-07-06,1,5,0,0,0,0,1,1,0,0,0,2026-08-19 20:00:40.818952+05:30
flipkart,BXRH2W5SGFUP77YP,2026-07-01,2,6,1,0,0,0,1,1,1,0,0,2026-08-19 20:00:40.818952+05:30
flipkart,FCKG75WBGNBBTM4Z,2026-06-26,1,3,0,0,1,0,0,0,0,1,0,2026-08-19 20:00:40.818952+05:30
flipkart,TKPH2TTMHWRBHFQX,2026-05-01,2,4,1,0,1,0,0,0,1,1,0,2026-08-19 20:00:40.818952+05:30
flipkart,BXRHC6DYCZYBRFTQ,2026-07-10,1,1,1,0,0,0,0,0,1,0,0,2026-08-19 20:00:40.818952+05:30
flipkart,TKPGTHNYNZYPG9HH,2025-10-01,1,5,0,0,0,0,1,1,0,0,0,2026-08-19 20:00:40.818952+05:30
flipkart,FCKFB5ZZHWBSAG8N,2026-07-14,1,5,0,0,0,0,1,1,0,0,0,2026-08-19 20:00:40.818952+05:30
flipkart,BXRGRFHZMPDXZWY7,2026-07-20,1,1,1,0,0,0,0,0,1,0,0,2026-08-19 20:00:40.818952+05:30
flipkart,TSHHHJRAJZ9W3CHJ,2026-07-16,1,5,0,0,0,0,1,1,0,0,0,2026-08-19 20:00:40.818952+05:30
flipkart,TSHHCKSGWQKARXTR,2026-07-13,1,5,0,0,0,0,1,1,0,0,0,2026-08-19 20:00:40.818952+05:30
flipkart,TSHHCKSGSP8GHBJG,2025-10-01,10,29,4,1,0,2,3,5,5,0,0,2026-08-19 20:00:40.818952+05:30
flipkart,TSHHCKSGPGYUQY9G,2026-07-14,1,5,0,0,0,0,1,1,0,0,0,2026-08-19 20:00:40.818952+05:30
flipkart,SNRGEHFWXXTCVDZM,2026-07-12,1,3,0,0,1,0,0,0,0,1,0,2026-08-19 20:00:40.818952+05:30
flipkart,TKPGDC7BGNQBZXHX,2025-09-01,7,33,0,0,0,2,5,7,0,0,0,2026-08-19 20:00:40.818952+05:30
flipkart,BXRGRFMQHQHQPFJZ,2026-08-06,1,4,0,0,0,1,0,1,0,0,0,2026-08-19 20:00:40.818952+05:30
flipkart,TSHHCHZPSYNBHGNM,2026-07-14,1,5,0,0,0,0,1,1,0,0,0,2026-08-19 20:00:40.818952+05:30
flipkart,SNRE5FB4TUKHY9GR,2026-08-01,1,5,0,0,0,0,1,1,0,0,0,2026-08-19 20:00:40.818952+05:30
flipkart,BXRHFS5FHHMGH7HH,2025-12-01,3,14,0,0,0,1,2,3,0,0,0,2026-08-19 20:00:40.818952+05:30
flipkart,TSHHCKSGPGYUQY9G,2026-07-26,1,5,0,0,0,0,1,1,0,0,0,2026-08-19 20:00:40.818952+05:30
flipkart,TSHHCHZPAD7JCGRK,2026-08-01,1,2,0,1,0,0,0,0,1,0,0,2026-08-19 20:00:40.818952+05:30
flipkart,TSHHCKSGAHZZHBTY,2025-11-01,4,17,0,0,1,1,2,3,0,1,0,2026-08-19 20:00:40.818952+05:30
flipkart,SRTFFFUDVZFADD9P,2026-06-01,1,5,0,0,0,0,1,1,0,0,0,2026-08-19 20:00:40.818952+05:30
flipkart,TSHHCHZP3TPCWQMM,2026-07-14,1,5,0,0,0,0,1,1,0,0,0,2026-08-19 20:00:40.818952+05:30
flipkart,TSHHCKSGABGZAHRG,2026-07-28,1,5,0,0,0,0,1,1,0,0,0,2026-08-19 20:00:40.818952+05:30
flipkart,SRTHZA9WGEX8Z2HK,2026-07-26,1,2,0,1,0,0,0,0,1,0,0,2026-08-19 20:00:40.818952+05:30
flipkart,TSHHCHZPHWHEZWQQ,2026-07-23,1,4,0,0,0,1,0,1,0,0,0,2026-08-19 20:00:40.818952+05:30
flipkart,SRTGSYQG33X94BQH,2026-04-01,1,5,0,0,0,0,1,1,0,0,0,2026-08-19 20:00:40.818952+05:30
flipkart,BXRHC6DY55BHVQQW,2026-06-04,1,3,0,0,1,0,0,0,0,1,0,2026-08-19 20:00:40.818952+05:30
flipkart,BXRGRFMQAJVB8HKM,2026-05-01,1,3,0,0,1,0,0,0,0,1,0,2026-08-19 20:00:40.818952+05:30
flipkart,SRTGSYQG33X94BQH,2026-07-07,1,5,0,0,0,0,1,1,0,0,0,2026-08-19 20:00:40.818952+05:30
flipkart,SRTHDH2JGFCMMGZK,2026-01-01,2,10,0,0,0,0,2,2,0,0,0,2026-08-19 20:00:40.818952+05:30
flipkart,BXRGRFMQXVGVCHTX,2026-07-23,1,5,0,0,0,0,1,1,0,0,0,2026-08-19 20:00:40.818952+05:30
flipkart,TSHHCKSGZNZPWUGC,2026-07-18,1,5,0,0,0,0,1,1,0,0,0,2026-08-19 20:00:40.818952+05:30
flipkart,TKPH5URAJGUXT5SG,2026-02-01,7,21,3,0,0,2,2,4,3,0,0,2026-08-19 20:00:40.818952+05:30
flipkart,TSHH8NRFTVJZF7DW,2026-04-01,3,10,0,0,2,1,0,1,0,2,0,2026-08-19 20:00:40.818952+05:30
flipkart,TKPGTHNYWWCYXHFF,2026-06-15,1,3,0,0,1,0,0,0,0,1,0,2026-08-19 20:00:40.818952+05:30
flipkart,BXRHFS5FHHMGH7HH,2026-06-09,1,1,1,0,0,0,0,0,1,0,0,2026-08-19 20:00:40.818952+05:30
flipkart,SRTHDH2JWZAPE9VY,2025-10-01,4,20,0,0,0,0,4,4,0,0,0,2026-08-19 20:00:40.818952+05:30
flipkart,TSHHCHZPNH4VGSJA,2026-08-01,1,2,0,1,0,0,0,0,1,0,0,2026-08-19 20:00:40.818952+05:30
flipkart,VESGFCUGVDFNPJDG,2026-04-01,1,5,0,0,0,0,1,1,0,0,0,2026-08-19 20:00:40.818952+05:30
flipkart,TSHHCKSGM5HEB5FV,2025-12-01,1,1,1,0,0,0,0,0,1,0,0,2026-08-19 20:00:40.818952+05:30
flipkart,BXRGRFHNGYGVXSHX,2026-07-20,1,1,1,0,0,0,0,0,1,0,0,2026-08-19 20:00:40.818952+05:30
flipkart,BXRGRFHZGBUYPHVS,2026-07-01,3,12,0,0,1,1,1,2,0,1,0,2026-08-19 20:00:40.818952+05:30
flipkart,TSHHCKSGSZFNEFAY,2026-06-13,1,4,0,0,0,1,0,1,0,0,0,2026-08-19 20:00:40.818952+05:30
flipkart,BXRHE4ERCEFXTENV,2025-11-01,1,3,0,0,1,0,0,0,0,1,0,2026-08-19 20:00:40.818952+05:30
flipkart,BXRGRFHZDKCCHGCH,2026-07-24,1,5,0,0,0,0,1,1,0,0,0,2026-08-19 20:00:40.818952+05:30
flipkart,TKPGFQNDRFKAVNYZ,2026-06-21,1,3,0,0,1,0,0,0,0,1,0,2026-08-19 20:00:40.818952+05:30
flipkart,SRTHDH2JVRWAEHKQ,2025-10-01,4,20,0,0,0,0,4,4,0,0,0,2026-08-19 20:00:40.818952+05:30
flipkart,VESFF2CGA2MXW9WH,2026-06-01,1,5,0,0,0,0,1,1,0,0,0,2026-08-19 20:00:40.818952+05:30
flipkart,TKPH5URAPZJ7TGXZ,2026-06-14,1,3,0,0,1,0,0,0,0,1,0,2026-08-19 20:00:40.818952+05:30
flipkart,TKPGSYPCBFKNUZ7W,2026-03-01,6,15,2,1,2,0,1,1,3,2,0,2026-08-19 20:00:40.818952+05:30
flipkart,BXRHC6DF2QGDY8VZ,2026-06-01,5,20,0,1,1,0,3,3,1,1,0,2026-08-19 20:00:40.818952+05:30
flipkart,TSHHCKSGABGZAHRG,2025-10-01,10,29,4,1,0,2,3,5,5,0,0,2026-08-19 20:00:40.818952+05:30
flipkart,TKPHNDMFGWZR4NF5,2026-07-15,1,4,0,0,0,1,0,1,0,0,0,2026-08-19 20:00:40.818952+05:30
flipkart,TSHHHJRA8C7ZXDW3,2026-06-01,3,12,0,0,1,1,1,2,0,1,0,2026-08-19 20:00:40.818952+05:30
flipkart,VESGZ9YZBEAPYSSZ,2026-07-09,1,5,0,0,0,0,1,1,0,0,0,2026-08-19 20:00:40.818952+05:30
flipkart,TKPGDC7BBFW3VUZP,2026-07-14,1,5,0,0,0,0,1,1,0,0,0,2026-08-19 20:00:40.818952+05:30
flipkart,BXRHFQXCVGA9H3CZ,2026-08-04,1,4,0,0,0,1,0,1,0,0,0,2026-08-19 20:00:40.818952+05:30
flipkart,BXRHFQXCVGA9H3CZ,2026-07-01,6,18,2,0,1,2,1,3,2,1,0,2026-08-19 20:00:40.818952+05:30
flipkart,BXRHC6DFCRBPKEPH,2026-08-04,1,4,0,0,0,1,0,1,0,0,0,2026-08-19 20:00:40.818952+05:30
flipkart,TSHHHJRA2XFF6ZBX,2026-05-01,2,9,0,0,0,1,1,2,0,0,0,2026-08-19 20:00:40.818952+05:30
flipkart,TSHHCKSGDRPZGMHU,2026-02-01,2,5,0,1,1,0,0,0,1,1,0,2026-08-19 20:00:40.818952+05:30
flipkart,BXRHC6DFE3JTKT5S,2026-07-10,1,1,1,0,0,0,0,0,1,0,0,2026-08-19 20:00:40.818952+05:30
flipkart,VESGZ9YZAZKVADDR,2026-04-01,1,5,0,0,0,0,1,1,0,0,0,2026-08-19 20:00:40.818952+05:30
flipkart,BXRGRFMQVPRAX7QU,2026-01-01,2,6,0,0,2,0,0,0,0,2,0,2026-08-19 20:00:40.818952+05:30
flipkart,TKPH8MTJH5D4AHG6,2026-06-06,2,8,0,0,0,2,0,2,0,0,0,2026-08-19 20:00:40.818952+05:30
flipkart,TSHHHJRAAHQGWZMX,2026-07-20,1,4,0,0,0,1,0,1,0,0,0,2026-08-19 20:00:40.818952+05:30
flipkart,TSHHCHZPQHS2MJAG,2025-09-01,2,8,0,0,1,0,1,1,0,1,0,2026-08-19 20:00:40.818952+05:30
flipkart,TSHHCKSGMZPHHWZG,2026-07-25,1,5,0,0,0,0,1,1,0,0,0,2026-08-19 20:00:40.818952+05:30
flipkart,TSHHCKSGYZBSAB3B,2026-07-28,1,5,0,0,0,0,1,1,0,0,0,2026-08-19 20:00:40.818952+05:30
flipkart,SRTHDH2J4RH3QHCM,2026-07-14,1,5,0,0,0,0,1,1,0,0,0,2026-08-19 20:00:40.818952+05:30
flipkart,PYJH2TWEKAJAZHKQ,2026-05-01,1,3,0,0,1,0,0,0,0,1,0,2026-08-19 20:00:40.818952+05:30
flipkart,BXRHC6DFCRBPKEPH,2026-03-01,1,4,0,0,0,1,0,1,0,0,0,2026-08-19 20:00:40.818952+05:30
flipkart,BXRGRFHZATAPYBDY,2026-07-23,1,5,0,0,0,0,1,1,0,0,0,2026-08-19 20:00:40.818952+05:30
flipkart,FCKFB5ZZHWBSAG8N,2026-02-01,1,4,0,0,0,1,0,1,0,0,0,2026-08-19 20:00:40.818952+05:30
flipkart,BXRGRFHZATAPYBDY,2025-11-01,3,12,0,0,1,1,1,2,0,1,0,2026-08-19 20:00:40.818952+05:30
flipkart,SRTHDH2JVRWAEHKQ,2026-06-29,1,4,0,0,0,1,0,1,0,0,0,2026-08-19 20:00:40.818952+05:30
flipkart,BXRGRFHZGBUYPHVS,2025-09-01,1,5,0,0,0,0,1,1,0,0,0,2026-08-19 20:00:40.818952+05:30
flipkart,TSHGSUT9HEHTJVKA,2026-08-09,1,5,0,0,0,0,1,1,0,0,0,2026-08-19 20:00:40.818952+05:30
flipkart,SRTGSYQGXBGUJYRQ,2025-11-01,5,23,0,0,0,2,3,5,0,0,0,2026-08-19 20:00:40.818952+05:30
flipkart,TSHGSUT9HEHTJVKA,2026-07-01,3,15,0,0,0,0,3,3,0,0,0,2026-08-19 20:00:40.818952+05:30
flipkart,TSHHHJRARG5VGWZC,2026-07-23,1,5,0,0,0,0,1,1,0,0,0,2026-08-19 20:00:40.818952+05:30
flipkart,TSHHCKSGSP8GHBJG,2026-06-01,4,19,0,0,0,1,3,4,0,0,0,2026-08-19 20:00:40.818952+05:30
flipkart,BXRGRFHZ8VB6UZR3,2026-07-23,1,5,0,0,0,0,1,1,0,0,0,2026-08-19 20:00:40.818952+05:30
flipkart,TKPGSYPCTDHAGPFB,2026-06-13,1,4,0,0,0,1,0,1,0,0,0,2026-08-19 20:00:40.818952+05:30
flipkart,TKPGTHNYXHCXPJFH,2026-07-01,4,14,0,1,1,1,1,2,1,1,0,2026-08-19 20:00:40.818952+05:30
flipkart,TSHHHJRAJZ9W3CHJ,2026-07-01,10,42,0,1,2,1,6,7,1,2,0,2026-08-19 20:00:40.818952+05:30
flipkart,TSHHCHZPFQEVEAQQ,2026-06-01,4,19,0,0,0,1,3,4,0,0,0,2026-08-19 20:00:40.818952+05:30
flipkart,TSHHG96EEHFKFUXY,2026-07-09,1,5,0,0,0,0,1,1,0,0,0,2026-08-19 20:00:40.818952+05:30
flipkart,BXRHFQXCJFMZ8ZPC,2026-07-24,1,5,0,0,0,0,1,1,0,0,0,2026-08-19 20:00:40.818952+05:30
flipkart,TKPHNDMEUGXYZARN,2026-07-14,2,6,0,1,0,1,0,1,1,0,0,2026-08-19 20:00:40.818952+05:30
flipkart,TKPGFQNDGFD8NKG6,2026-06-18,2,10,0,0,0,0,2,2,0,0,0,2026-08-19 20:00:40.818952+05:30
flipkart,BXRGRFHNAHFPSTSB,2026-07-23,1,5,0,0,0,0,1,1,0,0,0,2026-08-19 20:00:40.818952+05:30
flipkart,SRTGSYQGYYGHFF5Y,2025-10-01,4,20,0,0,0,0,4,4,0,0,0,2026-08-19 20:00:40.818952+05:30
flipkart,BXRGRFHNSVU6JKXH,2026-07-24,1,5,0,0,0,0,1,1,0,0,0,2026-08-19 20:00:40.818952+05:30
flipkart,TSHHCKSGPGYUQY9G,2025-11-01,4,17,0,0,1,1,2,3,0,1,0,2026-08-19 20:00:40.818952+05:30
flipkart,TKPGTHNYXKPURXZD,2026-06-15,1,3,0,0,1,0,0,0,0,1,0,2026-08-19 20:00:40.818952+05:30
flipkart,VESGZ9YZ8ZBYGVDX,2026-07-11,1,5,0,0,0,0,1,1,0,0,0,2026-08-19 20:00:40.818952+05:30
flipkart,SRTHDH2JPJPQYYZA,2025-10-01,4,20,0,0,0,0,4,4,0,0,0,2026-08-19 20:00:40.818952+05:30
flipkart,SRTHDH2JESGPPG8F,2026-07-01,2,9,0,0,0,1,1,2,0,0,0,2026-08-19 20:00:40.818952+05:30
flipkart,TSHHHJRARECBQRGY,2026-06-17,1,2,0,1,0,0,0,0,1,0,0,2026-08-19 20:00:40.818952+05:30
flipkart,FCWFG3MEKYQF6WAE,2026-06-01,2,10,0,0,0,0,2,2,0,0,0,2026-08-19 20:00:40.818952+05:30
flipkart,BXRH2W5SZGUTXVQM,2025-11-01,2,9,0,0,0,1,1,2,0,0,0,2026-08-19 20:00:40.818952+05:30
flipkart,TSHHCHZPYY2A6GA4,2026-02-01,2,5,0,1,1,0,0,0,1,1,0,2026-08-19 20:00:40.818952+05:30
flipkart,BXRHC6D3GGAB6HGP,2026-07-12,1,3,0,0,1,0,0,0,0,1,0,2026-08-19 20:00:40.818952+05:30
flipkart,TKPGSYPCNTSBCUUV,2026-07-16,1,5,0,0,0,0,1,1,0,0,0,2026-08-19 20:00:40.818952+05:30
flipkart,TKPGSYPCXUARRUMY,2026-02-01,8,30,1,1,1,1,4,5,2,1,0,2026-08-19 20:00:40.818952+05:30
flipkart,TSHHCKSGDRPZGMHU,2026-06-01,4,19,0,0,0,1,3,4,0,0,0,2026-08-19 20:00:40.818952+05:30
flipkart,TKPGSYPCYGWJEACQ,2026-07-14,1,5,0,0,0,0,1,1,0,0,0,2026-08-19 20:00:40.818952+05:30
flipkart,SRTHDH2JPJPQYYZA,2026-01-01,2,10,0,0,0,0,2,2,0,0,0,2026-08-19 20:00:40.818952+05:30
flipkart,TSHHHJRAZY3BXMSE,2026-06-17,1,2,0,1,0,0,0,0,1,0,0,2026-08-19 20:00:40.818952+05:30
flipkart,FCKFB5ZT3FMM3MHR,2026-02-01,1,5,0,0,0,0,1,1,0,0,0,2026-08-19 20:00:40.818952+05:30
flipkart,TKPH5URAPZJ7TGXZ,2026-07-30,1,2,0,1,0,0,0,0,1,0,0,2026-08-19 20:00:40.818952+05:30
flipkart,BXRGRFHZGBUYPHVS,2026-07-09,1,1,1,0,0,0,0,0,1,0,0,2026-08-19 20:00:40.818952+05:30
flipkart,BXRGRFHNSVU6JKXH,2026-07-08,1,1,1,0,0,0,0,0,1,0,0,2026-08-19 20:00:40.818952+05:30
flipkart,TKPH8MTXFWZFBZYG,2026-07-26,1,4,0,0,0,1,0,1,0,0,0,2026-08-19 20:00:40.818952+05:30
flipkart,TSHHHJRAVFNZGNFF,2026-07-16,1,5,0,0,0,0,1,1,0,0,0,2026-08-19 20:00:40.818952+05:30
flipkart,TSHHCKSGDRPZGMHU,2025-12-01,1,1,1,0,0,0,0,0,1,0,0,2026-08-19 20:00:40.818952+05:30
flipkart,BXRHFQXCZDYKVXP4,2026-07-23,1,5,0,0,0,0,1,1,0,0,0,2026-08-19 20:00:40.818952+05:30
flipkart,TKPH8MTJH5D4AHG6,2026-06-01,2,8,0,0,0,2,0,2,0,0,0,2026-08-19 20:00:40.818952+05:30
flipkart,VESFF2CGWGGC88DT,2026-07-09,1,5,0,0,0,0,1,1,0,0,0,2026-08-19 20:00:40.818952+05:30
flipkart,BXRH2W5SGFUP77YP,2026-06-07,1,1,1,0,0,0,0,0,1,0,0,2026-08-19 20:00:40.818952+05:30
flipkart,TKPH8MTJH5D4AHG6,2025-10-01,9,27,3,1,0,3,2,5,4,0,0,2026-08-19 20:00:40.818952+05:30
flipkart,TSHHCHZPNH4VGSJA,2025-11-01,4,17,0,0,1,1,2,3,0,1,0,2026-08-19 20:00:40.818952+05:30
flipkart,BXRH2W5SZQ2NVMUV,2026-07-18,1,1,1,0,0,0,0,0,1,0,0,2026-08-19 20:00:40.818952+05:30
flipkart,TSHHCHZPXTGZXVZF,2026-07-26,1,5,0,0,0,0,1,1,0,0,0,2026-08-19 20:00:40.818952+05:30
flipkart,TSHHCKSGABGZAHRG,2025-09-01,2,8,0,0,1,0,1,1,0,1,0,2026-08-19 20:00:40.818952+05:30
flipkart,BXRGRFHZDKCCHGCH,2026-07-21,1,5,0,0,0,0,1,1,0,0,0,2026-08-19 20:00:40.818952+05:30
flipkart,SRTHDH2JQHPS3UEG,2025-11-01,5,23,0,0,0,2,3,5,0,0,0,2026-08-19 20:00:40.818952+05:30
flipkart,BXRGRFHZGBUYPHVS,2026-07-08,1,1,1,0,0,0,0,0,1,0,0,2026-08-19 20:00:40.818952+05:30
flipkart,BXRH2W5SGPFYRGVV,2026-05-01,1,5,0,0,0,0,1,1,0,0,0,2026-08-19 20:00:40.818952+05:30
flipkart,TKPGTHNYQFUTTFVA,2025-12-01,1,2,0,1,0,0,0,0,1,0,0,2026-08-19 20:00:40.818952+05:30
flipkart,TSHHCHZPQHS2MJAG,2026-07-18,1,5,0,0,0,0,1,1,0,0,0,2026-08-19 20:00:40.818952+05:30
flipkart,VESHCN7CGSWYVEAZ,2026-07-22,1,5,0,0,0,0,1,1,0,0,0,2026-08-19 20:00:40.818952+05:30
flipkart,TKPGSYPCX6HYRTNN,2026-06-01,3,11,1,0,0,0,2,2,1,0,0,2026-08-19 20:00:40.818952+05:30
flipkart,TKPGTHNYXKPURXZD,2026-06-19,1,4,0,0,0,1,0,1,0,0,0,2026-08-19 20:00:40.818952+05:30
flipkart,SRTFFFUDBDKVKAHP,2025-11-01,3,14,0,0,0,1,2,3,0,0,0,2026-08-19 20:00:40.818952+05:30
flipkart,TSHGSUTCQHTXPU7T,2026-03-01,2,7,0,1,0,0,1,1,1,0,0,2026-08-19 20:00:40.818952+05:30
flipkart,VESGZ9YZAZKVADDR,2026-07-11,1,5,0,0,0,0,1,1,0,0,0,2026-08-19 20:00:40.818952+05:30
flipkart,TKPGDC7BHZZQKEX6,2026-06-15,1,1,1,0,0,0,0,0,1,0,0,2026-08-19 20:00:40.818952+05:30
flipkart,BXRHC6D3GGAB6HGP,2026-07-10,1,1,1,0,0,0,0,0,1,0,0,2026-08-19 20:00:40.818952+05:30
flipkart,BXRHC6DYCZYBRFTQ,2026-05-01,5,15,1,1,1,1,1,2,2,1,0,2026-08-19 20:00:40.818952+05:30
flipkart,TSHHCHZPYY2A6GA4,2026-07-22,1,3,0,0,1,0,0,0,0,1,0,2026-08-19 20:00:40.818952+05:30
flipkart,BXRHC6DFCRBPKEPH,2025-12-01,3,14,0,0,0,1,2,3,0,0,0,2026-08-19 20:00:40.818952+05:30
flipkart,BXRHFS5FHHMGH7HH,2025-10-01,3,10,1,0,0,1,1,2,1,0,0,2026-08-19 20:00:40.818952+05:30
flipkart,TSHHCKSGMZPHHWZG,2026-03-01,1,5,0,0,0,0,1,1,0,0,0,2026-08-19 20:00:40.818952+05:30
flipkart,BXRH2W5SF88MYEM4,2026-05-01,1,5,0,0,0,0,1,1,0,0,0,2026-08-19 20:00:40.818952+05:30
flipkart,TSHHCHZPSYNBHGNM,2025-10-01,10,29,4,1,0,2,3,5,5,0,0,2026-08-19 20:00:40.818952+05:30
flipkart,BXRGRFHNGYGVXSHX,2026-08-07,1,1,1,0,0,0,0,0,1,0,0,2026-08-19 20:00:40.818952+05:30
flipkart,VESGFCUGGDGPQ5HR,2026-07-14,1,5,0,0,0,0,1,1,0,0,0,2026-08-19 20:00:40.818952+05:30
flipkart,TSHHCKSG7PQRZGM2,2026-07-26,1,5,0,0,0,0,1,1,0,0,0,2026-08-19 20:00:40.818952+05:30
flipkart,FCKF66QFWW2WHSW8,2026-08-02,1,4,0,0,0,1,0,1,0,0,0,2026-08-19 20:00:40.818952+05:30
flipkart,TSHHCHZPM8KUMFGH,2025-12-01,1,1,1,0,0,0,0,0,1,0,0,2026-08-19 20:00:40.818952+05:30
flipkart,TKPH8MTXFWZFBZYG,2026-04-01,4,10,2,0,1,0,1,1,2,1,0,2026-08-19 20:00:40.818952+05:30
flipkart,BXRHFQXCBDZZKBFW,2026-06-27,1,4,0,0,0,1,0,1,0,0,0,2026-08-19 20:00:40.818952+05:30
flipkart,TSHHCKSGAHZZHBTY,2026-07-29,1,5,0,0,0,0,1,1,0,0,0,2026-08-19 20:00:40.818952+05:30
flipkart,SRTHDH2JWZAPE9VY,2026-06-29,1,4,0,0,0,1,0,1,0,0,0,2026-08-19 20:00:40.818952+05:30
flipkart,BXRGRFMQYHQS4BM7,2026-08-07,1,1,1,0,0,0,0,0,1,0,0,2026-08-19 20:00:40.818952+05:30
flipkart,TSHHHJRANNWPSFHF,2026-07-07,1,5,0,0,0,0,1,1,0,0,0,2026-08-19 20:00:40.818952+05:30
flipkart,TKPH8MTXFWZFBZYG,2026-03-01,6,15,2,1,2,0,1,1,3,2,0,2026-08-19 20:00:40.818952+05:30
flipkart,BXRGRFMQYKUB9K5S,2026-07-27,1,4,0,0,0,1,0,1,0,0,0,2026-08-19 20:00:40.818952+05:30
flipkart,TSHHHJRAJZ9W3CHJ,2026-06-17,1,2,0,1,0,0,0,0,1,0,0,2026-08-19 20:00:40.818952+05:30
flipkart,TSHHHJRA2XFF6ZBX,2026-07-07,1,5,0,0,0,0,1,1,0,0,0,2026-08-19 20:00:40.818952+05:30
flipkart,BXRGZJCWFM47ZXAB,2026-02-01,2,4,1,0,1,0,0,0,1,1,0,2026-08-19 20:00:40.818952+05:30
flipkart,TSHHCKTJZQZAHKEC,2026-04-01,1,4,0,0,0,1,0,1,0,0,0,2026-08-19 20:00:40.818952+05:30
flipkart,BXRH2W5SJRAGFHXT,2026-04-01,1,2,0,1,0,0,0,0,1,0,0,2026-08-19 20:00:40.818952+05:30
flipkart,BXRH2W5SKAPWZYHQ,2026-07-08,1,5,0,0,0,0,1,1,0,0,0,2026-08-19 20:00:40.818952+05:30
flipkart,TKPH5URAFZJ9YSGG,2026-06-25,1,5,0,0,0,0,1,1,0,0,0,2026-08-19 20:00:40.818952+05:30
flipkart,TSHHCHZPM8KUMFGH,2026-04-01,2,10,0,0,0,0,2,2,0,0,0,2026-08-19 20:00:40.818952+05:30
flipkart,TSHHCKSGSZFNEFAY,2026-06-29,1,1,1,0,0,0,0,0,1,0,0,2026-08-19 20:00:40.818952+05:30
flipkart,TKPGTHNYNZYPG9HH,2026-07-16,1,5,0,0,0,0,1,1,0,0,0,2026-08-19 20:00:40.818952+05:30
flipkart,TKPGSYPCX6HYRTNN,2026-03-01,6,15,2,1,2,0,1,1,3,2,0,2026-08-19 20:00:40.818952+05:30
flipkart,SOCGQZ4YJKUZNUZK,2026-06-01,1,3,0,0,1,0,0,0,0,1,0,2026-08-19 20:00:40.818952+05:30
flipkart,VESFF2CG6GR7HHYN,2026-04-01,1,1,1,0,0,0,0,0,1,0,0,2026-08-19 20:00:40.818952+05:30
flipkart,TKPHNDMEUGXYZARN,2026-07-13,1,2,0,1,0,0,0,0,1,0,0,2026-08-19 20:00:40.818952+05:30
flipkart,TKPGSYPCNTSBCUUV,2026-03-01,6,15,2,1,2,0,1,1,3,2,0,2026-08-19 20:00:40.818952+05:30
flipkart,BXRGRFHZ8VB6UZR3,2026-07-21,1,5,0,0,0,0,1,1,0,0,0,2026-08-19 20:00:40.818952+05:30
flipkart,SRTFFFUDGCPVKPJS,2026-03-01,2,6,0,1,0,1,0,1,1,0,0,2026-08-19 20:00:40.818952+05:30
flipkart,SRTHDH2JGFCMMGZK,2026-07-01,2,9,0,0,0,1,1,2,0,0,0,2026-08-19 20:00:40.818952+05:30
flipkart,BXRGZJCWRGRQZUPY,2026-06-01,2,8,0,0,1,0,1,1,0,1,0,2026-08-19 20:00:40.818952+05:30
flipkart,BXRHFQXCVGA9H3CZ,2026-03-01,1,4,0,0,0,1,0,1,0,0,0,2026-08-19 20:00:40.818952+05:30
flipkart,TSHHHJRAZY3BXMSE,2026-08-03,1,5,0,0,0,0,1,1,0,0,0,2026-08-19 20:00:40.818952+05:30
flipkart,SRTHDH2J4RH3QHCM,2025-11-01,5,23,0,0,0,2,3,5,0,0,0,2026-08-19 20:00:40.818952+05:30
flipkart,SRTFFFUD3BGPEXZY,2026-02-01,1,4,0,0,0,1,0,1,0,0,0,2026-08-19 20:00:40.818952+05:30
flipkart,SRTGSYQG33X94BQH,2026-07-01,2,9,0,0,0,1,1,2,0,0,0,2026-08-19 20:00:40.818952+05:30
flipkart,TSHGSUTBY85HUUTX,2026-07-22,1,4,0,0,0,1,0,1,0,0,0,2026-08-19 20:00:40.818952+05:30
flipkart,TKPH8MTJH5D4AHG6,2026-01-01,2,7,0,0,1,1,0,1,0,1,0,2026-08-19 20:00:40.818952+05:30
flipkart,TSHHG96EEHFKFUXY,2026-03-01,2,7,0,1,0,0,1,1,1,0,0,2026-08-19 20:00:40.818952+05:30
flipkart,TSHHCKSGM5HEB5FV,2026-06-13,1,4,0,0,0,1,0,1,0,0,0,2026-08-19 20:00:40.818952+05:30
flipkart,FCWFG3MEKYQF6WAE,2026-04-01,1,3,0,0,1,0,0,0,0,1,0,2026-08-19 20:00:40.818952+05:30
flipkart,BXRHC6DYVZD6TGQX,2025-11-01,6,21,0,1,1,4,0,4,1,1,0,2026-08-19 20:00:40.818952+05:30
flipkart,BXRHFQXCBDZZKBFW,2026-01-01,5,22,0,0,1,1,3,4,0,1,0,2026-08-19 20:00:40.818952+05:30
flipkart,VESGZ9YZNXUPDTKU,2026-06-01,3,13,0,0,0,2,1,3,0,0,0,2026-08-19 20:00:40.818952+05:30
flipkart,BXRGRFMQAJVB8HKM,2026-07-20,1,1,1,0,0,0,0,0,1,0,0,2026-08-19 20:00:40.818952+05:30
flipkart,TSHHHJRA9WNSWQEP,2026-05-01,2,9,0,0,0,1,1,2,0,0,0,2026-08-19 20:00:40.818952+05:30
flipkart,TSHHHJRA94PWAYGW,2026-07-23,2,10,0,0,0,0,2,2,0,0,0,2026-08-19 20:00:40.818952+05:30
flipkart,TKPH2TTMKRWF58QM,2026-07-17,1,5,0,0,0,0,1,1,0,0,0,2026-08-19 20:00:40.818952+05:30
flipkart,TSHGSUTA8P6XKZWF,2026-01-01,4,14,1,0,1,0,2,2,1,1,0,2026-08-19 20:00:40.818952+05:30
flipkart,BXRH2W5SWTEMKHPG,2026-07-26,1,5,0,0,0,0,1,1,0,0,0,2026-08-19 20:00:40.818952+05:30
flipkart,TSHHCKSGPGYUQY9G,2026-07-22,1,3,0,0,1,0,0,0,0,1,0,2026-08-19 20:00:40.818952+05:30
flipkart,TRKFFFTZDVPKQYKC,2026-07-24,1,3,0,0,1,0,0,0,0,1,0,2026-08-19 20:00:40.818952+05:30
flipkart,SRTHDH2J2ZEZZYYT,2026-06-29,1,4,0,0,0,1,0,1,0,0,0,2026-08-19 20:00:40.818952+05:30
flipkart,BXRGRFHNGYGVXSHX,2026-07-27,1,4,0,0,0,1,0,1,0,0,0,2026-08-19 20:00:40.818952+05:30
flipkart,BXRGRFHZMPDXZWY7,2026-07-01,4,13,1,0,1,1,1,2,1,1,0,2026-08-19 20:00:40.818952+05:30
flipkart,TSHGSUTA9PJHYHWD,2026-06-01,2,7,0,1,0,0,1,1,1,0,0,2026-08-19 20:00:40.818952+05:30
flipkart,BXRHFS5FHHMGH7HH,2026-06-29,1,5,0,0,0,0,1,1,0,0,0,2026-08-19 20:00:40.818952+05:30
flipkart,TSHHHJRA8ZMQMYHG,2026-02-01,1,5,0,0,0,0,1,1,0,0,0,2026-08-19 20:00:40.818952+05:30
flipkart,TKPGDC7BGNQBZXHX,2026-07-14,1,5,0,0,0,0,1,1,0,0,0,2026-08-19 20:00:40.818952+05:30
flipkart,BXRGRFHZ6RH2KZWD,2026-07-20,1,1,1,0,0,0,0,0,1,0,0,2026-08-19 20:00:40.818952+05:30
flipkart,BXRGRFHZECWSEYJZ,2026-07-24,1,5,0,0,0,0,1,1,0,0,0,2026-08-19 20:00:40.818952+05:30
flipkart,TSHHCKSGABGZAHRG,2026-07-18,1,5,0,0,0,0,1,1,0,0,0,2026-08-19 20:00:40.818952+05:30
flipkart,TKPGDC7BBFW3VUZP,2026-06-13,1,4,0,0,0,1,0,1,0,0,0,2026-08-19 20:00:40.818952+05:30
flipkart,TSHHCHZPVJAGWTTG,2026-07-18,1,5,0,0,0,0,1,1,0,0,0,2026-08-19 20:00:40.818952+05:30
flipkart,BXRHFQXCJFMZ8ZPC,2026-07-01,6,18,2,0,1,2,1,3,2,1,0,2026-08-19 20:00:40.818952+05:30
flipkart,TSHHHJRAYZD4VNH2,2026-07-23,1,5,0,0,0,0,1,1,0,0,0,2026-08-19 20:00:40.818952+05:30
flipkart,SRTHZA5V7HKVVR7P,2026-07-14,1,5,0,0,0,0,1,1,0,0,0,2026-08-19 20:00:40.818952+05:30
flipkart,SRTGSYQGDJQ4FYCH,2026-01-01,2,10,0,0,0,0,2,2,0,0,0,2026-08-19 20:00:40.818952+05:30
flipkart,SRTGSYQG33X94BQH,2025-12-01,2,9,0,0,0,1,1,2,0,0,0,2026-08-19 20:00:40.818952+05:30
flipkart,SRTGSYQGKNWEKJRC,2026-07-01,2,9,0,0,0,1,1,2,0,0,0,2026-08-19 20:00:40.818952+05:30
flipkart,TKPGSYPCBFKNUZ7W,2026-04-01,4,10,2,0,1,0,1,1,2,1,0,2026-08-19 20:00:40.818952+05:30
flipkart,TSHHG96EU3QTAQYG,2025-09-01,6,19,1,0,3,1,1,2,1,3,0,2026-08-19 20:00:40.818952+05:30
flipkart,TSHHCHZP3TPCWQMM,2026-06-29,2,6,1,0,0,0,1,1,1,0,0,2026-08-19 20:00:40.818952+05:30
flipkart,FCKF3RF9ZJ5BEHGD,2026-04-01,1,5,0,0,0,0,1,1,0,0,0,2026-08-19 20:00:40.818952+05:30
flipkart,TSHGSUTA9ZWNC3QG,2026-08-09,1,5,0,0,0,0,1,1,0,0,0,2026-08-19 20:00:40.818952+05:30
flipkart,TSHHHJRA8ZMQMYHG,2026-08-10,1,1,1,0,0,0,0,0,1,0,0,2026-08-19 20:00:40.818952+05:30
flipkart,BXRGRFMQHGNKWPEY,2026-02-01,3,11,0,0,2,0,1,1,0,2,0,2026-08-19 20:00:40.818952+05:30
flipkart,TKPGSYPCYGWJEACQ,2026-06-01,3,11,1,0,0,0,2,2,1,0,0,2026-08-19 20:00:40.818952+05:30
flipkart,FCKGTQFBSNCNRFFC,2026-02-01,1,5,0,0,0,0,1,1,0,0,0,2026-08-19 20:00:40.818952+05:30
flipkart,BXRHC6DFCRBPKEPH,2026-07-24,1,5,0,0,0,0,1,1,0,0,0,2026-08-19 20:00:40.818952+05:30
flipkart,SRTHDH2JU8TN9A2F,2026-07-14,1,5,0,0,0,0,1,1,0,0,0,2026-08-19 20:00:40.818952+05:30
flipkart,SNRGEHFWXXTCVDZM,2026-07-17,1,4,0,0,0,1,0,1,0,0,0,2026-08-19 20:00:40.818952+05:30
flipkart,TSHHCKSGM5HEB5FV,2025-11-01,4,17,0,0,1,1,2,3,0,1,0,2026-08-19 20:00:40.818952+05:30
flipkart,TSHHCHZPNH4VGSJA,2026-05-01,5,25,0,0,0,0,5,5,0,0,0,2026-08-19 20:00:40.818952+05:30
flipkart,TKPH2TTMVVEKXDX4,2026-08-02,1,4,0,0,0,1,0,1,0,0,0,2026-08-19 20:00:40.818952+05:30
flipkart,TKPGSYPCSVEGZXTU,2025-09-01,7,33,0,0,0,2,5,7,0,0,0,2026-08-19 20:00:40.818952+05:30
flipkart,TSHGSUTBCYM82QFQ,2026-07-12,1,5,0,0,0,0,1,1,0,0,0,2026-08-19 20:00:40.818952+05:30
flipkart,TSHHCKSGYZBSAB3B,2025-11-01,4,17,0,0,1,1,2,3,0,1,0,2026-08-19 20:00:40.818952+05:30
flipkart,TSHHCHZPCTKYBK4A,2025-11-01,4,17,0,0,1,1,2,3,0,1,0,2026-08-19 20:00:40.818952+05:30
flipkart,TSHHHJRAYZD4VNH2,2026-07-01,10,42,0,1,2,1,6,7,1,2,0,2026-08-19 20:00:40.818952+05:30
flipkart,TSHHCKSGWQKARXTR,2026-02-01,2,5,0,1,1,0,0,0,1,1,0,2026-08-19 20:00:40.818952+05:30
flipkart,BXRGRFHZCVHHZTGY,2026-02-01,3,11,0,0,2,0,1,1,0,2,0,2026-08-19 20:00:40.818952+05:30
flipkart,BXRHC6DFMKDBBHTH,2026-06-27,1,4,0,0,0,1,0,1,0,0,0,2026-08-19 20:00:40.818952+05:30
flipkart,TSHHG96EMC2NTV4H,2026-06-06,1,5,0,0,0,0,1,1,0,0,0,2026-08-19 20:00:40.818952+05:30
flipkart,TSHHG6YY4HM8BJNZ,2026-07-15,1,4,0,0,0,1,0,1,0,0,0,2026-08-19 20:00:40.818952+05:30
flipkart,TKPGTHNYXHCXPJFH,2026-06-20,1,2,0,1,0,0,0,0,1,0,0,2026-08-19 20:00:40.818952+05:30
flipkart,TKPH8MTXEAJDTQQB,2026-06-01,3,11,1,0,0,0,2,2,1,0,0,2026-08-19 20:00:40.818952+05:30
flipkart,BXRGRFHZ6RH2KZWD,2026-07-27,1,4,0,0,0,1,0,1,0,0,0,2026-08-19 20:00:40.818952+05:30
flipkart,BXRHC6DFCRBPKEPH,2026-06-27,1,4,0,0,0,1,0,1,0,0,0,2026-08-19 20:00:40.818952+05:30
flipkart,TSHGSUTCU9JSGH44,2025-09-01,6,19,1,0,3,1,1,2,1,3,0,2026-08-19 20:00:40.818952+05:30
flipkart,TSHHCKSGU77X4FDT,2026-03-01,1,5,0,0,0,0,1,1,0,0,0,2026-08-19 20:00:40.818952+05:30
flipkart,SRTHDH2JVRWAEHKQ,2025-12-01,2,9,0,0,0,1,1,2,0,0,0,2026-08-19 20:00:40.818952+05:30
flipkart,TSHHCHZPCTKYBK4A,2026-08-03,1,1,1,0,0,0,0,0,1,0,0,2026-08-19 20:00:40.818952+05:30
flipkart,SRTHDH2JQHPS3UEG,2026-07-14,1,5,0,0,0,0,1,1,0,0,0,2026-08-19 20:00:40.818952+05:30
flipkart,SRTHDH2JVRWAEHKQ,2026-01-01,2,10,0,0,0,0,2,2,0,0,0,2026-08-19 20:00:40.818952+05:30
flipkart,BXRHC6DFCRBPKEPH,2026-07-09,1,4,0,0,0,1,0,1,0,0,0,2026-08-19 20:00:40.818952+05:30
flipkart,TSHHG96EHUZMMCUX,2026-06-05,1,5,0,0,0,0,1,1,0,0,0,2026-08-19 20:00:40.818952+05:30
flipkart,BXRGRFHNGYGVXSHX,2026-07-24,1,5,0,0,0,0,1,1,0,0,0,2026-08-19 20:00:40.818952+05:30
flipkart,TSHHCKSGABGZAHRG,2026-04-01,2,10,0,0,0,0,2,2,0,0,0,2026-08-19 20:00:40.818952+05:30
flipkart,TKPGDC7BNJTFHSJS,2026-04-01,4,10,2,0,1,0,1,1,2,1,0,2026-08-19 20:00:40.818952+05:30
flipkart,SRTHDH2JQHPS3UEG,2026-01-01,2,10,0,0,0,0,2,2,0,0,0,2026-08-19 20:00:40.818952+05:30
flipkart,TSHHCHZPWEDWVFFP,2026-06-13,1,4,0,0,0,1,0,1,0,0,0,2026-08-19 20:00:40.818952+05:30
flipkart,TSHGSUT86EGTBTMZ,2026-07-12,1,5,0,0,0,0,1,1,0,0,0,2026-08-19 20:00:40.818952+05:30
flipkart,SNRE5FB4TUKHY9GR,2026-02-01,21,95,1,0,1,4,15,19,1,1,0,2026-08-19 20:00:40.818952+05:30
flipkart,TSHHCKSGMZPHHWZG,2026-07-13,1,5,0,0,0,0,1,1,0,0,0,2026-08-19 20:00:40.818952+05:30
flipkart,BXRGRFHZCVHHZTGY,2026-08-08,1,5,0,0,0,0,1,1,0,0,0,2026-08-19 20:00:40.818952+05:30
flipkart,TKPGTHNYFGUCTHDE,2026-06-15,1,3,0,0,1,0,0,0,0,1,0,2026-08-19 20:00:40.818952+05:30
flipkart,BXRHC6DYCZYBRFTQ,2026-06-04,1,3,0,0,1,0,0,0,0,1,0,2026-08-19 20:00:40.818952+05:30
flipkart,TKPH8MTXXNY2H39G,2026-07-26,1,4,0,0,0,1,0,1,0,0,0,2026-08-19 20:00:40.818952+05:30
flipkart,TSHHCHZP8YHX8CBY,2026-07-14,1,5,0,0,0,0,1,1,0,0,0,2026-08-19 20:00:40.818952+05:30
flipkart,TKPG38GF3GZCVMU5,2026-06-01,2,4,1,0,1,0,0,0,1,1,0,2026-08-19 20:00:40.818952+05:30
flipkart,VESGFCUGGDGPQ5HR,2026-04-01,1,5,0,0,0,0,1,1,0,0,0,2026-08-19 20:00:40.818952+05:30
flipkart,SRTGSYQGYYGHFF5Y,2026-07-01,2,9,0,0,0,1,1,2,0,0,0,2026-08-19 20:00:40.818952+05:30
flipkart,TKPH2TTMHWRBHFQX,2025-10-01,5,19,0,1,1,1,2,3,1,1,0,2026-08-19 20:00:40.818952+05:30
flipkart,TSHH8NRFTVJZF7DW,2026-07-20,1,4,0,0,0,1,0,1,0,0,0,2026-08-19 20:00:40.818952+05:30
flipkart,FCKF66QFWW2WHSW8,2026-07-25,2,10,0,0,0,0,2,2,0,0,0,2026-08-19 20:00:40.818952+05:30
flipkart,BXRHFQXCH2ZZWNSU,2026-06-29,1,5,0,0,0,0,1,1,0,0,0,2026-08-19 20:00:40.818952+05:30
flipkart,BXRGRFHZGBUYPHVS,2026-07-27,1,4,0,0,0,1,0,1,0,0,0,2026-08-19 20:00:40.818952+05:30
flipkart,TSHHCHZPSYNBHGNM,2026-06-29,2,6,1,0,0,0,1,1,1,0,0,2026-08-19 20:00:40.818952+05:30
flipkart,BXRGRFHZ8VB6UZR3,2026-02-01,3,11,0,0,2,0,1,1,0,2,0,2026-08-19 20:00:40.818952+05:30
flipkart,TKPH2TTM8RYBXMGR,2026-07-10,1,1,1,0,0,0,0,0,1,0,0,2026-08-19 20:00:40.818952+05:30
flipkart,SRTHDH2JJCKJWXVF,2026-07-07,1,5,0,0,0,0,1,1,0,0,0,2026-08-19 20:00:40.818952+05:30
flipkart,BXRH2W5SJRAGFHXT,2025-09-01,2,8,0,0,1,0,1,1,0,1,0,2026-08-19 20:00:40.818952+05:30
flipkart,TSHGSUTBY85HUUTX,2026-08-08,1,1,1,0,0,0,0,0,1,0,0,2026-08-19 20:00:40.818952+05:30
flipkart,TKPGSYPCZ3BPMPSF,2026-07-31,1,4,0,0,0,1,0,1,0,0,0,2026-08-19 20:00:40.818952+05:30
flipkart,TSHHHJRASMKXNJYD,2026-07-01,10,42,0,1,2,1,6,7,1,2,0,2026-08-19 20:00:40.818952+05:30
flipkart,TSHHHJRATVMXGFAG,2026-06-13,1,3,0,0,1,0,0,0,0,1,0,2026-08-19 20:00:40.818952+05:30
flipkart,TSHHCKSGWNGKY7HH,2026-02-01,2,5,0,1,1,0,0,0,1,1,0,2026-08-19 20:00:40.818952+05:30
flipkart,BXRH2W5SKAPWZYHQ,2026-07-26,1,5,0,0,0,0,1,1,0,0,0,2026-08-19 20:00:40.818952+05:30
flipkart,TSHHCHZP3TPCWQMM,2026-07-13,1,5,0,0,0,0,1,1,0,0,0,2026-08-19 20:00:40.818952+05:30
flipkart,TSHHG6YYPJ4EDB2H,2026-07-15,1,4,0,0,0,1,0,1,0,0,0,2026-08-19 20:00:40.818952+05:30
flipkart,TSHHCKSGDRPZGMHU,2026-08-01,1,2,0,1,0,0,0,0,1,0,0,2026-08-19 20:00:40.818952+05:30
flipkart,SRTHDH2JGGZZSZEA,2025-10-01,4,20,0,0,0,0,4,4,0,0,0,2026-08-19 20:00:40.818952+05:30
flipkart,BXRH8ZQZMEXQSX4N,2026-04-01,2,9,0,0,0,1,1,2,0,0,0,2026-08-19 20:00:40.818952+05:30
flipkart,VESFF2CGWJDZPPDU,2026-01-01,1,5,0,0,0,0,1,1,0,0,0,2026-08-19 20:00:40.818952+05:30
flipkart,VESFF2CGG3ZMAYYC,2026-06-01,1,5,0,0,0,0,1,1,0,0,0,2026-08-19 20:00:40.818952+05:30
flipkart,BXRGZJCWFM47ZXAB,2026-06-22,1,5,0,0,0,0,1,1,0,0,0,2026-08-19 20:00:40.818952+05:30
flipkart,TSHHHJRAJZ9W3CHJ,2026-08-03,1,5,0,0,0,0,1,1,0,0,0,2026-08-19 20:00:40.818952+05:30
flipkart,BXRGRFMQAJVB8HKM,2026-07-09,1,1,1,0,0,0,0,0,1,0,0,2026-08-19 20:00:40.818952+05:30
flipkart,TSHHCHZPSYNBHGNM,2026-03-01,1,5,0,0,0,0,1,1,0,0,0,2026-08-19 20:00:40.818952+05:30
flipkart,VESGZ9YZAZKVADDR,2026-06-01,3,13,0,0,0,2,1,3,0,0,0,2026-08-19 20:00:40.818952+05:30
flipkart,TSHGSUTCQHTXPU7T,2025-11-01,4,20,0,0,0,0,4,4,0,0,0,2026-08-19 20:00:40.818952+05:30
flipkart,BXRGZJCWFM47ZXAB,2025-11-01,12,50,0,1,2,3,6,9,1,2,0,2026-08-19 20:00:40.818952+05:30
flipkart,PYJH2TWEGWFY74KG,2026-01-01,1,4,0,0,0,1,0,1,0,0,0,2026-08-19 20:00:40.818952+05:30
flipkart,BXRGRFMQYKUB9K5S,2026-07-20,1,1,1,0,0,0,0,0,1,0,0,2026-08-19 20:00:40.818952+05:30
flipkart,FCKG75WBGNBBTM4Z,2026-04-01,3,14,0,0,0,1,2,3,0,0,0,2026-08-19 20:00:40.818952+05:30
flipkart,TSHHHJRAYZD4VNH2,2026-07-12,1,4,0,0,0,1,0,1,0,0,0,2026-08-19 20:00:40.818952+05:30
flipkart,TSHGSUTCU9JSGH44,2026-07-22,1,4,0,0,0,1,0,1,0,0,0,2026-08-19 20:00:40.818952+05:30
flipkart,SRTFFFUD8AZAJJDY,2025-10-01,8,27,3,0,0,1,4,5,3,0,0,2026-08-19 20:00:40.818952+05:30
flipkart,BXRHC6DFE3JTKT5S,2025-10-01,2,6,1,0,0,0,1,1,1,0,0,2026-08-19 20:00:40.818952+05:30
flipkart,TKPGDC7BDCGGH7FY,2026-01-01,4,15,1,0,0,1,2,3,1,0,0,2026-08-19 20:00:40.818952+05:30
flipkart,TSHHHJRAHXY4F7PK,2026-07-07,1,5,0,0,0,0,1,1,0,0,0,2026-08-19 20:00:40.818952+05:30
flipkart,BXRH2W5SWTEMKHPG,2026-07-01,2,6,1,0,0,0,1,1,1,0,0,2026-08-19 20:00:40.818952+05:30
flipkart,TSHHCKSGYZBSAB3B,2026-08-01,1,2,0,1,0,0,0,0,1,0,0,2026-08-19 20:00:40.818952+05:30
flipkart,BXRGRFHZCXZP6VP8,2026-06-28,1,5,0,0,0,0,1,1,0,0,0,2026-08-19 20:00:40.818952+05:30
flipkart,TKPGDC7BBFW3VUZP,2025-10-01,17,65,4,1,0,1,11,12,5,0,0,2026-08-19 20:00:40.818952+05:30
flipkart,TSHHCKSGU77X4FDT,2026-07-18,1,5,0,0,0,0,1,1,0,0,0,2026-08-19 20:00:40.818952+05:30
flipkart,VESFF2CGWJDZPPDU,2026-04-01,1,5,0,0,0,0,1,1,0,0,0,2026-08-19 20:00:40.818952+05:30
flipkart,TSHHCKSGU77X4FDT,2026-02-01,2,5,0,1,1,0,0,0,1,1,0,2026-08-19 20:00:40.818952+05:30
flipkart,TSHHHJRA8C7ZXDW3,2026-07-07,1,5,0,0,0,0,1,1,0,0,0,2026-08-19 20:00:40.818952+05:30
flipkart,TSHHHJRAJZ9W3CHJ,2026-02-01,1,5,0,0,0,0,1,1,0,0,0,2026-08-19 20:00:40.818952+05:30
flipkart,TSHGSUT86EGTBTMZ,2026-04-01,3,10,0,0,2,1,0,1,0,2,0,2026-08-19 20:00:40.818952+05:30
flipkart,TSHHZ7ZHF6CTNG3T,2026-07-01,1,1,1,0,0,0,0,0,1,0,0,2026-08-19 20:00:40.818952+05:30
flipkart,TSHHCKSGYZBSAB3B,2026-07-22,1,3,0,0,1,0,0,0,0,1,0,2026-08-19 20:00:40.818952+05:30
flipkart,SOCGQZ4YPACQVYGH,2025-10-01,1,5,0,0,0,0,1,1,0,0,0,2026-08-19 20:00:40.818952+05:30
flipkart,TKPGTHNYQFUTTFVA,2025-10-01,1,5,0,0,0,0,1,1,0,0,0,2026-08-19 20:00:40.818952+05:30
flipkart,BXRHC6D2CUYE86JJ,2026-06-01,5,20,0,1,1,0,3,3,1,1,0,2026-08-19 20:00:40.818952+05:30
flipkart,SNRE5FB4TUKHY9GR,2026-06-30,2,10,0,0,0,0,2,2,0,0,0,2026-08-19 20:00:40.818952+05:30
flipkart,BXRGRFMQHQHQPFJZ,2026-02-01,3,11,0,0,2,0,1,1,0,2,0,2026-08-19 20:00:40.818952+05:30
flipkart,TKPH8MTJ687ZET8H,2026-07-17,1,5,0,0,0,0,1,1,0,0,0,2026-08-19 20:00:40.818952+05:30
flipkart,FCKF66QFWW2WHSW8,2026-07-29,1,4,0,0,0,1,0,1,0,0,0,2026-08-19 20:00:40.818952+05:30
flipkart,FCKFB5ZT3FMM3MHR,2026-06-11,1,4,0,0,0,1,0,1,0,0,0,2026-08-19 20:00:40.818952+05:30
flipkart,TSHHCHZPFQEVEAQQ,2026-08-03,1,1,1,0,0,0,0,0,1,0,0,2026-08-19 20:00:40.818952+05:30
flipkart,VESGZ9YZNXUPDTKU,2026-01-01,1,5,0,0,0,0,1,1,0,0,0,2026-08-19 20:00:40.818952+05:30
flipkart,BXRH2W5SMYCHTMF8,2026-03-01,1,5,0,0,0,0,1,1,0,0,0,2026-08-19 20:00:40.818952+05:30
flipkart,TSHHHJRAVFNZGNFF,2026-07-20,1,4,0,0,0,1,0,1,0,0,0,2026-08-19 20:00:40.818952+05:30
flipkart,VESHCN7CGSWYVEAZ,2026-06-01,1,5,0,0,0,0,1,1,0,0,0,2026-08-19 20:00:40.818952+05:30
flipkart,TSHHG96EHUZMMCUX,2026-07-09,1,5,0,0,0,0,1,1,0,0,0,2026-08-19 20:00:40.818952+05:30
flipkart,FRNFFMPM4ZGJZWAV,2026-02-01,1,4,0,0,0,1,0,1,0,0,0,2026-08-19 20:00:40.818952+05:30
flipkart,TKPH2TTMVVEKXDX4,2025-11-01,3,8,1,1,0,0,1,1,2,0,0,2026-08-19 20:00:40.818952+05:30
flipkart,SRTHDH2JGGZZSZEA,2025-12-01,2,9,0,0,0,1,1,2,0,0,0,2026-08-19 20:00:40.818952+05:30
flipkart,BXRGRFHZZKF8JG49,2026-07-01,4,13,1,0,1,1,1,2,1,1,0,2026-08-19 20:00:40.818952+05:30
flipkart,SRTHDH2JGFCMMGZK,2026-07-14,1,5,0,0,0,0,1,1,0,0,0,2026-08-19 20:00:40.818952+05:30
flipkart,TKPH2TTMWTFQDUWH,2025-12-01,1,5,0,0,0,0,1,1,0,0,0,2026-08-19 20:00:40.818952+05:30
flipkart,TKPGSYPCSVEGZXTU,2025-12-01,20,78,1,2,5,2,10,12,3,5,0,2026-08-19 20:00:40.818952+05:30
flipkart,TSHHCHZP3TPCWQMM,2026-06-30,1,5,0,0,0,0,1,1,0,0,0,2026-08-19 20:00:40.818952+05:30
flipkart,BXRGRFHNGYGVXSHX,2026-07-23,1,5,0,0,0,0,1,1,0,0,0,2026-08-19 20:00:40.818952+05:30
flipkart,TSHHCKSGZNZPWUGC,2025-11-01,4,17,0,0,1,1,2,3,0,1,0,2026-08-19 20:00:40.818952+05:30
flipkart,BXRGRFHZMPDXZWY7,2026-01-01,2,6,0,0,2,0,0,0,0,2,0,2026-08-19 20:00:40.818952+05:30
flipkart,TKPGDC7BHZZQKEX6,2026-07-31,1,4,0,0,0,1,0,1,0,0,0,2026-08-19 20:00:40.818952+05:30
flipkart,TSHHG96EEHFKFUXY,2026-07-01,3,15,0,0,0,0,3,3,0,0,0,2026-08-19 20:00:40.818952+05:30
flipkart,BXRGRFHZCXZP6VP8,2026-06-01,1,3,0,0,1,0,0,0,0,1,0,2026-08-19 20:00:40.818952+05:30
flipkart,BXRH2W5SWTEMKHPG,2026-03-01,1,5,0,0,0,0,1,1,0,0,0,2026-08-19 20:00:40.818952+05:30
flipkart,BXRGRFHZATAPYBDY,2025-09-01,1,5,0,0,0,0,1,1,0,0,0,2026-08-19 20:00:40.818952+05:30
flipkart,SRTFFFUDSEGXM6WS,2025-09-01,2,10,0,0,0,0,2,2,0,0,0,2026-08-19 20:00:40.818952+05:30
flipkart,TSHHG6YXJB3UEGAU,2026-07-15,1,4,0,0,0,1,0,1,0,0,0,2026-08-19 20:00:40.818952+05:30
flipkart,BXRH2W5SGPFYRGVV,2026-07-01,2,6,1,0,0,0,1,1,1,0,0,2026-08-19 20:00:40.818952+05:30
flipkart,SRTFFFUD3BGPEXZY,2026-04-01,1,2,0,1,0,0,0,0,1,0,0,2026-08-19 20:00:40.818952+05:30
flipkart,TSHHHJRAYZD4VNH2,2026-06-15,1,5,0,0,0,0,1,1,0,0,0,2026-08-19 20:00:40.818952+05:30
flipkart,BXRH2W5SKAPWZYHQ,2025-10-01,4,16,1,0,0,0,3,3,1,0,0,2026-08-19 20:00:40.818952+05:30
flipkart,TSHHG96EEHFKFUXY,2026-04-01,3,10,0,0,2,1,0,1,0,2,0,2026-08-19 20:00:40.818952+05:30
flipkart,VESFF2CGA2MXW9WH,2026-06-15,1,5,0,0,0,0,1,1,0,0,0,2026-08-19 20:00:40.818952+05:30
flipkart,TSHHCKSGZNZPWUGC,2026-07-23,1,4,0,0,0,1,0,1,0,0,0,2026-08-19 20:00:40.818952+05:30
flipkart,BXRHC6DFCRBPKEPH,2026-07-10,1,1,1,0,0,0,0,0,1,0,0,2026-08-19 20:00:40.818952+05:30
flipkart,SRTHZA5NGZXYWCAH,2026-07-26,1,2,0,1,0,0,0,0,1,0,0,2026-08-19 20:00:40.818952+05:30
flipkart,BXRGRFHZCVHHZTGY,2026-08-06,1,4,0,0,0,1,0,1,0,0,0,2026-08-19 20:00:40.818952+05:30
flipkart,TSHHCHZPNH4VGSJA,2026-07-26,1,5,0,0,0,0,1,1,0,0,0,2026-08-19 20:00:40.818952+05:30
flipkart,TKPH2TTMWTFQDUWH,2026-07-01,1,5,0,0,0,0,1,1,0,0,0,2026-08-19 20:00:40.818952+05:30
flipkart,TSHHCHZPHWHEZWQQ,2026-07-13,1,5,0,0,0,0,1,1,0,0,0,2026-08-19 20:00:40.818952+05:30
flipkart,SRTFFFUD3BGPEXZY,2026-05-01,2,10,0,0,0,0,2,2,0,0,0,2026-08-19 20:00:40.818952+05:30
flipkart,SOCGQZ4YJKUZNUZK,2026-07-01,2,5,0,1,1,0,0,0,1,1,0,2026-08-19 20:00:40.818952+05:30
flipkart,TSHHCHZP3J5ZFRU7,2026-07-23,1,4,0,0,0,1,0,1,0,0,0,2026-08-19 20:00:40.818952+05:30
flipkart,BXRGRFMQGMS7H6FH,2026-06-28,1,5,0,0,0,0,1,1,0,0,0,2026-08-19 20:00:40.818952+05:30
flipkart,TSHHCKSGSZFNEFAY,2026-07-25,1,5,0,0,0,0,1,1,0,0,0,2026-08-19 20:00:40.818952+05:30
flipkart,SRTHDH2JJY3GGYAD,2026-07-07,1,5,0,0,0,0,1,1,0,0,0,2026-08-19 20:00:40.818952+05:30
flipkart,BXRHFQXCJSCCGJ6J,2026-07-01,6,18,2,0,1,2,1,3,2,1,0,2026-08-19 20:00:40.818952+05:30
flipkart,TKPH2TTMHWRBHFQX,2026-06-01,1,3,0,0,1,0,0,0,0,1,0,2026-08-19 20:00:40.818952+05:30
flipkart,VESGZ9YZNXUPDTKU,2026-07-11,1,5,0,0,0,0,1,1,0,0,0,2026-08-19 20:00:40.818952+05:30
flipkart,BRFFFFSVSXRZYFDF,2026-07-01,1,1,1,0,0,0,0,0,1,0,0,2026-08-19 20:00:40.818952+05:30
flipkart,BXRH2W5SSXWGWGSD,2025-11-01,2,9,0,0,0,1,1,2,0,0,0,2026-08-19 20:00:40.818952+05:30
flipkart,TSHHHJRAX9D5ZHGY,2026-07-23,1,5,0,0,0,0,1,1,0,0,0,2026-08-19 20:00:40.818952+05:30
flipkart,SRTHDH2JQHPS3UEG,2025-12-01,2,9,0,0,0,1,1,2,0,0,0,2026-08-19 20:00:40.818952+05:30
flipkart,SRTFFFUDEG5GPAZ3,2025-10-01,8,27,3,0,0,1,4,5,3,0,0,2026-08-19 20:00:40.818952+05:30
flipkart,TSHHCHZPM8KUMFGH,2026-08-03,1,1,1,0,0,0,0,0,1,0,0,2026-08-19 20:00:40.818952+05:30
flipkart,TSHGSUT86EGTBTMZ,2026-08-08,1,1,1,0,0,0,0,0,1,0,0,2026-08-19 20:00:40.818952+05:30
flipkart,TKPGTHNYTRFUBCGM,2026-07-30,1,3,0,0,1,0,0,0,0,1,0,2026-08-19 20:00:40.818952+05:30
flipkart,BXRH2W5SZGUTXVQM,2026-06-01,1,1,1,0,0,0,0,0,1,0,0,2026-08-19 20:00:40.818952+05:30
flipkart,TSHHCHZPCTKYBK4A,2026-08-01,1,2,0,1,0,0,0,0,1,0,0,2026-08-19 20:00:40.818952+05:30
flipkart,BXRGRFHNSVU6JKXH,2026-05-01,1,3,0,0,1,0,0,0,0,1,0,2026-08-19 20:00:40.818952+05:30
flipkart,TKPGSYPCXUARRUMY,2026-07-26,1,4,0,0,0,1,0,1,0,0,0,2026-08-19 20:00:40.818952+05:30
flipkart,BRFFFFSV3HYFVG3K,2026-06-21,1,1,1,0,0,0,0,0,1,0,0,2026-08-19 20:00:40.818952+05:30
flipkart,TSHHCHZPHWHEZWQQ,2026-07-22,1,3,0,0,1,0,0,0,0,1,0,2026-08-19 20:00:40.818952+05:30
flipkart,SRTHDH2J4RH3QHCM,2025-10-01,4,20,0,0,0,0,4,4,0,0,0,2026-08-19 20:00:40.818952+05:30
flipkart,TSHHCKSGWNGKY7HH,2026-08-03,1,1,1,0,0,0,0,0,1,0,0,2026-08-19 20:00:40.818952+05:30
flipkart,BXRGRFMQYHQS4BM7,2026-07-15,1,4,0,0,0,1,0,1,0,0,0,2026-08-19 20:00:40.818952+05:30
flipkart,SRTHDH2JVRWAEHKQ,2025-11-01,5,23,0,0,0,2,3,5,0,0,0,2026-08-19 20:00:40.818952+05:30
flipkart,TSHGSUTBCYM82QFQ,2025-11-01,4,20,0,0,0,0,4,4,0,0,0,2026-08-19 20:00:40.818952+05:30
flipkart,SRTHDH2JGFCMMGZK,2025-11-01,5,23,0,0,0,2,3,5,0,0,0,2026-08-19 20:00:40.818952+05:30
flipkart,TKPGFQNDGFD8NKG6,2026-06-07,1,4,0,0,0,1,0,1,0,0,0,2026-08-19 20:00:40.818952+05:30
flipkart,SRTFFFUDPECZJGJN,2026-03-01,2,6,0,1,0,1,0,1,1,0,0,2026-08-19 20:00:40.818952+05:30
flipkart,BXRHFCVHX9MBYZZ6,2026-06-01,1,5,0,0,0,0,1,1,0,0,0,2026-08-19 20:00:40.818952+05:30
flipkart,TKPGSYPCXUARRUMY,2026-06-13,1,4,0,0,0,1,0,1,0,0,0,2026-08-19 20:00:40.818952+05:30
flipkart,SNRE5FB4TUKHY9GR,2026-07-23,1,2,0,1,0,0,0,0,1,0,0,2026-08-19 20:00:40.818952+05:30
flipkart,TSHHCKSGSZFNEFAY,2026-05-01,5,25,0,0,0,0,5,5,0,0,0,2026-08-19 20:00:40.818952+05:30
flipkart,BXRGZJCWSKK9RSYE,2026-06-22,1,5,0,0,0,0,1,1,0,0,0,2026-08-19 20:00:40.818952+05:30
flipkart,TKPH8MTXNRYV3DAZ,2026-06-13,1,4,0,0,0,1,0,1,0,0,0,2026-08-19 20:00:40.818952+05:30
flipkart,SRTHDH2JJCKJWXVF,2025-11-01,5,23,0,0,0,2,3,5,0,0,0,2026-08-19 20:00:40.818952+05:30
flipkart,TSHHHJRAZY3BXMSE,2026-06-13,1,3,0,0,1,0,0,0,0,1,0,2026-08-19 20:00:40.818952+05:30
flipkart,TSHHCKSGDRPZGMHU,2026-07-22,1,3,0,0,1,0,0,0,0,1,0,2026-08-19 20:00:40.818952+05:30
flipkart,TKPH8MTJH5D4AHG6,2026-04-01,1,5,0,0,0,0,1,1,0,0,0,2026-08-19 20:00:40.818952+05:30
flipkart,TSHHCHZPYY2A6GA4,2026-07-14,1,5,0,0,0,0,1,1,0,0,0,2026-08-19 20:00:40.818952+05:30
flipkart,FCKFFGVX9NEVKSKT,2026-03-01,3,11,1,0,0,0,2,2,1,0,0,2026-08-19 20:00:40.818952+05:30
flipkart,TSHHG96E34GYMJQV,2026-07-12,1,5,0,0,0,0,1,1,0,0,0,2026-08-19 20:00:40.818952+05:30
flipkart,BXRHFQXCH2ZZWNSU,2026-07-10,1,1,1,0,0,0,0,0,1,0,0,2026-08-19 20:00:40.818952+05:30
flipkart,TKPH8MTXDBUUNCZ6,2026-07-26,1,4,0,0,0,1,0,1,0,0,0,2026-08-19 20:00:40.818952+05:30
flipkart,TKPGTHNYNZYPG9HH,2026-07-15,1,5,0,0,0,0,1,1,0,0,0,2026-08-19 20:00:40.818952+05:30
flipkart,BXRHE4EREQQS6ZU7,2026-06-01,9,40,0,1,0,2,6,8,1,0,0,2026-08-19 20:00:40.818952+05:30
flipkart,TSHHZ7ZKZHFF5NAH,2026-07-01,1,1,1,0,0,0,0,0,1,0,0,2026-08-19 20:00:40.818952+05:30
flipkart,BXRGZJCWTRB2DDZH,2026-04-01,2,9,0,0,0,1,1,2,0,0,0,2026-08-19 20:00:40.818952+05:30
flipkart,BXRH2W5SKAPWZYHQ,2026-07-01,2,6,1,0,0,0,1,1,1,0,0,2026-08-19 20:00:40.818952+05:30
flipkart,TKPGSYXCFXPTHZBK,2026-07-16,1,5,0,0,0,0,1,1,0,0,0,2026-08-19 20:00:40.818952+05:30
flipkart,VESFF2CGMYFFEPSE,2026-07-21,1,5,0,0,0,0,1,1,0,0,0,2026-08-19 20:00:40.818952+05:30
flipkart,VESGZ9YZBEAPYSSZ,2026-01-01,1,5,0,0,0,0,1,1,0,0,0,2026-08-19 20:00:40.818952+05:30
flipkart,TSHGSUTCU9JSGH44,2026-06-06,1,5,0,0,0,0,1,1,0,0,0,2026-08-19 20:00:40.818952+05:30
flipkart,SRTGSYQGQPJEP8SR,2025-10-01,4,20,0,0,0,0,4,4,0,0,0,2026-08-19 20:00:40.818952+05:30
flipkart,TSHHHJRATZFGHRZ6,2026-04-01,1,1,1,0,0,0,0,0,1,0,0,2026-08-19 20:00:40.818952+05:30
flipkart,SRTFFFUDSEGXM6WS,2026-05-01,2,10,0,0,0,0,2,2,0,0,0,2026-08-19 20:00:40.818952+05:30
flipkart,BXRGRFMQVPRAX7QU,2026-05-01,1,3,0,0,1,0,0,0,0,1,0,2026-08-19 20:00:40.818952+05:30
flipkart,TSHHHJRAVFNZGNFF,2026-07-09,2,10,0,0,0,0,2,2,0,0,0,2026-08-19 20:00:40.818952+05:30
flipkart,TSHGSUTA8P6XKZWF,2025-09-01,6,19,1,0,3,1,1,2,1,3,0,2026-08-19 20:00:40.818952+05:30
flipkart,SRTHDH2JWSHGP896,2026-07-23,1,5,0,0,0,0,1,1,0,0,0,2026-08-19 20:00:40.818952+05:30
flipkart,BXRGRFHNSVU6JKXH,2026-06-01,1,3,0,0,1,0,0,0,0,1,0,2026-08-19 20:00:40.818952+05:30
flipkart,SRTFEYC4J3YQFBHE,2025-10-01,4,20,0,0,0,0,4,4,0,0,0,2026-08-19 20:00:40.818952+05:30
flipkart,SRTGSYQGKBHXGKWV,2026-07-14,1,5,0,0,0,0,1,1,0,0,0,2026-08-19 20:00:40.818952+05:30
flipkart,TSHHHJRA94PWAYGW,2026-07-11,1,5,0,0,0,0,1,1,0,0,0,2026-08-19 20:00:40.818952+05:30
flipkart,TSHHCKSGDRPZGMHU,2026-07-13,1,5,0,0,0,0,1,1,0,0,0,2026-08-19 20:00:40.818952+05:30
flipkart,TSHHHGZV3Q4WWPCH,2026-07-21,1,4,0,0,0,1,0,1,0,0,0,2026-08-19 20:00:40.818952+05:30
flipkart,TSHHCHZPHWHEZWQQ,2026-06-29,2,6,1,0,0,0,1,1,1,0,0,2026-08-19 20:00:40.818952+05:30
flipkart,BXRH2W5SGFUP77YP,2026-07-18,1,1,1,0,0,0,0,0,1,0,0,2026-08-19 20:00:40.818952+05:30
flipkart,BXRH2W5SMYCHTMF8,2026-05-01,1,5,0,0,0,0,1,1,0,0,0,2026-08-19 20:00:40.818952+05:30
flipkart,TSHHCHZP3J5ZFRU7,2026-07-28,1,5,0,0,0,0,1,1,0,0,0,2026-08-19 20:00:40.818952+05:30
flipkart,BXRH2W5SSU8DYVH5,2026-07-08,1,5,0,0,0,0,1,1,0,0,0,2026-08-19 20:00:40.818952+05:30
flipkart,BXRH2W5SJRAGFHXT,2026-05-01,1,5,0,0,0,0,1,1,0,0,0,2026-08-19 20:00:40.818952+05:30
flipkart,TKPGFQNDRFKAVNYZ,2026-06-13,2,10,0,0,0,0,2,2,0,0,0,2026-08-19 20:00:40.818952+05:30
flipkart,BXRHC6DYCZYBRFTQ,2026-06-09,1,1,1,0,0,0,0,0,1,0,0,2026-08-19 20:00:40.818952+05:30
flipkart,BXRGRFMQHGNKWPEY,2025-09-01,1,5,0,0,0,0,1,1,0,0,0,2026-08-19 20:00:40.818952+05:30
flipkart,TKPH5URAPZJ7TGXZ,2026-01-01,9,27,1,4,0,2,2,4,5,0,0,2026-08-19 20:00:40.818952+05:30
flipkart,TKPGSYPCX6HYRTNN,2026-07-16,1,5,0,0,0,0,1,1,0,0,0,2026-08-19 20:00:40.818952+05:30
flipkart,TSHHCKSG7PQRZGM2,2026-07-01,4,14,1,0,0,2,1,3,1,0,0,2026-08-19 20:00:40.818952+05:30
flipkart,TSHHCKTJZYFHHGCJ,2026-04-01,1,4,0,0,0,1,0,1,0,0,0,2026-08-19 20:00:40.818952+05:30
flipkart,FCKG75WBJHTKREB8,2026-03-01,1,5,0,0,0,0,1,1,0,0,0,2026-08-19 20:00:40.818952+05:30
flipkart,TKPH2TTMVVEKXDX4,2026-03-01,2,6,1,0,0,0,1,1,1,0,0,2026-08-19 20:00:40.818952+05:30
flipkart,TKPGDC7BHZZQKEX6,2025-12-01,20,78,1,2,5,2,10,12,3,5,0,2026-08-19 20:00:40.818952+05:30
flipkart,TSHHCHZPVJAGWTTG,2026-07-14,1,5,0,0,0,0,1,1,0,0,0,2026-08-19 20:00:40.818952+05:30
flipkart,BXRGRFMQYHQS4BM7,2026-08-08,1,5,0,0,0,0,1,1,0,0,0,2026-08-19 20:00:40.818952+05:30
flipkart,SRTGSYQGXBGUJYRQ,2026-06-29,1,4,0,0,0,1,0,1,0,0,0,2026-08-19 20:00:40.818952+05:30
flipkart,TSHHHJRAX9D5ZHGY,2026-07-12,1,4,0,0,0,1,0,1,0,0,0,2026-08-19 20:00:40.818952+05:30
flipkart,TKPGDC7BGNQBZXHX,2025-11-01,28,115,3,0,2,9,14,23,3,2,0,2026-08-19 20:00:40.818952+05:30
flipkart,TKPH8MTJH5D4AHG6,2026-03-01,1,5,0,0,0,0,1,1,0,0,0,2026-08-19 20:00:40.818952+05:30
flipkart,TSHGSUTA8P6XKZWF,2025-11-01,4,20,0,0,0,0,4,4,0,0,0,2026-08-19 20:00:40.818952+05:30
flipkart,TSHHCKSGM5HEB5FV,2026-07-22,1,3,0,0,1,0,0,0,0,1,0,2026-08-19 20:00:40.818952+05:30
flipkart,TKPGSYPCZ3BPMPSF,2026-06-01,3,11,1,0,0,0,2,2,1,0,0,2026-08-19 20:00:40.818952+05:30
flipkart,TSHHCKSGAHZZHBTY,2026-05-01,5,25,0,0,0,0,5,5,0,0,0,2026-08-19 20:00:40.818952+05:30
flipkart,TSHHCHZPQHS2MJAG,2026-07-29,1,5,0,0,0,0,1,1,0,0,0,2026-08-19 20:00:40.818952+05:30
flipkart,FCKG75WBGNBBTM4Z,2026-02-01,1,5,0,0,0,0,1,1,0,0,0,2026-08-19 20:00:40.818952+05:30
flipkart,SNRE5FB4TUKHY9GR,2026-04-01,22,91,2,0,3,5,12,17,2,3,0,2026-08-19 20:00:40.818952+05:30
flipkart,BXRHC6D2CUYE86JJ,2026-06-27,1,4,0,0,0,1,0,1,0,0,0,2026-08-19 20:00:40.818952+05:30
flipkart,TSHHG96EPA39GEKH,2026-06-06,1,5,0,0,0,0,1,1,0,0,0,2026-08-19 20:00:40.818952+05:30
flipkart,TSHHHJRATZFGHRZ6,2026-06-17,1,2,0,1,0,0,0,0,1,0,0,2026-08-19 20:00:40.818952+05:30
flipkart,PYJH2TWEVMWB87KU,2026-01-01,1,4,0,0,0,1,0,1,0,0,0,2026-08-19 20:00:40.818952+05:30
flipkart,SNRGEHFWXXTCVDZM,2026-07-09,1,5,0,0,0,0,1,1,0,0,0,2026-08-19 20:00:40.818952+05:30
flipkart,VESFF2CGWGGC88DT,2026-04-01,1,5,0,0,0,0,1,1,0,0,0,2026-08-19 20:00:40.818952+05:30
flipkart,VESGZ9YZZHNDTRCP,2026-07-10,1,5,0,0,0,0,1,1,0,0,0,2026-08-19 20:00:40.818952+05:30
flipkart,TSHHHJRASMKXNJYD,2026-07-09,2,10,0,0,0,0,2,2,0,0,0,2026-08-19 20:00:40.818952+05:30
flipkart,TSHHCHZPWEDWVFFP,2026-07-13,1,5,0,0,0,0,1,1,0,0,0,2026-08-19 20:00:40.818952+05:30
flipkart,TSHHG96EU3QTAQYG,2026-04-01,3,10,0,0,2,1,0,1,0,2,0,2026-08-19 20:00:40.818952+05:30
flipkart,BXRHC6DFVGF9D4WZ,2026-06-09,1,1,1,0,0,0,0,0,1,0,0,2026-08-19 20:00:40.818952+05:30
flipkart,TSHH8NRFTVJZF7DW,2026-02-01,3,7,2,0,0,0,1,1,2,0,0,2026-08-19 20:00:40.818952+05:30
flipkart,TSHHCHZPHWHEZWQQ,2026-06-30,1,5,0,0,0,0,1,1,0,0,0,2026-08-19 20:00:40.818952+05:30
flipkart,TSHHHJRARECBQRGY,2026-02-01,1,5,0,0,0,0,1,1,0,0,0,2026-08-19 20:00:40.818952+05:30
flipkart,TKPGDC7BUCQHMG9X,2025-10-01,2,6,0,1,0,1,0,1,1,0,0,2026-08-19 20:00:40.818952+05:30
flipkart,TSHH8NRFTVJZF7DW,2026-07-09,1,5,0,0,0,0,1,1,0,0,0,2026-08-19 20:00:40.818952+05:30
flipkart,TSHHCKSGZNZPWUGC,2026-07-01,4,14,1,0,0,2,1,3,1,0,0,2026-08-19 20:00:40.818952+05:30
flipkart,BXRGRFHNSVU6JKXH,2026-07-23,1,5,0,0,0,0,1,1,0,0,0,2026-08-19 20:00:40.818952+05:30
flipkart,TSHGSUTBY85HUUTX,2026-04-01,3,10,0,0,2,1,0,1,0,2,0,2026-08-19 20:00:40.818952+05:30
flipkart,TKPGSYPCYGWJEACQ,2026-07-01,4,15,1,0,0,1,2,3,1,0,0,2026-08-19 20:00:40.818952+05:30
flipkart,TSHHHJRAZY3BXMSE,2026-02-01,1,5,0,0,0,0,1,1,0,0,0,2026-08-19 20:00:40.818952+05:30
flipkart,TSHHCHZPHWHEZWQQ,2026-07-29,1,5,0,0,0,0,1,1,0,0,0,2026-08-19 20:00:40.818952+05:30
flipkart,TSHH8NRFTVJZF7DW,2026-03-01,2,7,0,1,0,0,1,1,1,0,0,2026-08-19 20:00:40.818952+05:30
flipkart,BXRGRFHZ6RH2KZWD,2026-06-28,1,5,0,0,0,0,1,1,0,0,0,2026-08-19 20:00:40.818952+05:30
flipkart,TSHHCHZP3TPCWQMM,2026-06-01,4,19,0,0,0,1,3,4,0,0,0,2026-08-19 20:00:40.818952+05:30
flipkart,TSHGSUT9HEHTJVKA,2026-06-01,4,17,0,1,0,0,3,3,1,0,0,2026-08-19 20:00:40.818952+05:30
flipkart,SRTHDH2JQHPS3UEG,2026-06-29,1,4,0,0,0,1,0,1,0,0,0,2026-08-19 20:00:40.818952+05:30
flipkart,TSHHCKSGPGYUQY9G,2026-06-13,1,4,0,0,0,1,0,1,0,0,0,2026-08-19 20:00:40.818952+05:30
flipkart,TKPH5URAJGUXT5SG,2026-06-25,1,5,0,0,0,0,1,1,0,0,0,2026-08-19 20:00:40.818952+05:30
flipkart,VESGZ9YZNXUPDTKU,2026-07-10,1,5,0,0,0,0,1,1,0,0,0,2026-08-19 20:00:40.818952+05:30
flipkart,TSHHHJRA8ZMQMYHG,2026-06-15,1,5,0,0,0,0,1,1,0,0,0,2026-08-19 20:00:40.818952+05:30
flipkart,SOCH7KSZXDZQHQGG,2026-07-12,1,3,0,0,1,0,0,0,0,1,0,2026-08-19 20:00:40.818952+05:30
flipkart,BXRGRFMQXVGVCHTX,2026-08-08,1,5,0,0,0,0,1,1,0,0,0,2026-08-19 20:00:40.818952+05:30
flipkart,BXRGRFHNSVU6JKXH,2026-08-07,1,1,1,0,0,0,0,0,1,0,0,2026-08-19 20:00:40.818952+05:30
flipkart,TSHHHJRAJZ9W3CHJ,2026-07-20,1,4,0,0,0,1,0,1,0,0,0,2026-08-19 20:00:40.818952+05:30
flipkart,SRTFEYC4J2SHRAFG,2026-07-14,1,5,0,0,0,0,1,1,0,0,0,2026-08-19 20:00:40.818952+05:30
flipkart,TKPGTHNYQFUTTFVA,2026-02-01,1,5,0,0,0,0,1,1,0,0,0,2026-08-19 20:00:40.818952+05:30
flipkart,SRTFFFUDVZFADD9P,2026-05-01,2,10,0,0,0,0,2,2,0,0,0,2026-08-19 20:00:40.818952+05:30
flipkart,TSHHG96EU3QTAQYG,2026-07-12,1,5,0,0,0,0,1,1,0,0,0,2026-08-19 20:00:40.818952+05:30
flipkart,TSHHHJRAAHQGWZMX,2026-04-01,1,1,1,0,0,0,0,0,1,0,0,2026-08-19 20:00:40.818952+05:30
flipkart,BXRH2W5SKAPWZYHQ,2026-05-01,1,5,0,0,0,0,1,1,0,0,0,2026-08-19 20:00:40.818952+05:30
flipkart,TSHHHJRA9WNSWQEP,2026-06-29,1,5,0,0,0,0,1,1,0,0,0,2026-08-19 20:00:40.818952+05:30
flipkart,TSHHHJRATVMXGFAG,2026-02-01,1,5,0,0,0,0,1,1,0,0,0,2026-08-19 20:00:40.818952+05:30
flipkart,BXRGRFHZATAPYBDY,2026-07-01,4,13,1,0,1,1,1,2,1,1,0,2026-08-19 20:00:40.818952+05:30
flipkart,TSHHCHZPHWHEZWQQ,2026-06-01,4,19,0,0,0,1,3,4,0,0,0,2026-08-19 20:00:40.818952+05:30
flipkart,TSHHG96EMWH9RQ6V,2026-06-05,1,5,0,0,0,0,1,1,0,0,0,2026-08-19 20:00:40.818952+05:30
flipkart,BXRGRFMQGMZFEGNJ,2026-02-01,3,11,0,0,2,0,1,1,0,2,0,2026-08-19 20:00:40.818952+05:30
flipkart,SRTHDH2JWZAPE9VY,2026-07-14,1,5,0,0,0,0,1,1,0,0,0,2026-08-19 20:00:40.818952+05:30
flipkart,TKPH2TTMZNKBVN52,2026-03-01,1,5,0,0,0,0,1,1,0,0,0,2026-08-19 20:00:40.818952+05:30
flipkart,SRTFFFUDSEGXM6WS,2025-11-01,3,14,0,0,0,1,2,3,0,0,0,2026-08-19 20:00:40.818952+05:30
flipkart,BXRH2W5SSU8DYVH5,2026-04-01,1,2,0,1,0,0,0,0,1,0,0,2026-08-19 20:00:40.818952+05:30
flipkart,TKPGTHNYTRFUBCGM,2026-06-19,1,4,0,0,0,1,0,1,0,0,0,2026-08-19 20:00:40.818952+05:30
flipkart,TSHHCKSGPGYUQY9G,2026-06-30,1,5,0,0,0,0,1,1,0,0,0,2026-08-19 20:00:40.818952+05:30
flipkart,TKPGDC7BNJTFHSJS,2025-12-01,20,78,1,2,5,2,10,12,3,5,0,2026-08-19 20:00:40.818952+05:30
flipkart,TSHHCKSGU77X4FDT,2025-12-01,1,1,1,0,0,0,0,0,1,0,0,2026-08-19 20:00:40.818952+05:30
flipkart,TKPGDC7BHZZQKEX6,2026-06-01,3,11,1,0,0,0,2,2,1,0,0,2026-08-19 20:00:40.818952+05:30
flipkart,PANH46SM5MWVTYHY,2026-08-04,1,1,1,0,0,0,0,0,1,0,0,2026-08-19 20:00:40.818952+05:30
flipkart,TKPGTHNYWWCYXHFF,2026-02-01,1,5,0,0,0,0,1,1,0,0,0,2026-08-19 20:00:40.818952+05:30
flipkart,SRTFEYC4J2SHRAFG,2026-07-23,1,5,0,0,0,0,1,1,0,0,0,2026-08-19 20:00:40.818952+05:30
flipkart,BXRHFQXCVGA9H3CZ,2026-04-01,2,6,0,0,2,0,0,0,0,2,0,2026-08-19 20:00:40.818952+05:30
flipkart,TSHHHJRASMKXNJYD,2026-07-11,1,5,0,0,0,0,1,1,0,0,0,2026-08-19 20:00:40.818952+05:30
flipkart,TSHHCHZP8YHX8CBY,2026-06-30,1,5,0,0,0,0,1,1,0,0,0,2026-08-19 20:00:40.818952+05:30
flipkart,BXRHC6DFE3JTKT5S,2026-06-04,1,3,0,0,1,0,0,0,0,1,0,2026-08-19 20:00:40.818952+05:30
flipkart,BXRH2W5SZQ2NVMUV,2025-11-01,2,9,0,0,0,1,1,2,0,0,0,2026-08-19 20:00:40.818952+05:30
flipkart,VESGZ9YZ8ZBYGVDX,2026-01-01,1,5,0,0,0,0,1,1,0,0,0,2026-08-19 20:00:40.818952+05:30
flipkart,TSHHHJRA6RS7EUZE,2026-06-16,1,5,0,0,0,0,1,1,0,0,0,2026-08-19 20:00:40.818952+05:30
flipkart,SRTGSYQGZFHM7HB2,2026-04-01,1,5,0,0,0,0,1,1,0,0,0,2026-08-19 20:00:40.818952+05:30
flipkart,TSHHHGZV3Q4WWPCH,2026-07-10,1,5,0,0,0,0,1,1,0,0,0,2026-08-19 20:00:40.818952+05:30
flipkart,VESFF2CGAF9RGFHX,2026-04-01,1,5,0,0,0,0,1,1,0,0,0,2026-08-19 20:00:40.818952+05:30
flipkart,SRTFFFUDVZFADD9P,2025-12-01,1,5,0,0,0,0,1,1,0,0,0,2026-08-19 20:00:40.818952+05:30
flipkart,TSHHCKSGABGZAHRG,2026-07-22,1,3,0,0,1,0,0,0,0,1,0,2026-08-19 20:00:40.818952+05:30
flipkart,TSHHHJRA6RS7EUZE,2026-06-17,1,2,0,1,0,0,0,0,1,0,0,2026-08-19 20:00:40.818952+05:30
flipkart,TSHHCHZPWEDWVFFP,2026-07-29,1,5,0,0,0,0,1,1,0,0,0,2026-08-19 20:00:40.818952+05:30
flipkart,BXRHC6D2CUYE86JJ,2026-06-04,1,3,0,0,1,0,0,0,0,1,0,2026-08-19 20:00:40.818952+05:30
flipkart,TSHHCHZPHWHEZWQQ,2026-07-18,1,5,0,0,0,0,1,1,0,0,0,2026-08-19 20:00:40.818952+05:30
flipkart,TKPGSYPCZ3BPMPSF,2026-07-26,1,4,0,0,0,1,0,1,0,0,0,2026-08-19 20:00:40.818952+05:30
flipkart,TKPGSYPCSVEGZXTU,2026-03-01,6,15,2,1,2,0,1,1,3,2,0,2026-08-19 20:00:40.818952+05:30
flipkart,BRFGCV4VG7FF6ZSA,2025-11-01,2,9,0,0,0,1,1,2,0,0,0,2026-08-19 20:00:40.818952+05:30
flipkart,TSHHHJRAX9D5ZHGY,2026-07-11,1,5,0,0,0,0,1,1,0,0,0,2026-08-19 20:00:40.818952+05:30
flipkart,TSHHHJRAJZ9W3CHJ,2026-07-12,1,4,0,0,0,1,0,1,0,0,0,2026-08-19 20:00:40.818952+05:30
flipkart,SRTHZA8B6ZPA72RJ,2026-07-14,1,5,0,0,0,0,1,1,0,0,0,2026-08-19 20:00:40.818952+05:30
flipkart,TSHHCHZPAD7JCGRK,2026-06-01,4,19,0,0,0,1,3,4,0,0,0,2026-08-19 20:00:40.818952+05:30
flipkart,BXRGRFHZATAPYBDY,2026-07-15,1,4,0,0,0,1,0,1,0,0,0,2026-08-19 20:00:40.818952+05:30
flipkart,TSHHCKSGPGYUQY9G,2026-04-01,2,10,0,0,0,0,2,2,0,0,0,2026-08-19 20:00:40.818952+05:30
flipkart,TSHGSUTBY85HUUTX,2026-07-20,1,4,0,0,0,1,0,1,0,0,0,2026-08-19 20:00:40.818952+05:30
flipkart,TKPGSYPCXUARRUMY,2026-06-15,1,1,1,0,0,0,0,0,1,0,0,2026-08-19 20:00:40.818952+05:30
flipkart,BXRGRFHZNQNZARUM,2026-07-15,1,4,0,0,0,1,0,1,0,0,0,2026-08-19 20:00:40.818952+05:30
flipkart,BXRHC6D3GGAB6HGP,2026-07-23,1,5,0,0,0,0,1,1,0,0,0,2026-08-19 20:00:40.818952+05:30
flipkart,SRTHZA5M4CHTDS2X,2026-07-26,1,2,0,1,0,0,0,0,1,0,0,2026-08-19 20:00:40.818952+05:30
flipkart,BXRH2W5SZQ2NVMUV,2026-07-26,1,5,0,0,0,0,1,1,0,0,0,2026-08-19 20:00:40.818952+05:30
flipkart,SRTGSYQGDJQ4FYCH,2026-07-01,2,9,0,0,0,1,1,2,0,0,0,2026-08-19 20:00:40.818952+05:30
flipkart,TKPGTHNYNZYPG9HH,2026-06-19,1,4,0,0,0,1,0,1,0,0,0,2026-08-19 20:00:40.818952+05:30
flipkart,SRTGSYQGZFHM7HB2,2026-06-29,1,4,0,0,0,1,0,1,0,0,0,2026-08-19 20:00:40.818952+05:30
flipkart,BXRHC6DYCZYBRFTQ,2025-10-01,3,10,1,0,0,1,1,2,1,0,0,2026-08-19 20:00:40.818952+05:30
flipkart,SRTFFFUDBDKVKAHP,2026-05-01,2,10,0,0,0,0,2,2,0,0,0,2026-08-19 20:00:40.818952+05:30
flipkart,TKPGSYPCXUARRUMY,2026-03-01,6,15,2,1,2,0,1,1,3,2,0,2026-08-19 20:00:40.818952+05:30
flipkart,BXRGRFHZECWSEYJZ,2026-07-20,1,1,1,0,0,0,0,0,1,0,0,2026-08-19 20:00:40.818952+05:30
flipkart,BXRGRFMQVPRAX7QU,2026-07-01,4,13,1,0,1,1,1,2,1,1,0,2026-08-19 20:00:40.818952+05:30
flipkart,BXRGRFHZCVHHZTGY,2026-07-15,1,4,0,0,0,1,0,1,0,0,0,2026-08-19 20:00:40.818952+05:30
flipkart,TSHHZ7ZGHN3CXYGU,2026-07-01,1,1,1,0,0,0,0,0,1,0,0,2026-08-19 20:00:40.818952+05:30
flipkart,TKPGTHNYQFUTTFVA,2026-06-19,1,4,0,0,0,1,0,1,0,0,0,2026-08-19 20:00:40.818952+05:30
flipkart,VESFF2CGQKN2HQCE,2026-07-22,1,5,0,0,0,0,1,1,0,0,0,2026-08-19 20:00:40.818952+05:30
flipkart,TSHHHJRARECBQRGY,2026-07-01,10,42,0,1,2,1,6,7,1,2,0,2026-08-19 20:00:40.818952+05:30
flipkart,FCTEXF6HHGCZVEGC,2026-02-01,1,5,0,0,0,0,1,1,0,0,0,2026-08-19 20:00:40.818952+05:30
flipkart,SNRE5FB4TUKHY9GR,2026-07-28,1,3,0,0,1,0,0,0,0,1,0,2026-08-19 20:00:40.818952+05:30
flipkart,SRTHDH2JJCKJWXVF,2026-07-01,2,9,0,0,0,1,1,2,0,0,0,2026-08-19 20:00:40.818952+05:30
flipkart,SRTGSYQGXBGUJYRQ,2026-07-07,1,5,0,0,0,0,1,1,0,0,0,2026-08-19 20:00:40.818952+05:30
flipkart,BXRGRFHNGYGVXSHX,2026-07-09,1,1,1,0,0,0,0,0,1,0,0,2026-08-19 20:00:40.818952+05:30
flipkart,TSHHCHZPFQEVEAQQ,2026-06-29,1,1,1,0,0,0,0,0,1,0,0,2026-08-19 20:00:40.818952+05:30
flipkart,PYJH2TWESEZT65TQ,2026-05-01,1,3,0,0,1,0,0,0,0,1,0,2026-08-19 20:00:40.818952+05:30
flipkart,BXRHC6D2CUYE86JJ,2026-06-29,1,5,0,0,0,0,1,1,0,0,0,2026-08-19 20:00:40.818952+05:30
flipkart,TSHGSUT9HEHTJVKA,2026-05-01,5,17,2,0,0,0,3,3,2,0,0,2026-08-19 20:00:40.818952+05:30
flipkart,SRTHDH2J2ZEZZYYT,2025-12-01,2,9,0,0,0,1,1,2,0,0,0,2026-08-19 20:00:40.818952+05:30
flipkart,SRTGSYQGQPJEP8SR,2026-01-01,2,10,0,0,0,0,2,2,0,0,0,2026-08-19 20:00:40.818952+05:30
flipkart,TSHHCKSGAHZZHBTY,2026-06-30,1,5,0,0,0,0,1,1,0,0,0,2026-08-19 20:00:40.818952+05:30
flipkart,TKPGTHNYXHCXPJFH,2026-06-19,1,4,0,0,0,1,0,1,0,0,0,2026-08-19 20:00:40.818952+05:30
flipkart,TKPH5URAFZJ9YSGG,2026-06-14,1,3,0,0,1,0,0,0,0,1,0,2026-08-19 20:00:40.818952+05:30
flipkart,TSHHHJRARG5VGWZC,2026-02-01,1,5,0,0,0,0,1,1,0,0,0,2026-08-19 20:00:40.818952+05:30
flipkart,BXRH2W5SSXWGWGSD,2026-07-29,1,1,1,0,0,0,0,0,1,0,0,2026-08-19 20:00:40.818952+05:30
flipkart,TSHHCHZPSYNBHGNM,2026-07-13,1,5,0,0,0,0,1,1,0,0,0,2026-08-19 20:00:40.818952+05:30
flipkart,VESGZ9YZNXUPDTKU,2026-07-09,1,5,0,0,0,0,1,1,0,0,0,2026-08-19 20:00:40.818952+05:30
flipkart,TSHHZ7ZGQJVZNTZV,2026-07-01,1,1,1,0,0,0,0,0,1,0,0,2026-08-19 20:00:40.818952+05:30
flipkart,SRTHDH2J2ZEZZYYT,2025-11-01,5,23,0,0,0,2,3,5,0,0,0,2026-08-19 20:00:40.818952+05:30
flipkart,TSHHCKSGSZFNEFAY,2025-11-01,4,17,0,0,1,1,2,3,0,1,0,2026-08-19 20:00:40.818952+05:30
flipkart,SRTH6AFXGZGAQBMS,2026-01-01,2,10,0,0,0,0,2,2,0,0,0,2026-08-19 20:00:40.818952+05:30
flipkart,TSHGSUTBY85HUUTX,2025-10-01,4,17,0,1,0,0,3,3,1,0,0,2026-08-19 20:00:40.818952+05:30
flipkart,TSHGSUTBCYM82QFQ,2026-07-22,1,4,0,0,0,1,0,1,0,0,0,2026-08-19 20:00:40.818952+05:30
flipkart,TSHHHJRA8ZMQMYHG,2026-08-03,1,5,0,0,0,0,1,1,0,0,0,2026-08-19 20:00:40.818952+05:30
flipkart,BXRH2W5SJRAGFHXT,2026-07-29,1,1,1,0,0,0,0,0,1,0,0,2026-08-19 20:00:40.818952+05:30
flipkart,TKPHZTUBHDBYB4NZ,2026-02-01,7,21,3,0,0,2,2,4,3,0,0,2026-08-19 20:00:40.818952+05:30
flipkart,TSHGSUT9HEHTJVKA,2026-06-05,1,5,0,0,0,0,1,1,0,0,0,2026-08-19 20:00:40.818952+05:30
flipkart,BXRHC6DFVGF9D4WZ,2026-06-29,1,5,0,0,0,0,1,1,0,0,0,2026-08-19 20:00:40.818952+05:30
flipkart,TSHHHJRAAHQGWZMX,2026-05-01,2,9,0,0,0,1,1,2,0,0,0,2026-08-19 20:00:40.818952+05:30
flipkart,TSHHHJRASMKXNJYD,2026-07-20,1,4,0,0,0,1,0,1,0,0,0,2026-08-19 20:00:40.818952+05:30
flipkart,BXRHFS5FHHMGH7HH,2026-04-01,2,6,0,0,2,0,0,0,0,2,0,2026-08-19 20:00:40.818952+05:30
flipkart,SRTFEYC44SNDHXKZ,2025-10-01,4,20,0,0,0,0,4,4,0,0,0,2026-08-19 20:00:40.818952+05:30
flipkart,TSHHCHZPYY2A6GA4,2026-06-13,1,4,0,0,0,1,0,1,0,0,0,2026-08-19 20:00:40.818952+05:30
flipkart,BXRHC6DFE3JTKT5S,2026-06-29,1,5,0,0,0,0,1,1,0,0,0,2026-08-19 20:00:40.818952+05:30
flipkart,TSHHHJRA8C7ZXDW3,2026-07-12,1,4,0,0,0,1,0,1,0,0,0,2026-08-19 20:00:40.818952+05:30
flipkart,TSHHCHZPSYNBHGNM,2025-09-01,2,8,0,0,1,0,1,1,0,1,0,2026-08-19 20:00:40.818952+05:30
flipkart,TKPH2TTMWMHWFXPE,2026-06-01,2,7,0,0,1,1,0,1,0,1,0,2026-08-19 20:00:40.818952+05:30
flipkart,SRTGSYQGDJQ4FYCH,2025-11-01,5,23,0,0,0,2,3,5,0,0,0,2026-08-19 20:00:40.818952+05:30
flipkart,TKPH8MTJUWNEVNBA,2025-11-01,6,15,2,1,2,0,1,1,3,2,0,2026-08-19 20:00:40.818952+05:30
flipkart,TSHHHJRA2XFF6ZBX,2026-04-01,1,1,1,0,0,0,0,0,1,0,0,2026-08-19 20:00:40.818952+05:30
flipkart,TSHHCHZPYY2A6GA4,2026-08-01,1,2,0,1,0,0,0,0,1,0,0,2026-08-19 20:00:40.818952+05:30
flipkart,BXRGRFMQXVGVCHTX,2026-07-15,1,4,0,0,0,1,0,1,0,0,0,2026-08-19 20:00:40.818952+05:30
flipkart,BXRHC6D3GGAB6HGP,2026-06-04,1,3,0,0,1,0,0,0,0,1,0,2026-08-19 20:00:40.818952+05:30
flipkart,TKPH2TTMJCBF8R3M,2026-07-17,1,5,0,0,0,0,1,1,0,0,0,2026-08-19 20:00:40.818952+05:30
flipkart,SRTGSYQG33X94BQH,2026-01-01,2,10,0,0,0,0,2,2,0,0,0,2026-08-19 20:00:40.818952+05:30
flipkart,TKPH2TTMGUXHNWJN,2026-03-01,2,6,1,0,0,0,1,1,1,0,0,2026-08-19 20:00:40.818952+05:30
flipkart,BXRGRFHZ8VB6UZR3,2026-08-08,1,5,0,0,0,0,1,1,0,0,0,2026-08-19 20:00:40.818952+05:30
flipkart,TSHHG96EEHFKFUXY,2026-07-20,1,4,0,0,0,1,0,1,0,0,0,2026-08-19 20:00:40.818952+05:30
flipkart,SRTFFFUDSEGXM6WS,2025-12-01,1,5,0,0,0,0,1,1,0,0,0,2026-08-19 20:00:40.818952+05:30
flipkart,TSHHHGZVTKNTZVGR,2026-07-21,1,4,0,0,0,1,0,1,0,0,0,2026-08-19 20:00:40.818952+05:30
flipkart,TSHHCKSG7PQRZGM2,2025-10-01,10,29,4,1,0,2,3,5,5,0,0,2026-08-19 20:00:40.818952+05:30
flipkart,TSHGSUTA8P6XKZWF,2026-04-01,3,10,0,0,2,1,0,1,0,2,0,2026-08-19 20:00:40.818952+05:30
flipkart,VESFF2CGQKN2HQCE,2026-02-01,1,5,0,0,0,0,1,1,0,0,0,2026-08-19 20:00:40.818952+05:30
flipkart,BXRHC6DYVZD6TGQX,2026-06-27,1,4,0,0,0,1,0,1,0,0,0,2026-08-19 20:00:40.818952+05:30
flipkart,BXRHC6DYVZD6TGQX,2026-07-24,1,5,0,0,0,0,1,1,0,0,0,2026-08-19 20:00:40.818952+05:30
flipkart,TSHHCHZPQHS2MJAG,2026-07-26,1,5,0,0,0,0,1,1,0,0,0,2026-08-19 20:00:40.818952+05:30
flipkart,TSHGSUT86EGTBTMZ,2026-06-05,1,5,0,0,0,0,1,1,0,0,0,2026-08-19 20:00:40.818952+05:30
flipkart,TSHHHJRASMKXNJYD,2026-06-01,2,7,0,0,1,1,0,1,0,1,0,2026-08-19 20:00:40.818952+05:30
flipkart,TSHH8NRFTVJZF7DW,2026-08-08,1,1,1,0,0,0,0,0,1,0,0,2026-08-19 20:00:40.818952+05:30
flipkart,SRTHDH2JVRWAEHKQ,2026-07-23,1,5,0,0,0,0,1,1,0,0,0,2026-08-19 20:00:40.818952+05:30
flipkart,BXRHC6DYCZYBRFTQ,2025-12-01,3,14,0,0,0,1,2,3,0,0,0,2026-08-19 20:00:40.818952+05:30
flipkart,SRTHZA7TFANVHUGY,2026-07-26,1,2,0,1,0,0,0,0,1,0,0,2026-08-19 20:00:40.818952+05:30
flipkart,TKPHZTUBTRJGZ4RZ,2026-03-01,11,39,2,1,1,3,4,7,3,1,0,2026-08-19 20:00:40.818952+05:30
flipkart,BXRHFQXCBDZZKBFW,2026-06-04,1,3,0,0,1,0,0,0,0,1,0,2026-08-19 20:00:40.818952+05:30
flipkart,TSHHHJRAAHQGWZMX,2026-07-23,2,10,0,0,0,0,2,2,0,0,0,2026-08-19 20:00:40.818952+05:30
flipkart,BXRHC6DYVZD6TGQX,2025-10-01,3,10,1,0,0,1,1,2,1,0,0,2026-08-19 20:00:40.818952+05:30
flipkart,TKPH8MTXFWZFBZYG,2026-07-16,1,5,0,0,0,0,1,1,0,0,0,2026-08-19 20:00:40.818952+05:30
flipkart,BXRHFQXCVGA9H3CZ,2025-12-01,3,14,0,0,0,1,2,3,0,0,0,2026-08-19 20:00:40.818952+05:30
flipkart,TKPH8MTXXNY2H39G,2026-02-01,8,30,1,1,1,1,4,5,2,1,0,2026-08-19 20:00:40.818952+05:30
flipkart,TSHHCHZPCTKYBK4A,2026-07-14,1,5,0,0,0,0,1,1,0,0,0,2026-08-19 20:00:40.818952+05:30
flipkart,TSHHHJRANNWPSFHF,2026-07-24,2,10,0,0,0,0,2,2,0,0,0,2026-08-19 20:00:40.818952+05:30
flipkart,TKPGSYPCXUARRUMY,2026-04-01,4,10,2,0,1,0,1,1,2,1,0,2026-08-19 20:00:40.818952+05:30
flipkart,TSHHCKSGM5HEB5FV,2026-05-01,5,25,0,0,0,0,5,5,0,0,0,2026-08-19 20:00:40.818952+05:30
flipkart,TSHHCKSG7PQRZGM2,2025-09-01,2,8,0,0,1,0,1,1,0,1,0,2026-08-19 20:00:40.818952+05:30
flipkart,TSHHCHZPSYNBHGNM,2026-07-23,1,4,0,0,0,1,0,1,0,0,0,2026-08-19 20:00:40.818952+05:30
flipkart,VESGFCUG9YG7SU2Y,2026-07-23,1,5,0,0,0,0,1,1,0,0,0,2026-08-19 20:00:40.818952+05:30
flipkart,BXRGZJCWFM47ZXAB,2026-08-03,1,1,1,0,0,0,0,0,1,0,0,2026-08-19 20:00:40.818952+05:30
flipkart,BXRHC6DY55BHVQQW,2026-08-04,1,4,0,0,0,1,0,1,0,0,0,2026-08-19 20:00:40.818952+05:30
flipkart,TKPGFQNDGFD8NKG6,2026-06-11,1,5,0,0,0,0,1,1,0,0,0,2026-08-19 20:00:40.818952+05:30
flipkart,BXRGRFHNGYGVXSHX,2026-01-01,2,6,0,0,2,0,0,0,0,2,0,2026-08-19 20:00:40.818952+05:30
flipkart,BXRGRFHZ8VB6UZR3,2026-06-28,1,5,0,0,0,0,1,1,0,0,0,2026-08-19 20:00:40.818952+05:30
flipkart,BXRHE4EREQQS6ZU7,2026-06-21,1,1,1,0,0,0,0,0,1,0,0,2026-08-19 20:00:40.818952+05:30
flipkart,BXRHFQXCJFMZ8ZPC,2026-08-04,1,4,0,0,0,1,0,1,0,0,0,2026-08-19 20:00:40.818952+05:30
flipkart,BXRHFQXCH2ZZWNSU,2026-04-01,2,6,0,0,2,0,0,0,0,2,0,2026-08-19 20:00:40.818952+05:30
flipkart,TSHHCKSGZNZPWUGC,2026-08-01,1,2,0,1,0,0,0,0,1,0,0,2026-08-19 20:00:40.818952+05:30
flipkart,FCKG75WBTHGH8F9N,2026-02-01,1,5,0,0,0,0,1,1,0,0,0,2026-08-19 20:00:40.818952+05:30
flipkart,TKPH2TTMWTFQDUWH,2026-05-01,2,6,0,1,0,1,0,1,1,0,0,2026-08-19 20:00:40.818952+05:30
flipkart,TSHHZ7ZG66ZQVRV8,2026-07-01,1,1,1,0,0,0,0,0,1,0,0,2026-08-19 20:00:40.818952+05:30
flipkart,BXRGRFHNAHFPSTSB,2026-06-01,1,3,0,0,1,0,0,0,0,1,0,2026-08-19 20:00:40.818952+05:30
flipkart,BXRGZJCWYYCZQ9PZ,2026-04-01,2,9,0,0,0,1,1,2,0,0,0,2026-08-19 20:00:40.818952+05:30
flipkart,BXRHFQXCVGA9H3CZ,2026-02-01,1,3,0,0,1,0,0,0,0,1,0,2026-08-19 20:00:40.818952+05:30
flipkart,TKPHNDMFSHGMQEKB,2026-07-14,2,6,0,1,0,1,0,1,1,0,0,2026-08-19 20:00:40.818952+05:30
flipkart,SRTHDH2JJCKJWXVF,2026-04-01,1,5,0,0,0,0,1,1,0,0,0,2026-08-19 20:00:40.818952+05:30
flipkart,TKPGTHNYWWCYXHFF,2026-06-19,1,4,0,0,0,1,0,1,0,0,0,2026-08-19 20:00:40.818952+05:30
flipkart,BXRGRFMQVPRAX7QU,2025-09-01,1,5,0,0,0,0,1,1,0,0,0,2026-08-19 20:00:40.818952+05:30
flipkart,TSHHHJRA2XFF6ZBX,2026-07-15,1,5,0,0,0,0,1,1,0,0,0,2026-08-19 20:00:40.818952+05:30
flipkart,TSHGSUTA9ZWNC3QG,2026-03-01,2,7,0,1,0,0,1,1,1,0,0,2026-08-19 20:00:40.818952+05:30
flipkart,SRTGSYQGXBGUJYRQ,2026-07-01,2,9,0,0,0,1,1,2,0,0,0,2026-08-19 20:00:40.818952+05:30
flipkart,TSHHCHZPNH4VGSJA,2026-07-23,1,4,0,0,0,1,0,1,0,0,0,2026-08-19 20:00:40.818952+05:30
flipkart,VESFF2CGGBDCRHFC,2026-02-01,1,5,0,0,0,0,1,1,0,0,0,2026-08-19 20:00:40.818952+05:30
flipkart,TKPH8MTXFWZFBZYG,2026-06-01,3,11,1,0,0,0,2,2,1,0,0,2026-08-19 20:00:40.818952+05:30
flipkart,BXRHC6DY55BHVQQW,2026-07-10,1,1,1,0,0,0,0,0,1,0,0,2026-08-19 20:00:40.818952+05:30
flipkart,TKPH8MTJH5D4AHG6,2026-05-01,4,16,1,0,0,0,3,3,1,0,0,2026-08-19 20:00:40.818952+05:30
flipkart,TSHHCHZPAD7JCGRK,2025-09-01,2,8,0,0,1,0,1,1,0,1,0,2026-08-19 20:00:40.818952+05:30
flipkart,BXRHFQXCJSCCGJ6J,2026-07-09,1,4,0,0,0,1,0,1,0,0,0,2026-08-19 20:00:40.818952+05:30
flipkart,SRTGSYQGKNWEKJRC,2025-10-01,4,20,0,0,0,0,4,4,0,0,0,2026-08-19 20:00:40.818952+05:30
flipkart,TKPH2TTMZNKBVN52,2026-06-06,2,8,0,0,0,2,0,2,0,0,0,2026-08-19 20:00:40.818952+05:30
flipkart,TKPH2TTMVVEKXDX4,2026-07-10,1,1,1,0,0,0,0,0,1,0,0,2026-08-19 20:00:40.818952+05:30
flipkart,TSHHHJRARECBQRGY,2026-07-09,2,10,0,0,0,0,2,2,0,0,0,2026-08-19 20:00:40.818952+05:30
flipkart,TSHHCKSGABGZAHRG,2026-03-01,1,5,0,0,0,0,1,1,0,0,0,2026-08-19 20:00:40.818952+05:30
flipkart,BXRHC6DFCRBPKEPH,2026-06-01,8,28,1,1,2,1,3,4,2,2,0,2026-08-19 20:00:40.818952+05:30
flipkart,TSHHHJRA8ZMQMYHG,2026-07-07,1,5,0,0,0,0,1,1,0,0,0,2026-08-19 20:00:40.818952+05:30
flipkart,TSHHHJRA9WNSWQEP,2026-07-15,1,5,0,0,0,0,1,1,0,0,0,2026-08-19 20:00:40.818952+05:30
flipkart,TSHHCKSGWQKARXTR,2026-07-22,1,3,0,0,1,0,0,0,0,1,0,2026-08-19 20:00:40.818952+05:30
flipkart,BXRGZJCWSKK9RSYE,2026-08-02,1,1,1,0,0,0,0,0,1,0,0,2026-08-19 20:00:40.818952+05:30
flipkart,TSHHHJRAAHQGWZMX,2026-06-01,3,12,0,0,1,1,1,2,0,1,0,2026-08-19 20:00:40.818952+05:30
flipkart,BXRH2W5SSU8DYVH5,2025-09-01,2,8,0,0,1,0,1,1,0,1,0,2026-08-19 20:00:40.818952+05:30
flipkart,TKPH8MTXXNY2H39G,2026-04-01,4,10,2,0,1,0,1,1,2,1,0,2026-08-19 20:00:40.818952+05:30
flipkart,TSHHCHZPWEDWVFFP,2026-02-01,2,5,0,1,1,0,0,0,1,1,0,2026-08-19 20:00:40.818952+05:30
flipkart,TSHHHJRAJZ9W3CHJ,2026-04-01,1,1,1,0,0,0,0,0,1,0,0,2026-08-19 20:00:40.818952+05:30
flipkart,TKPGDC7BBFW3VUZP,2026-03-01,6,15,2,1,2,0,1,1,3,2,0,2026-08-19 20:00:40.818952+05:30
flipkart,FCKF66QFWW2WHSW8,2026-07-13,1,5,0,0,0,0,1,1,0,0,0,2026-08-19 20:00:40.818952+05:30
flipkart,TSHHCKSGPGYUQY9G,2026-08-03,1,1,1,0,0,0,0,0,1,0,0,2026-08-19 20:00:40.818952+05:30
flipkart,BXRGRFHNAHFPSTSB,2026-05-01,1,3,0,0,1,0,0,0,0,1,0,2026-08-19 20:00:40.818952+05:30
flipkart,TSHHG96E34GYMJQV,2026-04-01,3,10,0,0,2,1,0,1,0,2,0,2026-08-19 20:00:40.818952+05:30
flipkart,TKPH2TTMKRWF58QM,2026-07-01,2,8,0,0,0,2,0,2,0,0,0,2026-08-19 20:00:40.818952+05:30
flipkart,TSHHG96EU3QTAQYG,2025-11-01,4,20,0,0,0,0,4,4,0,0,0,2026-08-19 20:00:40.818952+05:30
flipkart,SRTGSYQGDJQ4FYCH,2025-12-01,2,9,0,0,0,1,1,2,0,0,0,2026-08-19 20:00:40.818952+05:30
flipkart,TKPGSYPCYGWJEACQ,2026-01-01,15,50,2,3,1,6,3,9,5,1,0,2026-08-19 20:00:40.818952+05:30
flipkart,BXRH2W5SSXWGWGSD,2026-03-01,1,5,0,0,0,0,1,1,0,0,0,2026-08-19 20:00:40.818952+05:30
flipkart,SRTGSYQGYYGHFF5Y,2026-07-07,1,5,0,0,0,0,1,1,0,0,0,2026-08-19 20:00:40.818952+05:30
flipkart,TSHHCKSGSZFNEFAY,2026-08-03,1,1,1,0,0,0,0,0,1,0,0,2026-08-19 20:00:40.818952+05:30
flipkart,TSHHHJRAZY3BXMSE,2026-07-01,10,42,0,1,2,1,6,7,1,2,0,2026-08-19 20:00:40.818952+05:30
flipkart,TSHHCHZP3TPCWQMM,2026-07-01,4,14,1,0,0,2,1,3,1,0,0,2026-08-19 20:00:40.818952+05:30
flipkart,TKPGDC7BNJTFHSJS,2025-11-01,28,115,3,0,2,9,14,23,3,2,0,2026-08-19 20:00:40.818952+05:30
flipkart,SRTHDH2JQHPS3UEG,2026-07-01,2,9,0,0,0,1,1,2,0,0,0,2026-08-19 20:00:40.818952+05:30
flipkart,BXRHFQXCH2ZZWNSU,2026-05-01,5,15,1,1,1,1,1,2,2,1,0,2026-08-19 20:00:40.818952+05:30
flipkart,SRTFFFUDBDKVKAHP,2026-02-01,1,4,0,0,0,1,0,1,0,0,0,2026-08-19 20:00:40.818952+05:30
flipkart,FCWF79DUH4K8UUYV,2026-03-01,1,5,0,0,0,0,1,1,0,0,0,2026-08-19 20:00:40.818952+05:30
flipkart,TSHHHJRARECBQRGY,2026-07-07,1,5,0,0,0,0,1,1,0,0,0,2026-08-19 20:00:40.818952+05:30
flipkart,SRTFEYC4J2SHRAFG,2025-11-01,5,23,0,0,0,2,3,5,0,0,0,2026-08-19 20:00:40.818952+05:30
flipkart,TSHHCKSGWNGKY7HH,2026-07-13,1,5,0,0,0,0,1,1,0,0,0,2026-08-19 20:00:40.818952+05:30
flipkart,TSHHCHZPYY2A6GA4,2026-06-30,1,5,0,0,0,0,1,1,0,0,0,2026-08-19 20:00:40.818952+05:30
flipkart,BXRGRFHNAHFPSTSB,2026-08-06,1,4,0,0,0,1,0,1,0,0,0,2026-08-19 20:00:40.818952+05:30
flipkart,BXRGRFHZGBUYPHVS,2026-02-01,3,11,0,0,2,0,1,1,0,2,0,2026-08-19 20:00:40.818952+05:30
flipkart,BXRH2W5SF88MYEM4,2026-06-07,1,1,1,0,0,0,0,0,1,0,0,2026-08-19 20:00:40.818952+05:30
flipkart,TKPGTHNYEEK6PNKC,2026-06-15,1,3,0,0,1,0,0,0,0,1,0,2026-08-19 20:00:40.818952+05:30
flipkart,TSHHCKSGPGYUQY9G,2026-07-29,1,5,0,0,0,0,1,1,0,0,0,2026-08-19 20:00:40.818952+05:30
flipkart,BXRGRFHZ8VB6UZR3,2026-06-01,1,3,0,0,1,0,0,0,0,1,0,2026-08-19 20:00:40.818952+05:30
flipkart,TKPH8MTXNRYV3DAZ,2026-01-01,15,50,2,3,1,6,3,9,5,1,0,2026-08-19 20:00:40.818952+05:30
flipkart,BXRHC6DYCZYBRFTQ,2026-07-23,1,5,0,0,0,0,1,1,0,0,0,2026-08-19 20:00:40.818952+05:30
flipkart,TKPGSYPCNTSBCUUV,2026-04-01,4,10,2,0,1,0,1,1,2,1,0,2026-08-19 20:00:40.818952+05:30
flipkart,VESGZ9YZBEAPYSSZ,2026-06-01,3,13,0,0,0,2,1,3,0,0,0,2026-08-19 20:00:40.818952+05:30
flipkart,TSHHHJRANNWPSFHF,2026-07-23,1,5,0,0,0,0,1,1,0,0,0,2026-08-19 20:00:40.818952+05:30
flipkart,SRTFEYC4J3YQFBHE,2026-07-07,1,5,0,0,0,0,1,1,0,0,0,2026-08-19 20:00:40.818952+05:30
flipkart,SNRGEHFWXXTCVDZM,2026-06-18,1,1,1,0,0,0,0,0,1,0,0,2026-08-19 20:00:40.818952+05:30
flipkart,TSHHCHZP8YHX8CBY,2026-06-01,4,19,0,0,0,1,3,4,0,0,0,2026-08-19 20:00:40.818952+05:30
flipkart,TSHHCHZPWEDWVFFP,2025-11-01,4,17,0,0,1,1,2,3,0,1,0,2026-08-19 20:00:40.818952+05:30
flipkart,TSHHCHZPVJAGWTTG,2026-07-29,1,5,0,0,0,0,1,1,0,0,0,2026-08-19 20:00:40.818952+05:30
flipkart,BXRGRFMQGMZFEGNJ,2026-07-24,1,5,0,0,0,0,1,1,0,0,0,2026-08-19 20:00:40.818952+05:30
flipkart,VESFF2CGWGGC88DT,2026-07-13,1,4,0,0,0,1,0,1,0,0,0,2026-08-19 20:00:40.818952+05:30
flipkart,TSHHHJRAWDVUHWBJ,2026-06-29,1,5,0,0,0,0,1,1,0,0,0,2026-08-19 20:00:40.818952+05:30
flipkart,SRTFFFUDSEGXM6WS,2026-02-01,1,4,0,0,0,1,0,1,0,0,0,2026-08-19 20:00:40.818952+05:30
flipkart,TRKFF2FN2FKEBC3S,2026-05-01,1,5,0,0,0,0,1,1,0,0,0,2026-08-19 20:00:40.818952+05:30
flipkart,SRTFFFUD8AZAJJDY,2026-03-01,2,6,0,1,0,1,0,1,1,0,0,2026-08-19 20:00:40.818952+05:30
flipkart,TKPG38GF3GZCVMU5,2025-11-01,29,113,2,3,4,7,13,20,5,4,0,2026-08-19 20:00:40.818952+05:30
flipkart,SNRE5FB4TUKHY9GR,2026-07-01,21,82,4,0,0,7,10,17,4,0,0,2026-08-19 20:00:40.818952+05:30
flipkart,PYJH2TWEDVHS27UH,2026-01-01,1,4,0,0,0,1,0,1,0,0,0,2026-08-19 20:00:40.818952+05:30
flipkart,TKPGSYPCXUARRUMY,2026-01-01,15,50,2,3,1,6,3,9,5,1,0,2026-08-19 20:00:40.818952+05:30
flipkart,FCKFAGAYGGYMEWQT,2026-07-29,1,4,0,0,0,1,0,1,0,0,0,2026-08-19 20:00:40.818952+05:30
flipkart,PANH46SHKWWM8EHK,2026-06-01,1,3,0,0,1,0,0,0,0,1,0,2026-08-19 20:00:40.818952+05:30
flipkart,SRTGSYQGYYGHFF5Y,2025-12-01,2,9,0,0,0,1,1,2,0,0,0,2026-08-19 20:00:40.818952+05:30
flipkart,BXRGRFHNSVU6JKXH,2026-01-01,2,6,0,0,2,0,0,0,0,2,0,2026-08-19 20:00:40.818952+05:30
flipkart,SRTFEYC4J3YQFBHE,2025-12-01,2,9,0,0,0,1,1,2,0,0,0,2026-08-19 20:00:40.818952+05:30
flipkart,BXRH2W5SSU8DYVH5,2026-03-01,1,5,0,0,0,0,1,1,0,0,0,2026-08-19 20:00:40.818952+05:30
flipkart,TSHHCKSGMZPHHWZG,2025-11-01,4,17,0,0,1,1,2,3,0,1,0,2026-08-19 20:00:40.818952+05:30
flipkart,BXRHC6DFVGF9D4WZ,2026-06-04,1,3,0,0,1,0,0,0,0,1,0,2026-08-19 20:00:40.818952+05:30
flipkart,TSHH8NR5R9KTDJQW,2026-08-08,1,1,1,0,0,0,0,0,1,0,0,2026-08-19 20:00:40.818952+05:30
flipkart,CSPH3ZXRKPFXNTEP,2026-04-01,1,1,1,0,0,0,0,0,1,0,0,2026-08-19 20:00:40.818952+05:30
flipkart,BXRGRFHZ6RH2KZWD,2026-07-08,1,1,1,0,0,0,0,0,1,0,0,2026-08-19 20:00:40.818952+05:30
flipkart,BXRGRFHZZKF8JG49,2026-07-15,1,4,0,0,0,1,0,1,0,0,0,2026-08-19 20:00:40.818952+05:30
flipkart,BXRHC6D3GGAB6HGP,2026-04-01,2,6,0,0,2,0,0,0,0,2,0,2026-08-19 20:00:40.818952+05:30
flipkart,FCKFB5ZZHWBSAG8N,2026-01-01,2,7,0,0,1,1,0,1,0,1,0,2026-08-19 20:00:40.818952+05:30
flipkart,SNRGEHFWXXTCVDZM,2026-07-21,1,3,0,0,1,0,0,0,0,1,0,2026-08-19 20:00:40.818952+05:30
flipkart,TSHHG96ENEZFGQGJ,2026-06-06,1,5,0,0,0,0,1,1,0,0,0,2026-08-19 20:00:40.818952+05:30
flipkart,BXRHC6DYCZYBRFTQ,2026-02-01,1,3,0,0,1,0,0,0,0,1,0,2026-08-19 20:00:40.818952+05:30
flipkart,FCKF66QFWW2WHSW8,2026-07-01,4,18,0,0,1,0,3,3,0,1,0,2026-08-19 20:00:40.818952+05:30
flipkart,TKPGDC7BGNQBZXHX,2026-07-31,1,4,0,0,0,1,0,1,0,0,0,2026-08-19 20:00:40.818952+05:30
flipkart,TSHHCHZP8YHX8CBY,2026-04-01,2,10,0,0,0,0,2,2,0,0,0,2026-08-19 20:00:40.818952+05:30
flipkart,TKPGDC7BNJTFHSJS,2026-07-31,1,4,0,0,0,1,0,1,0,0,0,2026-08-19 20:00:40.818952+05:30
flipkart,BXRHFQXCBDZZKBFW,2026-08-04,1,4,0,0,0,1,0,1,0,0,0,2026-08-19 20:00:40.818952+05:30
flipkart,TSHHHJRA9WNSWQEP,2026-07-01,14,62,0,1,2,1,10,11,1,2,0,2026-08-19 20:00:40.818952+05:30
flipkart,SRTHDH2JQHPS3UEG,2026-04-01,1,5,0,0,0,0,1,1,0,0,0,2026-08-19 20:00:40.818952+05:30
flipkart,TSHHCHZPNH4VGSJA,2025-10-01,10,29,4,1,0,2,3,5,5,0,0,2026-08-19 20:00:40.818952+05:30
flipkart,BXRH2W5SGPFYRGVV,2026-07-18,1,1,1,0,0,0,0,0,1,0,0,2026-08-19 20:00:40.818952+05:30
flipkart,BXRGRFHZECWSEYJZ,2026-05-01,1,3,0,0,1,0,0,0,0,1,0,2026-08-19 20:00:40.818952+05:30
flipkart,TSHHCKSGSP8GHBJG,2026-04-01,2,10,0,0,0,0,2,2,0,0,0,2026-08-19 20:00:40.818952+05:30
flipkart,TSHHHJRAVFNZGNFF,2026-07-07,1,5,0,0,0,0,1,1,0,0,0,2026-08-19 20:00:40.818952+05:30
flipkart,TKPHNDMEUGXYZARN,2026-07-15,1,4,0,0,0,1,0,1,0,0,0,2026-08-19 20:00:40.818952+05:30
flipkart,TSHHHJRA8ZMQMYHG,2026-07-20,1,4,0,0,0,1,0,1,0,0,0,2026-08-19 20:00:40.818952+05:30
flipkart,TSHHCKSG7PQRZGM2,2026-07-28,1,5,0,0,0,0,1,1,0,0,0,2026-08-19 20:00:40.818952+05:30
flipkart,SRTFFFUDJNHPTACS,2026-04-01,1,2,0,1,0,0,0,0,1,0,0,2026-08-19 20:00:40.818952+05:30
flipkart,TSHHCHZPVJAGWTTG,2026-07-28,1,5,0,0,0,0,1,1,0,0,0,2026-08-19 20:00:40.818952+05:30
flipkart,TSHGSUTA9ZWNC3QG,2026-07-09,1,5,0,0,0,0,1,1,0,0,0,2026-08-19 20:00:40.818952+05:30
flipkart,BXRHC6DFCRBPKEPH,2026-07-12,1,3,0,0,1,0,0,0,0,1,0,2026-08-19 20:00:40.818952+05:30
flipkart,VESGZ9YZAZKVADDR,2026-07-10,1,5,0,0,0,0,1,1,0,0,0,2026-08-19 20:00:40.818952+05:30
flipkart,TSHHCHZPFQEVEAQQ,2026-07-26,1,5,0,0,0,0,1,1,0,0,0,2026-08-19 20:00:40.818952+05:30
flipkart,TSHHCHZPHWHEZWQQ,2025-12-01,1,1,1,0,0,0,0,0,1,0,0,2026-08-19 20:00:40.818952+05:30
flipkart,BXRHC6DYVZD6TGQX,2026-06-01,8,28,1,1,2,1,3,4,2,2,0,2026-08-19 20:00:40.818952+05:30
flipkart,BXRGRFMQGMZFEGNJ,2026-07-27,1,4,0,0,0,1,0,1,0,0,0,2026-08-19 20:00:40.818952+05:30
flipkart,TSHH8NR5R9KTDJQW,2026-04-01,3,10,0,0,2,1,0,1,0,2,0,2026-08-19 20:00:40.818952+05:30
flipkart,SRTFFFUD8AZAJJDY,2025-11-01,3,14,0,0,0,1,2,3,0,0,0,2026-08-19 20:00:40.818952+05:30
flipkart,SRTHDH2JPJPQYYZA,2025-12-01,2,9,0,0,0,1,1,2,0,0,0,2026-08-19 20:00:40.818952+05:30
flipkart,TSHH8NR5R9KTDJQW,2026-06-06,1,5,0,0,0,0,1,1,0,0,0,2026-08-19 20:00:40.818952+05:30
flipkart,TKPGDC7BK9HTWTBG,2026-06-13,1,4,0,0,0,1,0,1,0,0,0,2026-08-19 20:00:40.818952+05:30
flipkart,TKPGSYPCSVEGZXTU,2026-07-01,4,15,1,0,0,1,2,3,1,0,0,2026-08-19 20:00:40.818952+05:30
flipkart,BXRGRFHZMPDXZWY7,2026-08-08,1,5,0,0,0,0,1,1,0,0,0,2026-08-19 20:00:40.818952+05:30
flipkart,BXRGZJCWRGRQZUPY,2026-06-22,1,5,0,0,0,0,1,1,0,0,0,2026-08-19 20:00:40.818952+05:30
flipkart,SRTH6AFXGZGAQBMS,2026-07-01,2,9,0,0,0,1,1,2,0,0,0,2026-08-19 20:00:40.818952+05:30
flipkart,TSHHCHZPVJAGWTTG,2025-10-01,10,29,4,1,0,2,3,5,5,0,0,2026-08-19 20:00:40.818952+05:30
flipkart,FCKFB5ZT3FMM3MHR,2026-07-07,1,5,0,0,0,0,1,1,0,0,0,2026-08-19 20:00:40.818952+05:30
flipkart,TKPGDC7BBFW3VUZP,2026-07-16,1,5,0,0,0,0,1,1,0,0,0,2026-08-19 20:00:40.818952+05:30
flipkart,TKPH8MTXFWZFBZYG,2026-01-01,15,50,2,3,1,6,3,9,5,1,0,2026-08-19 20:00:40.818952+05:30
flipkart,TSHHHJRA94PWAYGW,2026-02-01,1,5,0,0,0,0,1,1,0,0,0,2026-08-19 20:00:40.818952+05:30
flipkart,BXRHC6DYVZD6TGQX,2026-06-04,1,3,0,0,1,0,0,0,0,1,0,2026-08-19 20:00:40.818952+05:30
flipkart,BXRH2W5SMYCHTMF8,2025-10-01,4,16,1,0,0,0,3,3,1,0,0,2026-08-19 20:00:40.818952+05:30
flipkart,TKPGDC7BNJTFHSJS,2026-06-15,1,1,1,0,0,0,0,0,1,0,0,2026-08-19 20:00:40.818952+05:30
flipkart,BXRH2W5SWTEMKHPG,2026-04-01,1,2,0,1,0,0,0,0,1,0,0,2026-08-19 20:00:40.818952+05:30
flipkart,BXRHFQXCZDYKVXP4,2025-11-01,6,21,0,1,1,4,0,4,1,1,0,2026-08-19 20:00:40.818952+05:30
flipkart,TKPGDC7BDCGGH7FY,2025-11-01,3,12,0,0,1,1,1,2,0,1,0,2026-08-19 20:00:40.818952+05:30
flipkart,SNRE5FB4TUKHY9GR,2026-07-22,1,5,0,0,0,0,1,1,0,0,0,2026-08-19 20:00:40.818952+05:30
flipkart,SNRE5FB4TUKHY9GR,2026-07-27,1,2,0,1,0,0,0,0,1,0,0,2026-08-19 20:00:40.818952+05:30
flipkart,TKPHZTUBSKZYKYGY,2026-03-01,11,39,2,1,1,3,4,7,3,1,0,2026-08-19 20:00:40.818952+05:30
flipkart,TSHGSUTA8P6XKZWF,2026-08-09,1,5,0,0,0,0,1,1,0,0,0,2026-08-19 20:00:40.818952+05:30
flipkart,TSHHCHZPYY2A6GA4,2026-08-03,1,1,1,0,0,0,0,0,1,0,0,2026-08-19 20:00:40.818952+05:30
flipkart,TKPGSYXCFXPTHZBK,2026-06-01,3,11,1,0,0,0,2,2,1,0,0,2026-08-19 20:00:40.818952+05:30
flipkart,BXRHE4ERCEFXTENV,2026-06-21,1,1,1,0,0,0,0,0,1,0,0,2026-08-19 20:00:40.818952+05:30
flipkart,TKPGDC7BGNQBZXHX,2026-06-15,1,1,1,0,0,0,0,0,1,0,0,2026-08-19 20:00:40.818952+05:30
flipkart,TSHHCHZP3TPCWQMM,2025-12-01,1,1,1,0,0,0,0,0,1,0,0,2026-08-19 20:00:40.818952+05:30
flipkart,SRTFFFUDPECZJGJN,2025-11-01,3,14,0,0,0,1,2,3,0,0,0,2026-08-19 20:00:40.818952+05:30
flipkart,TSHHHJRAVFNZGNFF,2026-07-12,1,4,0,0,0,1,0,1,0,0,0,2026-08-19 20:00:40.818952+05:30
flipkart,TSHHHJRANNWPSFHF,2026-07-11,1,5,0,0,0,0,1,1,0,0,0,2026-08-19 20:00:40.818952+05:30
flipkart,TKPHNDMEDRQUYWHZ,2026-07-15,1,4,0,0,0,1,0,1,0,0,0,2026-08-19 20:00:40.818952+05:30
flipkart,SRTFFFUDS9Q4YWUA,2026-02-01,1,4,0,0,0,1,0,1,0,0,0,2026-08-19 20:00:40.818952+05:30
flipkart,BXRGZJCWFM47ZXAB,2026-03-01,4,17,0,0,1,1,2,3,0,1,0,2026-08-19 20:00:40.818952+05:30
flipkart,TKPGTHNYXKPURXZD,2026-02-01,1,5,0,0,0,0,1,1,0,0,0,2026-08-19 20:00:40.818952+05:30
flipkart,BXRGRFHZ6RH2KZWD,2026-07-01,4,13,1,0,1,1,1,2,1,1,0,2026-08-19 20:00:40.818952+05:30
flipkart,BXRHFQXCJSCCGJ6J,2026-06-09,1,1,1,0,0,0,0,0,1,0,0,2026-08-19 20:00:40.818952+05:30
flipkart,SRTGSYQGDJQ4FYCH,2026-04-01,1,5,0,0,0,0,1,1,0,0,0,2026-08-19 20:00:40.818952+05:30
flipkart,TKPGSYPCTDHAGPFB,2026-06-01,3,11,1,0,0,0,2,2,1,0,0,2026-08-19 20:00:40.818952+05:30
flipkart,SRTFFFUDS9Q4YWUA,2026-03-01,2,6,0,1,0,1,0,1,1,0,0,2026-08-19 20:00:40.818952+05:30
flipkart,BXRHC6DF2QGDY8VZ,2026-06-29,1,5,0,0,0,0,1,1,0,0,0,2026-08-19 20:00:40.818952+05:30
flipkart,BXRHC6DYCZYBRFTQ,2025-11-01,6,21,0,1,1,4,0,4,1,1,0,2026-08-19 20:00:40.818952+05:30
flipkart,BXRH2W5SSU8DYVH5,2025-10-01,4,16,1,0,0,0,3,3,1,0,0,2026-08-19 20:00:40.818952+05:30
flipkart,TSHHCKSG7PQRZGM2,2026-07-13,1,5,0,0,0,0,1,1,0,0,0,2026-08-19 20:00:40.818952+05:30
flipkart,FCKFB5ZT3FMM3MHR,2026-06-01,2,9,0,0,0,1,1,2,0,0,0,2026-08-19 20:00:40.818952+05:30
flipkart,TSHHG96EHUZMMCUX,2026-07-01,1,5,0,0,0,0,1,1,0,0,0,2026-08-19 20:00:40.818952+05:30
flipkart,SNRGEHFWXXTCVDZM,2026-02-01,14,61,2,0,0,1,11,12,2,0,0,2026-08-19 20:00:40.818952+05:30
flipkart,NSTH563KZBUBXDHN,2026-05-01,1,5,0,0,0,0,1,1,0,0,0,2026-08-19 20:00:40.818952+05:30
flipkart,BXRHFQXCH2ZZWNSU,2026-08-04,1,4,0,0,0,1,0,1,0,0,0,2026-08-19 20:00:40.818952+05:30
flipkart,BXRH2W5SJRAGFHXT,2026-07-18,1,1,1,0,0,0,0,0,1,0,0,2026-08-19 20:00:40.818952+05:30
flipkart,BXRGRFHZCVHHZTGY,2026-06-28,1,5,0,0,0,0,1,1,0,0,0,2026-08-19 20:00:40.818952+05:30
flipkart,TSHHCKSGSZFNEFAY,2026-06-01,4,19,0,0,0,1,3,4,0,0,0,2026-08-19 20:00:40.818952+05:30
flipkart,BXRGRFMQYHQS4BM7,2026-07-09,1,1,1,0,0,0,0,0,1,0,0,2026-08-19 20:00:40.818952+05:30
flipkart,TKPHZTUBTRJGZ4RZ,2026-07-01,4,18,0,0,1,0,3,3,0,1,0,2026-08-19 20:00:40.818952+05:30
flipkart,SRTHDH2JHYDY2ZF3,2026-04-01,1,5,0,0,0,0,1,1,0,0,0,2026-08-19 20:00:40.818952+05:30
flipkart,TKPHZTUBHDBYB4NZ,2026-07-30,1,2,0,1,0,0,0,0,1,0,0,2026-08-19 20:00:40.818952+05:30
flipkart,BXRGRFMQHQHQPFJZ,2026-07-24,1,5,0,0,0,0,1,1,0,0,0,2026-08-19 20:00:40.818952+05:30
flipkart,TSHHHJRA2XFF6ZBX,2026-07-01,14,62,0,1,2,1,10,11,1,2,0,2026-08-19 20:00:40.818952+05:30
flipkart,BXRHFS5FHHMGH7HH,2025-11-01,6,21,0,1,1,4,0,4,1,1,0,2026-08-19 20:00:40.818952+05:30
flipkart,SRTFFFUDEG5GPAZ3,2026-03-01,2,6,0,1,0,1,0,1,1,0,0,2026-08-19 20:00:40.818952+05:30
flipkart,BXRGRFHZECWSEYJZ,2026-08-06,1,4,0,0,0,1,0,1,0,0,0,2026-08-19 20:00:40.818952+05:30
flipkart,TSHHHJRAX9D5ZHGY,2026-04-01,1,1,1,0,0,0,0,0,1,0,0,2026-08-19 20:00:40.818952+05:30
flipkart,TSHHCKSGWNGKY7HH,2026-07-23,1,4,0,0,0,1,0,1,0,0,0,2026-08-19 20:00:40.818952+05:30
flipkart,BXRGRFHZE7HPWZVS,2026-07-08,1,1,1,0,0,0,0,0,1,0,0,2026-08-19 20:00:40.818952+05:30
flipkart,BXRHFQXCJSCCGJ6J,2026-07-23,1,5,0,0,0,0,1,1,0,0,0,2026-08-19 20:00:40.818952+05:30
flipkart,TSHGSUT86EGTBTMZ,2025-10-01,4,17,0,1,0,0,3,3,1,0,0,2026-08-19 20:00:40.818952+05:30
flipkart,TSHHCKSGWNGKY7HH,2025-10-01,10,29,4,1,0,2,3,5,5,0,0,2026-08-19 20:00:40.818952+05:30
flipkart,TSHGSUTBCYM82QFQ,2025-09-01,6,19,1,0,3,1,1,2,1,3,0,2026-08-19 20:00:40.818952+05:30
flipkart,SRTHDH2JQHPS3UEG,2025-10-01,4,20,0,0,0,0,4,4,0,0,0,2026-08-19 20:00:40.818952+05:30
flipkart,TSHHCKSG7PQRZGM2,2026-02-01,2,5,0,1,1,0,0,0,1,1,0,2026-08-19 20:00:40.818952+05:30
flipkart,SRTGSYQGKNWEKJRC,2026-07-07,1,5,0,0,0,0,1,1,0,0,0,2026-08-19 20:00:40.818952+05:30
flipkart,BXRGRFHZ8VB6UZR3,2026-07-20,1,1,1,0,0,0,0,0,1,0,0,2026-08-19 20:00:40.818952+05:30
flipkart,TSHHHJRA9WNSWQEP,2026-08-10,1,1,1,0,0,0,0,0,1,0,0,2026-08-19 20:00:40.818952+05:30
flipkart,TKPGDC7BHZZQKEX6,2026-03-01,6,15,2,1,2,0,1,1,3,2,0,2026-08-19 20:00:40.818952+05:30
flipkart,TKPGTHNYNZYPG9HH,2026-07-01,4,14,0,1,1,1,1,2,1,1,0,2026-08-19 20:00:40.818952+05:30
flipkart,TSHHCHZPYY2A6GA4,2026-04-01,2,10,0,0,0,0,2,2,0,0,0,2026-08-19 20:00:40.818952+05:30
flipkart,TSHHHJRAHXY4F7PK,2026-07-23,1,5,0,0,0,0,1,1,0,0,0,2026-08-19 20:00:40.818952+05:30
flipkart,TKPGTHNYWWCYXHFF,2025-12-01,1,2,0,1,0,0,0,0,1,0,0,2026-08-19 20:00:40.818952+05:30
flipkart,BXRHFQXCZDYKVXP4,2026-07-10,1,1,1,0,0,0,0,0,1,0,0,2026-08-19 20:00:40.818952+05:30
flipkart,PANH46SM5MWVTYHY,2026-05-01,1,4,0,0,0,1,0,1,0,0,0,2026-08-19 20:00:40.818952+05:30
flipkart,TKPHZTUBHDBYB4NZ,2026-07-10,1,5,0,0,0,0,1,1,0,0,0,2026-08-19 20:00:40.818952+05:30
flipkart,BXRH2W5SJRAGFHXT,2026-06-07,1,1,1,0,0,0,0,0,1,0,0,2026-08-19 20:00:40.818952+05:30
flipkart,SRTFFFUDVZFADD9P,2025-09-01,2,10,0,0,0,0,2,2,0,0,0,2026-08-19 20:00:40.818952+05:30
flipkart,BXRHFQXCJFMZ8ZPC,2026-02-01,1,3,0,0,1,0,0,0,0,1,0,2026-08-19 20:00:40.818952+05:30
flipkart,VESGZ9YZ8ZBYGVDX,2026-07-10,1,5,0,0,0,0,1,1,0,0,0,2026-08-19 20:00:40.818952+05:30
flipkart,TSHHCHZP3J5ZFRU7,2026-03-01,2,8,0,0,1,0,1,1,0,1,0,2026-08-19 20:00:40.818952+05:30
flipkart,TSHHZ7ZJV86NSFQZ,2026-07-01,1,1,1,0,0,0,0,0,1,0,0,2026-08-19 20:00:40.818952+05:30
flipkart,BXRHFQXCJFMZ8ZPC,2026-07-09,1,4,0,0,0,1,0,1,0,0,0,2026-08-19 20:00:40.818952+05:30
flipkart,BXRH2W5SKAPWZYHQ,2026-04-01,1,2,0,1,0,0,0,0,1,0,0,2026-08-19 20:00:40.818952+05:30
flipkart,TSHGSUTBY85HUUTX,2025-09-01,6,19,1,0,3,1,1,2,1,3,0,2026-08-19 20:00:40.818952+05:30
flipkart,TKPH8MTXDBUUNCZ6,2026-06-15,1,1,1,0,0,0,0,0,1,0,0,2026-08-19 20:00:40.818952+05:30
flipkart,TKPH8MTXDBUUNCZ6,2026-06-13,1,4,0,0,0,1,0,1,0,0,0,2026-08-19 20:00:40.818952+05:30
flipkart,BXRGRFHZCVHHZTGY,2026-01-01,2,6,0,0,2,0,0,0,0,2,0,2026-08-19 20:00:40.818952+05:30
flipkart,PYJH2TWEUG3HEKYA,2026-05-01,1,3,0,0,1,0,0,0,0,1,0,2026-08-19 20:00:40.818952+05:30
flipkart,TSHHHJRA8C7ZXDW3,2026-06-15,1,5,0,0,0,0,1,1,0,0,0,2026-08-19 20:00:40.818952+05:30
flipkart,BXRH2W5SGFUP77YP,2025-09-01,2,8,0,0,1,0,1,1,0,1,0,2026-08-19 20:00:40.818952+05:30
flipkart,TSHHCHZP8YHX8CBY,2026-07-23,1,4,0,0,0,1,0,1,0,0,0,2026-08-19 20:00:40.818952+05:30
flipkart,TKPGTHNYQFUTTFVA,2026-06-15,1,3,0,0,1,0,0,0,0,1,0,2026-08-19 20:00:40.818952+05:30
flipkart,TSHHHJRAJZ9W3CHJ,2026-07-25,2,8,0,0,0,2,0,2,0,0,0,2026-08-19 20:00:40.818952+05:30
flipkart,TSHHCHZP3TPCWQMM,2026-04-01,2,10,0,0,0,0,2,2,0,0,0,2026-08-19 20:00:40.818952+05:30
flipkart,TSHHHJRA94PWAYGW,2026-07-24,4,18,0,0,0,2,2,4,0,0,0,2026-08-19 20:00:40.818952+05:30
flipkart,BXRGRFHZMPDXZWY7,2026-07-21,1,5,0,0,0,0,1,1,0,0,0,2026-08-19 20:00:40.818952+05:30
flipkart,TSHHCKSGDRPZGMHU,2025-09-01,2,8,0,0,1,0,1,1,0,1,0,2026-08-19 20:00:40.818952+05:30
flipkart,TSHHHJRAX9D5ZHGY,2026-07-07,1,5,0,0,0,0,1,1,0,0,0,2026-08-19 20:00:40.818952+05:30
flipkart,SRTFEYC4J3YQFBHE,2026-01-01,2,10,0,0,0,0,2,2,0,0,0,2026-08-19 20:00:40.818952+05:30
flipkart,TKPGFQNDGFD8NKG6,2026-06-14,1,1,1,0,0,0,0,0,1,0,0,2026-08-19 20:00:40.818952+05:30
flipkart,BXRHC6DYCZYBRFTQ,2026-07-24,1,5,0,0,0,0,1,1,0,0,0,2026-08-19 20:00:40.818952+05:30
flipkart,TSHHHJRANNWPSFHF,2026-06-01,2,7,0,0,1,1,0,1,0,1,0,2026-08-19 20:00:40.818952+05:30
flipkart,TKPG38GFGWZYHEA9,2025-12-01,13,45,3,0,2,4,4,8,3,2,0,2026-08-19 20:00:40.818952+05:30
flipkart,TKPHZTUBHDBYB4NZ,2026-07-01,4,18,0,0,1,0,3,3,0,1,0,2026-08-19 20:00:40.818952+05:30
flipkart,BXRGRFHZNQNZARUM,2026-08-08,1,5,0,0,0,0,1,1,0,0,0,2026-08-19 20:00:40.818952+05:30
flipkart,TKPGDC7BBFW3VUZP,2026-01-01,15,50,2,3,1,6,3,9,5,1,0,2026-08-19 20:00:40.818952+05:30
flipkart,TSHHCHZPFQEVEAQQ,2026-07-23,1,4,0,0,0,1,0,1,0,0,0,2026-08-19 20:00:40.818952+05:30
flipkart,VESFF2CGNYVNPPMT,2026-07-06,1,5,0,0,0,0,1,1,0,0,0,2026-08-19 20:00:40.818952+05:30
flipkart,TSHHG96EU3QTAQYG,2025-10-01,4,17,0,1,0,0,3,3,1,0,0,2026-08-19 20:00:40.818952+05:30
flipkart,TSHGSUTCHG9ZSYHF,2026-06-01,2,7,0,1,0,0,1,1,1,0,0,2026-08-19 20:00:40.818952+05:30
flipkart,BXRHC6DY55BHVQQW,2026-06-01,7,27,0,1,2,1,3,4,1,2,0,2026-08-19 20:00:40.818952+05:30
flipkart,TSHH8NRFTVJZF7DW,2025-11-01,4,20,0,0,0,0,4,4,0,0,0,2026-08-19 20:00:40.818952+05:30
flipkart,VESGFCUGNPHDVFG5,2026-07-23,1,5,0,0,0,0,1,1,0,0,0,2026-08-19 20:00:40.818952+05:30
flipkart,BXRGZJCWSKK9RSYE,2026-01-01,1,5,0,0,0,0,1,1,0,0,0,2026-08-19 20:00:40.818952+05:30
flipkart,TSHHCKSGWNGKY7HH,2026-07-22,1,3,0,0,1,0,0,0,0,1,0,2026-08-19 20:00:40.818952+05:30
flipkart,TSHGSUT86EGTBTMZ,2026-07-09,1,5,0,0,0,0,1,1,0,0,0,2026-08-19 20:00:40.818952+05:30
flipkart,SRTFEYC4J2SHRAFG,2026-01-01,2,10,0,0,0,0,2,2,0,0,0,2026-08-19 20:00:40.818952+05:30
flipkart,TKPGDC7BUCQHMG9X,2026-04-01,1,3,0,0,1,0,0,0,0,1,0,2026-08-19 20:00:40.818952+05:30
flipkart,SRTFFFUDEG5GPAZ3,2025-11-01,3,14,0,0,0,1,2,3,0,0,0,2026-08-19 20:00:40.818952+05:30
flipkart,SRTHDH2JPJPQYYZA,2026-07-14,1,5,0,0,0,0,1,1,0,0,0,2026-08-19 20:00:40.818952+05:30
flipkart,TKPGSYPCYGWJEACQ,2026-04-01,4,10,2,0,1,0,1,1,2,1,0,2026-08-19 20:00:40.818952+05:30
flipkart,TSHHG96E34GYMJQV,2025-10-01,4,17,0,1,0,0,3,3,1,0,0,2026-08-19 20:00:40.818952+05:30
flipkart,TSHH8NU8EHCFHZB9,2026-06-05,1,5,0,0,0,0,1,1,0,0,0,2026-08-19 20:00:40.818952+05:30
flipkart,BXRGRFHZDKCCHGCH,2026-07-15,1,4,0,0,0,1,0,1,0,0,0,2026-08-19 20:00:40.818952+05:30
flipkart,SRTGSYQGXBGUJYRQ,2026-07-23,1,5,0,0,0,0,1,1,0,0,0,2026-08-19 20:00:40.818952+05:30
flipkart,BXRH2W5SZQ2NVMUV,2026-07-01,2,6,1,0,0,0,1,1,1,0,0,2026-08-19 20:00:40.818952+05:30
flipkart,TSHHCKSGSZFNEFAY,2026-06-30,1,5,0,0,0,0,1,1,0,0,0,2026-08-19 20:00:40.818952+05:30
flipkart,TSHHCKSGFXPPK5GV,2026-06-01,4,19,0,0,0,1,3,4,0,0,0,2026-08-19 20:00:40.818952+05:30
flipkart,VESFF2CGAF9RGFHX,2026-07-09,1,5,0,0,0,0,1,1,0,0,0,2026-08-19 20:00:40.818952+05:30
flipkart,TKPHNDME8JZ2G9CB,2026-07-13,1,2,0,1,0,0,0,0,1,0,0,2026-08-19 20:00:40.818952+05:30
flipkart,BXRGZJCWTRB2DDZH,2026-06-22,1,5,0,0,0,0,1,1,0,0,0,2026-08-19 20:00:40.818952+05:30
flipkart,SRTHDH2JPJPQYYZA,2025-11-01,5,23,0,0,0,2,3,5,0,0,0,2026-08-19 20:00:40.818952+05:30
flipkart,TSHGSUTBY85HUUTX,2026-05-01,5,17,2,0,0,0,3,3,2,0,0,2026-08-19 20:00:40.818952+05:30
flipkart,TSHHCHZPCTKYBK4A,2026-03-01,1,5,0,0,0,0,1,1,0,0,0,2026-08-19 20:00:40.818952+05:30
flipkart,TSHHHJRAWDVUHWBJ,2026-06-17,1,2,0,1,0,0,0,0,1,0,0,2026-08-19 20:00:40.818952+05:30
flipkart,TSHHCKSGU77X4FDT,2026-07-25,1,5,0,0,0,0,1,1,0,0,0,2026-08-19 20:00:40.818952+05:30
flipkart,BXRGRFHZCXZP6VP8,2026-07-21,1,5,0,0,0,0,1,1,0,0,0,2026-08-19 20:00:40.818952+05:30
flipkart,TSHHHJRATVMXGFAG,2026-07-01,10,42,0,1,2,1,6,7,1,2,0,2026-08-19 20:00:40.818952+05:30
flipkart,TKPGFQNDGFD8NKG6,2026-06-01,22,90,2,2,1,4,13,17,4,1,0,2026-08-19 20:00:40.818952+05:30
flipkart,TSHHHGZVGKYX7YXD,2026-07-10,1,5,0,0,0,0,1,1,0,0,0,2026-08-19 20:00:40.818952+05:30
flipkart,TSHHHJRARG5VGWZC,2026-07-25,2,8,0,0,0,2,0,2,0,0,0,2026-08-19 20:00:40.818952+05:30
flipkart,SRTFFFUDBDKVKAHP,2026-06-01,1,5,0,0,0,0,1,1,0,0,0,2026-08-19 20:00:40.818952+05:30
flipkart,TSHHCKSGAHZZHBTY,2026-08-03,1,1,1,0,0,0,0,0,1,0,0,2026-08-19 20:00:40.818952+05:30
flipkart,SRTHDH2JQHPS3UEG,2026-07-23,1,5,0,0,0,0,1,1,0,0,0,2026-08-19 20:00:40.818952+05:30
flipkart,TSHHG96EU3QTAQYG,2026-08-08,1,1,1,0,0,0,0,0,1,0,0,2026-08-19 20:00:40.818952+05:30
flipkart,TSHHG96EHUZMMCUX,2026-06-01,2,7,0,1,0,0,1,1,1,0,0,2026-08-19 20:00:40.818952+05:30
flipkart,TSHHHJRA9WNSWQEP,2026-04-01,1,1,1,0,0,0,0,0,1,0,0,2026-08-19 20:00:40.818952+05:30
flipkart,BXRGRFMQYHQS4BM7,2026-07-27,1,4,0,0,0,1,0,1,0,0,0,2026-08-19 20:00:40.818952+05:30
flipkart,BXRGRFMQHGNKWPEY,2026-07-27,1,4,0,0,0,1,0,1,0,0,0,2026-08-19 20:00:40.818952+05:30
flipkart,SRTHDH2JPJPQYYZA,2026-07-07,1,5,0,0,0,0,1,1,0,0,0,2026-08-19 20:00:40.818952+05:30
flipkart,TKPGDC7BNJTFHSJS,2025-10-01,17,65,4,1,0,1,11,12,5,0,0,2026-08-19 20:00:40.818952+05:30
flipkart,TSHGSUTBCYM82QFQ,2026-05-01,5,17,2,0,0,0,3,3,2,0,0,2026-08-19 20:00:40.818952+05:30
flipkart,TKPGTHNYTRFUBCGM,2026-06-20,1,2,0,1,0,0,0,0,1,0,0,2026-08-19 20:00:40.818952+05:30
flipkart,TKPGDC7BHZZQKEX6,2025-09-01,7,33,0,0,0,2,5,7,0,0,0,2026-08-19 20:00:40.818952+05:30
flipkart,TKPGFQNDRFKAVNYZ,2026-06-01,22,90,2,2,1,4,13,17,4,1,0,2026-08-19 20:00:40.818952+05:30
flipkart,VESFF2CGKSVEYRMF,2026-06-01,1,5,0,0,0,0,1,1,0,0,0,2026-08-19 20:00:40.818952+05:30
flipkart,BXRGRFHZ6RH2KZWD,2025-11-01,3,12,0,0,1,1,1,2,0,1,0,2026-08-19 20:00:40.818952+05:30
flipkart,TSHGSUTA8P6XKZWF,2026-06-01,4,17,0,1,0,0,3,3,1,0,0,2026-08-19 20:00:40.818952+05:30
flipkart,SRTFFFUDGCPVKPJS,2025-09-01,2,10,0,0,0,0,2,2,0,0,0,2026-08-19 20:00:40.818952+05:30
flipkart,TSHHHJRAX9D5ZHGY,2026-07-16,1,5,0,0,0,0,1,1,0,0,0,2026-08-19 20:00:40.818952+05:30
flipkart,TSHGSUTA8P6XKZWF,2026-06-05,1,5,0,0,0,0,1,1,0,0,0,2026-08-19 20:00:40.818952+05:30
flipkart,SNRGEHFWXXTCVDZM,2026-06-20,1,5,0,0,0,0,1,1,0,0,0,2026-08-19 20:00:40.818952+05:30
flipkart,VESHCN7CGSWYVEAZ,2026-03-01,1,4,0,0,0,1,0,1,0,0,0,2026-08-19 20:00:40.818952+05:30
flipkart,TSHHCKSGFXPPK5GV,2026-06-29,1,1,1,0,0,0,0,0,1,0,0,2026-08-19 20:00:40.818952+05:30
flipkart,TSHHCKTJJ2ZCVEGH,2025-10-01,1,5,0,0,0,0,1,1,0,0,0,2026-08-19 20:00:40.818952+05:30
flipkart,BXRGZJCWYYCZQ9PZ,2025-09-01,20,58,7,2,2,4,5,9,9,2,0,2026-08-19 20:00:40.818952+05:30
flipkart,FCKG75WBJHTKREB8,2026-01-01,1,5,0,0,0,0,1,1,0,0,0,2026-08-19 20:00:40.818952+05:30
flipkart,TKPGDC7BHZZQKEX6,2026-06-13,1,4,0,0,0,1,0,1,0,0,0,2026-08-19 20:00:40.818952+05:30
flipkart,BXRH2W5SSU8DYVH5,2026-07-26,1,5,0,0,0,0,1,1,0,0,0,2026-08-19 20:00:40.818952+05:30
flipkart,TSHHHJRA8C7ZXDW3,2026-07-24,4,18,0,0,0,2,2,4,0,0,0,2026-08-19 20:00:40.818952+05:30
flipkart,BXRGRFMQYKUB9K5S,2026-07-01,4,13,1,0,1,1,1,2,1,1,0,2026-08-19 20:00:40.818952+05:30
flipkart,BXRHFS5FHHMGH7HH,2026-06-28,1,4,0,0,0,1,0,1,0,0,0,2026-08-19 20:00:40.818952+05:30
flipkart,BXRGRFHZCVHHZTGY,2026-07-21,1,5,0,0,0,0,1,1,0,0,0,2026-08-19 20:00:40.818952+05:30
flipkart,BXRH2W5SGPFYRGVV,2026-07-29,1,1,1,0,0,0,0,0,1,0,0,2026-08-19 20:00:40.818952+05:30
flipkart,BXRHC6DYVZD6TGQX,2025-12-01,3,14,0,0,0,1,2,3,0,0,0,2026-08-19 20:00:40.818952+05:30
flipkart,TSHHCHZPYY2A6GA4,2025-09-01,2,8,0,0,1,0,1,1,0,1,0,2026-08-19 20:00:40.818952+05:30
flipkart,BXRGRFHZE7HPWZVS,2026-05-01,1,3,0,0,1,0,0,0,0,1,0,2026-08-19 20:00:40.818952+05:30
flipkart,SNRE5FB4TUKHY9GR,2026-07-31,1,2,0,1,0,0,0,0,1,0,0,2026-08-19 20:00:40.818952+05:30
flipkart,TSHHCKSGWQKARXTR,2026-05-01,5,25,0,0,0,0,5,5,0,0,0,2026-08-19 20:00:40.818952+05:30
flipkart,TSHGSUT9HEHTJVKA,2025-11-01,4,20,0,0,0,0,4,4,0,0,0,2026-08-19 20:00:40.818952+05:30
flipkart,FCKF3RF9ZJ5BEHGD,2026-02-01,1,3,0,0,1,0,0,0,0,1,0,2026-08-19 20:00:40.818952+05:30
flipkart,BXRGRFHNAHFPSTSB,2025-09-01,1,5,0,0,0,0,1,1,0,0,0,2026-08-19 20:00:40.818952+05:30
flipkart,TSHHCKSGWQKARXTR,2026-07-25,1,5,0,0,0,0,1,1,0,0,0,2026-08-19 20:00:40.818952+05:30
flipkart,SRTHDH2JESGPPG8F,2026-04-01,1,5,0,0,0,0,1,1,0,0,0,2026-08-19 20:00:40.818952+05:30
flipkart,TSHH8NRFTVJZF7DW,2025-10-01,4,17,0,1,0,0,3,3,1,0,0,2026-08-19 20:00:40.818952+05:30
flipkart,BXRGRFMQHGNKWPEY,2026-05-01,1,3,0,0,1,0,0,0,0,1,0,2026-08-19 20:00:40.818952+05:30
flipkart,TSHHCKSGYZBSAB3B,2026-07-01,4,14,1,0,0,2,1,3,1,0,0,2026-08-19 20:00:40.818952+05:30
flipkart,TSHHCKSGFXPPK5GV,2026-07-13,1,5,0,0,0,0,1,1,0,0,0,2026-08-19 20:00:40.818952+05:30
flipkart,TKPG38GF3GZCVMU5,2026-04-01,3,9,0,1,1,1,0,1,1,1,0,2026-08-19 20:00:40.818952+05:30
flipkart,TSHHHJRAHXY4F7PK,2026-07-20,1,4,0,0,0,1,0,1,0,0,0,2026-08-19 20:00:40.818952+05:30
flipkart,TSHHCKSGPGYUQY9G,2025-12-01,1,1,1,0,0,0,0,0,1,0,0,2026-08-19 20:00:40.818952+05:30
flipkart,TSHHCKSGFXPPK5GV,2026-07-18,1,5,0,0,0,0,1,1,0,0,0,2026-08-19 20:00:40.818952+05:30
flipkart,SRTGSYQGXBGUJYRQ,2026-01-01,2,10,0,0,0,0,2,2,0,0,0,2026-08-19 20:00:40.818952+05:30
flipkart,SRTHDH2JU8TN9A2F,2025-10-01,4,20,0,0,0,0,4,4,0,0,0,2026-08-19 20:00:40.818952+05:30
flipkart,TKPGDC7BBFW3VUZP,2026-06-15,1,1,1,0,0,0,0,0,1,0,0,2026-08-19 20:00:40.818952+05:30
flipkart,TSHHCKSGU77X4FDT,2026-07-14,1,5,0,0,0,0,1,1,0,0,0,2026-08-19 20:00:40.818952+05:30
flipkart,TKPH2TTMKRWF58QM,2026-06-06,2,8,0,0,0,2,0,2,0,0,0,2026-08-19 20:00:40.818952+05:30
flipkart,TKPH2TTMJCBF8R3M,2026-01-01,2,7,0,0,1,1,0,1,0,1,0,2026-08-19 20:00:40.818952+05:30
flipkart,PANH46SJBFBCEPZV,2026-06-01,1,3,0,0,1,0,0,0,0,1,0,2026-08-19 20:00:40.818952+05:30
flipkart,FCKG75WBGNBBTM4Z,2026-06-25,2,8,0,0,1,0,1,1,0,1,0,2026-08-19 20:00:40.818952+05:30
flipkart,BXRGRFHNAHFPSTSB,2026-08-07,1,1,1,0,0,0,0,0,1,0,0,2026-08-19 20:00:40.818952+05:30
flipkart,SRTFFFUD8AZAJJDY,2026-04-01,1,2,0,1,0,0,0,0,1,0,0,2026-08-19 20:00:40.818952+05:30
flipkart,TKPH2TTM8RYBXMGR,2026-02-01,1,3,0,0,1,0,0,0,0,1,0,2026-08-19 20:00:40.818952+05:30
flipkart,TSHHCKSGSP8GHBJG,2026-07-26,1,5,0,0,0,0,1,1,0,0,0,2026-08-19 20:00:40.818952+05:30
flipkart,PANH46SM5MWVTYHY,2025-11-01,2,6,1,0,0,0,1,1,1,0,0,2026-08-19 20:00:40.818952+05:30
flipkart,FCKFB5ZT3FMM3MHR,2026-07-11,1,5,0,0,0,0,1,1,0,0,0,2026-08-19 20:00:40.818952+05:30
flipkart,TSHHCHZPFQEVEAQQ,2025-12-01,1,1,1,0,0,0,0,0,1,0,0,2026-08-19 20:00:40.818952+05:30
flipkart,BXRGZJCWYYCZQ9PZ,2026-07-01,1,5,0,0,0,0,1,1,0,0,0,2026-08-19 20:00:40.818952+05:30
flipkart,BXRHFQXCJFMZ8ZPC,2026-01-01,5,22,0,0,1,1,3,4,0,1,0,2026-08-19 20:00:40.818952+05:30
flipkart,BXRHC6DY55BHVQQW,2025-11-01,6,21,0,1,1,4,0,4,1,1,0,2026-08-19 20:00:40.818952+05:30
flipkart,BRFFFFSV3HYFVG3K,2026-07-01,1,1,1,0,0,0,0,0,1,0,0,2026-08-19 20:00:40.818952+05:30
flipkart,TSHHCHZPVJAGWTTG,2026-06-01,4,19,0,0,0,1,3,4,0,0,0,2026-08-19 20:00:40.818952+05:30
flipkart,VESFF2CGSGYWRGZS,2026-07-29,1,5,0,0,0,0,1,1,0,0,0,2026-08-19 20:00:40.818952+05:30
flipkart,TSHHHJRA9WNSWQEP,2026-07-09,2,10,0,0,0,0,2,2,0,0,0,2026-08-19 20:00:40.818952+05:30
flipkart,TSHHG96EEHFKFUXY,2026-01-01,4,14,1,0,1,0,2,2,1,1,0,2026-08-19 20:00:40.818952+05:30
flipkart,TSHHCKSGSP8GHBJG,2025-12-01,1,1,1,0,0,0,0,0,1,0,0,2026-08-19 20:00:40.818952+05:30
flipkart,BXRGRFMQXVGVCHTX,2026-08-07,1,1,1,0,0,0,0,0,1,0,0,2026-08-19 20:00:40.818952+05:30
flipkart,TSHHCKSGSZFNEFAY,2026-02-01,2,5,0,1,1,0,0,0,1,1,0,2026-08-19 20:00:40.818952+05:30
flipkart,TKPH2TTMVVEKXDX4,2025-09-01,3,4,2,1,0,0,0,0,3,0,0,2026-08-19 20:00:40.818952+05:30
flipkart,TKPGDC7BDCGGH7FY,2025-10-01,2,6,0,1,0,1,0,1,1,0,0,2026-08-19 20:00:40.818952+05:30
flipkart,TKPH5URAWVHYBZHU,2026-03-01,11,39,2,1,1,3,4,7,3,1,0,2026-08-19 20:00:40.818952+05:30
flipkart,TKPH8GGB6GETHQEB,2026-06-01,2,4,1,0,1,0,0,0,1,1,0,2026-08-19 20:00:40.818952+05:30
flipkart,TSHH8NR5R9KTDJQW,2026-07-12,1,5,0,0,0,0,1,1,0,0,0,2026-08-19 20:00:40.818952+05:30
flipkart,TKPGTHNYFGUCTHDE,2026-07-01,4,14,0,1,1,1,1,2,1,1,0,2026-08-19 20:00:40.818952+05:30
flipkart,TSHHHGZVGKYX7YXD,2026-07-01,2,9,0,0,0,1,1,2,0,0,0,2026-08-19 20:00:40.818952+05:30
flipkart,VESFF2CG6GR7HHYN,2026-06-01,1,5,0,0,0,0,1,1,0,0,0,2026-08-19 20:00:40.818952+05:30
flipkart,TKPGDC7BK9HTWTBG,2025-11-01,28,115,3,0,2,9,14,23,3,2,0,2026-08-19 20:00:40.818952+05:30
flipkart,TNRFA6WAZWA2KJHM,2026-02-01,2,7,0,1,0,0,1,1,1,0,0,2026-08-19 20:00:40.818952+05:30
flipkart,SRTHDH2JGFCMMGZK,2025-12-01,2,9,0,0,0,1,1,2,0,0,0,2026-08-19 20:00:40.818952+05:30
flipkart,VESGZ9YZZHNDTRCP,2026-04-01,1,5,0,0,0,0,1,1,0,0,0,2026-08-19 20:00:40.818952+05:30
flipkart,TKPGSYPCNTSBCUUV,2026-02-01,8,30,1,1,1,1,4,5,2,1,0,2026-08-19 20:00:40.818952+05:30
flipkart,BXRGRFHZ6RH2KZWD,2026-05-01,1,3,0,0,1,0,0,0,0,1,0,2026-08-19 20:00:40.818952+05:30
flipkart,VESGZ9YZBEAPYSSZ,2026-04-01,1,5,0,0,0,0,1,1,0,0,0,2026-08-19 20:00:40.818952+05:30
flipkart,SRTFFFUDBDKVKAHP,2026-03-01,2,6,0,1,0,1,0,1,1,0,0,2026-08-19 20:00:40.818952+05:30
flipkart,SRTHDH2JHYDY2ZF3,2026-06-29,1,4,0,0,0,1,0,1,0,0,0,2026-08-19 20:00:40.818952+05:30
flipkart,BXRHFQXCH2ZZWNSU,2025-10-01,3,10,1,0,0,1,1,2,1,0,0,2026-08-19 20:00:40.818952+05:30
flipkart,BXRGRFHZCVHHZTGY,2026-08-07,1,1,1,0,0,0,0,0,1,0,0,2026-08-19 20:00:40.818952+05:30
flipkart,VESFF2CGMYFFEPSE,2026-06-01,1,5,0,0,0,0,1,1,0,0,0,2026-08-19 20:00:40.818952+05:30
flipkart,TSHHCHZPQHS2MJAG,2026-04-01,2,10,0,0,0,0,2,2,0,0,0,2026-08-19 20:00:40.818952+05:30
flipkart,TSHHCKSGFXPPK5GV,2026-05-01,5,25,0,0,0,0,5,5,0,0,0,2026-08-19 20:00:40.818952+05:30
flipkart,TKPGDC7BDCGGH7FY,2026-05-01,1,3,0,0,1,0,0,0,0,1,0,2026-08-19 20:00:40.818952+05:30
flipkart,TSHHHJRA8ZMQMYHG,2026-06-17,1,2,0,1,0,0,0,0,1,0,0,2026-08-19 20:00:40.818952+05:30
flipkart,TKPGSYPCXUARRUMY,2026-07-14,1,5,0,0,0,0,1,1,0,0,0,2026-08-19 20:00:40.818952+05:30
flipkart,TSHHCKTJKRDHZM2G,2026-04-01,1,4,0,0,0,1,0,1,0,0,0,2026-08-19 20:00:40.818952+05:30
flipkart,SRTFFFUDKHADW5AT,2025-12-01,1,5,0,0,0,0,1,1,0,0,0,2026-08-19 20:00:40.818952+05:30
flipkart,TKPGFQNDRFKAVNYZ,2026-06-10,1,2,0,1,0,0,0,0,1,0,0,2026-08-19 20:00:40.818952+05:30
flipkart,SOCH7KSZXDZQHQGG,2025-11-01,1,5,0,0,0,0,1,1,0,0,0,2026-08-19 20:00:40.818952+05:30
flipkart,TSHHCKSGAHZZHBTY,2026-08-01,1,2,0,1,0,0,0,0,1,0,0,2026-08-19 20:00:40.818952+05:30
flipkart,TKPH2TTMJCBF8R3M,2025-10-01,9,27,3,1,0,3,2,5,4,0,0,2026-08-19 20:00:40.818952+05:30
flipkart,TKPGSYPCNTSBCUUV,2026-06-15,1,1,1,0,0,0,0,0,1,0,0,2026-08-19 20:00:40.818952+05:30
flipkart,VESFF2CGJ7EZRDGF,2026-06-01,1,5,0,0,0,0,1,1,0,0,0,2026-08-19 20:00:40.818952+05:30
flipkart,TKPH2TTM8RYBXMGR,2025-10-01,5,19,0,1,1,1,2,3,1,1,0,2026-08-19 20:00:40.818952+05:30
flipkart,TSHHG96EEHFKFUXY,2026-08-08,1,1,1,0,0,0,0,0,1,0,0,2026-08-19 20:00:40.818952+05:30
flipkart,TSHGSUTBY85HUUTX,2026-02-01,3,7,2,0,0,0,1,1,2,0,0,2026-08-19 20:00:40.818952+05:30
flipkart,TKPH2TTMWTFQDUWH,2026-07-16,1,5,0,0,0,0,1,1,0,0,0,2026-08-19 20:00:40.818952+05:30
flipkart,TKPGSYPCX6HYRTNN,2026-04-01,4,10,2,0,1,0,1,1,2,1,0,2026-08-19 20:00:40.818952+05:30
flipkart,TKPGTHNYEEK6PNKC,2025-11-01,1,4,0,0,0,1,0,1,0,0,0,2026-08-19 20:00:40.818952+05:30
flipkart,BXRGRFHZNQNZARUM,2026-07-09,1,1,1,0,0,0,0,0,1,0,0,2026-08-19 20:00:40.818952+05:30
flipkart,TRKFF2FN2FKEBC3S,2026-07-24,1,3,0,0,1,0,0,0,0,1,0,2026-08-19 20:00:40.818952+05:30
flipkart,TSHHHJRAVFNZGNFF,2026-06-15,1,5,0,0,0,0,1,1,0,0,0,2026-08-19 20:00:40.818952+05:30
flipkart,TKPGSYPCX6HYRTNN,2026-06-13,1,4,0,0,0,1,0,1,0,0,0,2026-08-19 20:00:40.818952+05:30
flipkart,TSHHCHZPCTKYBK4A,2026-04-01,2,10,0,0,0,0,2,2,0,0,0,2026-08-19 20:00:40.818952+05:30
flipkart,TSHHHJRATZFGHRZ6,2026-02-01,1,5,0,0,0,0,1,1,0,0,0,2026-08-19 20:00:40.818952+05:30
flipkart,TSHHCHZPVJAGWTTG,2026-02-01,2,5,0,1,1,0,0,0,1,1,0,2026-08-19 20:00:40.818952+05:30
flipkart,TSHHHJRARECBQRGY,2026-07-23,1,5,0,0,0,0,1,1,0,0,0,2026-08-19 20:00:40.818952+05:30
flipkart,TSHHCKSGU77X4FDT,2025-10-01,10,29,4,1,0,2,3,5,5,0,0,2026-08-19 20:00:40.818952+05:30
flipkart,BXRGRFMQAJVB8HKM,2026-07-24,1,5,0,0,0,0,1,1,0,0,0,2026-08-19 20:00:40.818952+05:30
flipkart,SNRE5FB4TUKHY9GR,2026-06-23,1,1,1,0,0,0,0,0,1,0,0,2026-08-19 20:00:40.818952+05:30
flipkart,BXRGRFHZECWSEYJZ,2025-11-01,3,12,0,0,1,1,1,2,0,1,0,2026-08-19 20:00:40.818952+05:30
flipkart,TKPH2TTMHWRBHFQX,2026-07-01,1,1,1,0,0,0,0,0,1,0,0,2026-08-19 20:00:40.818952+05:30
flipkart,TSHHCHZP8YHX8CBY,2026-07-28,1,5,0,0,0,0,1,1,0,0,0,2026-08-19 20:00:40.818952+05:30
flipkart,TSHHCHZPM8KUMFGH,2026-06-13,1,4,0,0,0,1,0,1,0,0,0,2026-08-19 20:00:40.818952+05:30
flipkart,TKPGSYPCX6HYRTNN,2026-07-26,1,4,0,0,0,1,0,1,0,0,0,2026-08-19 20:00:40.818952+05:30
flipkart,BXRHC6DF2QGDY8VZ,2026-06-27,1,4,0,0,0,1,0,1,0,0,0,2026-08-19 20:00:40.818952+05:30
flipkart,VESGZ9YZ8ZBYGVDX,2026-07-13,1,4,0,0,0,1,0,1,0,0,0,2026-08-19 20:00:40.818952+05:30
flipkart,TSHHHJRARG5VGWZC,2026-04-01,1,1,1,0,0,0,0,0,1,0,0,2026-08-19 20:00:40.818952+05:30
flipkart,TSHHCKSGDRPZGMHU,2026-06-29,2,6,1,0,0,0,1,1,1,0,0,2026-08-19 20:00:40.818952+05:30
flipkart,TSHHG96ENEZFGQGJ,2026-06-01,2,7,0,1,0,0,1,1,1,0,0,2026-08-19 20:00:40.818952+05:30
flipkart,VESGZ9YZZHNDTRCP,2026-07-11,1,5,0,0,0,0,1,1,0,0,0,2026-08-19 20:00:40.818952+05:30
flipkart,SSVGY97GTC7FAWYP,2026-02-01,1,3,0,0,1,0,0,0,0,1,0,2026-08-19 20:00:40.818952+05:30
flipkart,FCWFF69APPGJZKTX,2026-07-01,1,5,0,0,0,0,1,1,0,0,0,2026-08-19 20:00:40.818952+05:30
flipkart,SRTH6AFXGZGAQBMS,2025-10-01,4,20,0,0,0,0,4,4,0,0,0,2026-08-19 20:00:40.818952+05:30
flipkart,BXRGZJCWFM47ZXAB,2026-07-01,1,5,0,0,0,0,1,1,0,0,0,2026-08-19 20:00:40.818952+05:30
flipkart,FCKG75WBJHTKREB8,2026-07-01,1,3,0,0,1,0,0,0,0,1,0,2026-08-19 20:00:40.818952+05:30
flipkart,VESFF2CGV9KVUF73,2026-07-06,1,5,0,0,0,0,1,1,0,0,0,2026-08-19 20:00:40.818952+05:30
flipkart,NSTH563KCBUGEXAH,2026-05-01,1,5,0,0,0,0,1,1,0,0,0,2026-08-19 20:00:40.818952+05:30
flipkart,TSHHCHZPCTKYBK4A,2025-12-01,1,1,1,0,0,0,0,0,1,0,0,2026-08-19 20:00:40.818952+05:30
flipkart,TSHHCHZPSYNBHGNM,2026-07-22,1,3,0,0,1,0,0,0,0,1,0,2026-08-19 20:00:40.818952+05:30
flipkart,TKPGSYPCTDHAGPFB,2026-06-15,1,1,1,0,0,0,0,0,1,0,0,2026-08-19 20:00:40.818952+05:30
flipkart,BXRGRFHZ8VB6UZR3,2026-07-27,1,4,0,0,0,1,0,1,0,0,0,2026-08-19 20:00:40.818952+05:30
flipkart,BXRH2W5SZGUTXVQM,2026-04-01,1,2,0,1,0,0,0,0,1,0,0,2026-08-19 20:00:40.818952+05:30
flipkart,TSHHHJRA9WNSWQEP,2026-08-03,1,5,0,0,0,0,1,1,0,0,0,2026-08-19 20:00:40.818952+05:30
flipkart,BXRHC6DYCZYBRFTQ,2026-06-29,1,5,0,0,0,0,1,1,0,0,0,2026-08-19 20:00:40.818952+05:30
flipkart,TSHHCKSG7PQRZGM2,2026-07-23,1,4,0,0,0,1,0,1,0,0,0,2026-08-19 20:00:40.818952+05:30
flipkart,TSHHCKSGWNGKY7HH,2026-06-13,1,4,0,0,0,1,0,1,0,0,0,2026-08-19 20:00:40.818952+05:30
flipkart,VESFF2CGPGXXGDDS,2026-06-25,1,5,0,0,0,0,1,1,0,0,0,2026-08-19 20:00:40.818952+05:30
flipkart,TKPGSYPCXDEZYQDG,2026-06-01,3,11,1,0,0,0,2,2,1,0,0,2026-08-19 20:00:40.818952+05:30
flipkart,TSHHCKSGFXPPK5GV,2026-07-29,1,5,0,0,0,0,1,1,0,0,0,2026-08-19 20:00:40.818952+05:30
flipkart,VESFF2CGKSVEYRMF,2026-07-29,1,5,0,0,0,0,1,1,0,0,0,2026-08-19 20:00:40.818952+05:30
flipkart,TKPGTHNYQFUTTFVA,2026-07-15,1,5,0,0,0,0,1,1,0,0,0,2026-08-19 20:00:40.818952+05:30
flipkart,BXRHC6DFE3JTKT5S,2026-05-01,4,11,1,1,1,0,1,1,2,1,0,2026-08-19 20:00:40.818952+05:30
flipkart,BXRH2W5SGPFYRGVV,2026-07-08,1,5,0,0,0,0,1,1,0,0,0,2026-08-19 20:00:40.818952+05:30
flipkart,TSHHCHZPVJAGWTTG,2025-09-01,2,8,0,0,1,0,1,1,0,1,0,2026-08-19 20:00:40.818952+05:30
flipkart,TSHHCKSGDRPZGMHU,2026-07-23,1,4,0,0,0,1,0,1,0,0,0,2026-08-19 20:00:40.818952+05:30
flipkart,BXRHFQXCZDYKVXP4,2026-07-24,1,5,0,0,0,0,1,1,0,0,0,2026-08-19 20:00:40.818952+05:30
flipkart,TSHHCHZPAD7JCGRK,2026-03-01,2,8,0,0,1,0,1,1,0,1,0,2026-08-19 20:00:40.818952+05:30
flipkart,TSHHCHZP3TPCWQMM,2026-03-01,2,8,0,0,1,0,1,1,0,1,0,2026-08-19 20:00:40.818952+05:30
flipkart,TSHHHJRA8ZMQMYHG,2025-12-01,1,4,0,0,0,1,0,1,0,0,0,2026-08-19 20:00:40.818952+05:30
flipkart,TSHH8NRFTVJZF7DW,2026-06-05,1,5,0,0,0,0,1,1,0,0,0,2026-08-19 20:00:40.818952+05:30
flipkart,TSHHHJRAHXY4F7PK,2026-07-24,2,10,0,0,0,0,2,2,0,0,0,2026-08-19 20:00:40.818952+05:30
flipkart,SRTGSYQGXBGUJYRQ,2025-10-01,4,20,0,0,0,0,4,4,0,0,0,2026-08-19 20:00:40.818952+05:30
flipkart,BXRHC6DFCRBPKEPH,2025-10-01,3,10,1,0,0,1,1,2,1,0,0,2026-08-19 20:00:40.818952+05:30
flipkart,TSHHZ7ZHGYZGXXBV,2026-07-01,1,1,1,0,0,0,0,0,1,0,0,2026-08-19 20:00:40.818952+05:30
flipkart,BXRHFQXCZDYKVXP4,2026-03-01,1,4,0,0,0,1,0,1,0,0,0,2026-08-19 20:00:40.818952+05:30
flipkart,TSHHCKSGABGZAHRG,2025-11-01,4,17,0,0,1,1,2,3,0,1,0,2026-08-19 20:00:40.818952+05:30
flipkart,TSHHCHZPAD7JCGRK,2026-07-26,1,5,0,0,0,0,1,1,0,0,0,2026-08-19 20:00:40.818952+05:30
flipkart,TSHHHJRA94PWAYGW,2026-07-09,2,10,0,0,0,0,2,2,0,0,0,2026-08-19 20:00:40.818952+05:30
flipkart,TSHHCKSGM5HEB5FV,2026-08-01,1,2,0,1,0,0,0,0,1,0,0,2026-08-19 20:00:40.818952+05:30
flipkart,VESGZ9YZ8ZBYGVDX,2026-07-09,1,5,0,0,0,0,1,1,0,0,0,2026-08-19 20:00:40.818952+05:30
flipkart,BXRH2W5SFQQVTYE9,2026-06-07,1,1,1,0,0,0,0,0,1,0,0,2026-08-19 20:00:40.818952+05:30
flipkart,SRTHDH2JJY3GGYAD,2026-07-01,2,9,0,0,0,1,1,2,0,0,0,2026-08-19 20:00:40.818952+05:30
flipkart,TKPH5URAWVHYBZHU,2026-06-01,2,4,1,0,1,0,0,0,1,1,0,2026-08-19 20:00:40.818952+05:30
flipkart,TSHHCHZP3J5ZFRU7,2026-07-14,1,5,0,0,0,0,1,1,0,0,0,2026-08-19 20:00:40.818952+05:30
flipkart,TSHGSUTA8P6XKZWF,2026-07-20,1,4,0,0,0,1,0,1,0,0,0,2026-08-19 20:00:40.818952+05:30
flipkart,BXRGRFMQYKUB9K5S,2026-07-08,1,1,1,0,0,0,0,0,1,0,0,2026-08-19 20:00:40.818952+05:30
flipkart,TSHHCHZPCTKYBK4A,2026-05-01,5,25,0,0,0,0,5,5,0,0,0,2026-08-19 20:00:40.818952+05:30
flipkart,SRTHDH2JU8TN9A2F,2026-07-23,1,5,0,0,0,0,1,1,0,0,0,2026-08-19 20:00:40.818952+05:30
flipkart,BXRH2W5SSXWGWGSD,2026-07-08,1,5,0,0,0,0,1,1,0,0,0,2026-08-19 20:00:40.818952+05:30
flipkart,BXRH2W5SZGUTXVQM,2025-09-01,2,8,0,0,1,0,1,1,0,1,0,2026-08-19 20:00:40.818952+05:30
flipkart,SRTHDH2JWZAPE9VY,2025-11-01,5,23,0,0,0,2,3,5,0,0,0,2026-08-19 20:00:40.818952+05:30
flipkart,BXRGRFMQGMZFEGNJ,2026-07-21,1,5,0,0,0,0,1,1,0,0,0,2026-08-19 20:00:40.818952+05:30
flipkart,TSHHCKSGSP8GHBJG,2026-05-01,5,25,0,0,0,0,5,5,0,0,0,2026-08-19 20:00:40.818952+05:30
flipkart,BXRGRFHZCXZP6VP8,2026-07-20,1,1,1,0,0,0,0,0,1,0,0,2026-08-19 20:00:40.818952+05:30
flipkart,BXRGRFHZNQNZARUM,2026-07-21,1,5,0,0,0,0,1,1,0,0,0,2026-08-19 20:00:40.818952+05:30
flipkart,TSHHCKSGFXPPK5GV,2026-07-25,1,5,0,0,0,0,1,1,0,0,0,2026-08-19 20:00:40.818952+05:30
flipkart,SRTHZA8HHDGJXDPF,2026-07-26,1,2,0,1,0,0,0,0,1,0,0,2026-08-19 20:00:40.818952+05:30
flipkart,FCWFG3MEKYQF6WAE,2026-03-01,1,2,0,1,0,0,0,0,1,0,0,2026-08-19 20:00:40.818952+05:30
flipkart,TKPGSYPCSVEGZXTU,2026-06-13,1,4,0,0,0,1,0,1,0,0,0,2026-08-19 20:00:40.818952+05:30
flipkart,TSHHCKSGSZFNEFAY,2026-08-01,1,2,0,1,0,0,0,0,1,0,0,2026-08-19 20:00:40.818952+05:30
flipkart,FCKGHSGM3GZHG5EE,2026-06-29,1,4,0,0,0,1,0,1,0,0,0,2026-08-19 20:00:40.818952+05:30
flipkart,TSHHHJRA94PWAYGW,2026-07-07,1,5,0,0,0,0,1,1,0,0,0,2026-08-19 20:00:40.818952+05:30
flipkart,BXRGRFHZATAPYBDY,2026-07-27,1,4,0,0,0,1,0,1,0,0,0,2026-08-19 20:00:40.818952+05:30
flipkart,TKPH2TTMZNKBVN52,2026-07-26,1,5,0,0,0,0,1,1,0,0,0,2026-08-19 20:00:40.818952+05:30
flipkart,FCKG75WBU7ZZF74B,2026-04-01,1,3,0,0,1,0,0,0,0,1,0,2026-08-19 20:00:40.818952+05:30
flipkart,SRTGSYQGKNWEKJRC,2025-12-01,2,9,0,0,0,1,1,2,0,0,0,2026-08-19 20:00:40.818952+05:30
flipkart,TSHHHJRA8ZMQMYHG,2026-06-29,1,5,0,0,0,0,1,1,0,0,0,2026-08-19 20:00:40.818952+05:30
flipkart,BXRGRFHZ6RH2KZWD,2026-08-08,1,5,0,0,0,0,1,1,0,0,0,2026-08-19 20:00:40.818952+05:30
flipkart,TKPGFQNDGFD8NKG6,2026-06-24,3,12,0,0,0,3,0,3,0,0,0,2026-08-19 20:00:40.818952+05:30
flipkart,TKPGDC7BUCQHMG9X,2026-01-01,4,15,1,0,0,1,2,3,1,0,0,2026-08-19 20:00:40.818952+05:30
flipkart,BXRGRFHZDKCCHGCH,2026-08-07,1,1,1,0,0,0,0,0,1,0,0,2026-08-19 20:00:40.818952+05:30
flipkart,BXRGRFMQGMZFEGNJ,2026-07-20,1,1,1,0,0,0,0,0,1,0,0,2026-08-19 20:00:40.818952+05:30
flipkart,SRTHDH2J2ZEZZYYT,2026-07-07,1,5,0,0,0,0,1,1,0,0,0,2026-08-19 20:00:40.818952+05:30
flipkart,TKPHNDMFGWZR4NF5,2026-07-14,2,6,0,1,0,1,0,1,1,0,0,2026-08-19 20:00:40.818952+05:30
flipkart,TKPH2TTMZNKBVN52,2026-05-01,4,16,1,0,0,0,3,3,1,0,0,2026-08-19 20:00:40.818952+05:30
flipkart,SRTFFFUDSEGXM6WS,2026-04-01,1,2,0,1,0,0,0,0,1,0,0,2026-08-19 20:00:40.818952+05:30
flipkart,TKPG38GF3GZCVMU5,2026-07-30,1,2,0,1,0,0,0,0,1,0,0,2026-08-19 20:00:40.818952+05:30
flipkart,TSHHCKSGABGZAHRG,2026-07-29,1,5,0,0,0,0,1,1,0,0,0,2026-08-19 20:00:40.818952+05:30
flipkart,BXRHFQXCBDZZKBFW,2026-04-01,2,6,0,0,2,0,0,0,0,2,0,2026-08-19 20:00:40.818952+05:30
flipkart,SRTFFFUD3BGPEXZY,2026-06-01,1,5,0,0,0,0,1,1,0,0,0,2026-08-19 20:00:40.818952+05:30
flipkart,BXRH2W5SMYCHTMF8,2025-11-01,2,9,0,0,0,1,1,2,0,0,0,2026-08-19 20:00:40.818952+05:30
flipkart,TKPH2TTMVVEKXDX4,2025-10-01,5,19,0,1,1,1,2,3,1,1,0,2026-08-19 20:00:40.818952+05:30
flipkart,TSHHHJRARECBQRGY,2026-07-16,1,5,0,0,0,0,1,1,0,0,0,2026-08-19 20:00:40.818952+05:30
flipkart,TKPGSYPCSVEGZXTU,2026-06-15,1,1,1,0,0,0,0,0,1,0,0,2026-08-19 20:00:40.818952+05:30
flipkart,TSHHCHZP3TPCWQMM,2026-08-01,1,2,0,1,0,0,0,0,1,0,0,2026-08-19 20:00:40.818952+05:30
flipkart,TKPGSYXCFXPTHZBK,2026-04-01,4,10,2,0,1,0,1,1,2,1,0,2026-08-19 20:00:40.818952+05:30
flipkart,VESGZ9YZZHNDTRCP,2026-06-01,3,13,0,0,0,2,1,3,0,0,0,2026-08-19 20:00:40.818952+05:30
flipkart,BXRHC6DFCRBPKEPH,2025-11-01,6,21,0,1,1,4,0,4,1,1,0,2026-08-19 20:00:40.818952+05:30
flipkart,BXRGRFMQHGNKWPEY,2026-07-01,4,13,1,0,1,1,1,2,1,1,0,2026-08-19 20:00:40.818952+05:30
flipkart,SRTHDH2JHYDY2ZF3,2026-07-01,2,9,0,0,0,1,1,2,0,0,0,2026-08-19 20:00:40.818952+05:30
flipkart,BXRHC6DFCRBPKEPH,2026-01-01,5,22,0,0,1,1,3,4,0,1,0,2026-08-19 20:00:40.818952+05:30
flipkart,TKPH8MTXFWZFBZYG,2026-02-01,8,30,1,1,1,1,4,5,2,1,0,2026-08-19 20:00:40.818952+05:30
flipkart,TKPGDC7BK9HTWTBG,2025-12-01,20,78,1,2,5,2,10,12,3,5,0,2026-08-19 20:00:40.818952+05:30
flipkart,TSHHCKSGWQKARXTR,2026-07-28,1,5,0,0,0,0,1,1,0,0,0,2026-08-19 20:00:40.818952+05:30
flipkart,BXRGRFHZ8VB6UZR3,2026-07-09,1,1,1,0,0,0,0,0,1,0,0,2026-08-19 20:00:40.818952+05:30
flipkart,TSHHHJRAAHQGWZMX,2026-08-10,1,1,1,0,0,0,0,0,1,0,0,2026-08-19 20:00:40.818952+05:30
flipkart,TSHHHJRAVFNZGNFF,2026-06-13,1,3,0,0,1,0,0,0,0,1,0,2026-08-19 20:00:40.818952+05:30
flipkart,TSHGSUTBY85HUUTX,2026-07-01,2,10,0,0,0,0,2,2,0,0,0,2026-08-19 20:00:40.818952+05:30
flipkart,TKPGTHNYXHCXPJFH,2026-07-15,1,5,0,0,0,0,1,1,0,0,0,2026-08-19 20:00:40.818952+05:30
flipkart,TSHHCKSGMZPHHWZG,2026-05-01,5,25,0,0,0,0,5,5,0,0,0,2026-08-19 20:00:40.818952+05:30
flipkart,BXRGRFHZ6RH2KZWD,2026-07-23,1,5,0,0,0,0,1,1,0,0,0,2026-08-19 20:00:40.818952+05:30
flipkart,SNRE5FB4TUKHY9GR,2026-06-24,1,5,0,0,0,0,1,1,0,0,0,2026-08-19 20:00:40.818952+05:30
flipkart,SNRGEMJDBHBCNYCF,2026-06-13,1,5,0,0,0,0,1,1,0,0,0,2026-08-19 20:00:40.818952+05:30
flipkart,BXRHFS5FXZJYNWVT,2026-06-04,1,3,0,0,1,0,0,0,0,1,0,2026-08-19 20:00:40.818952+05:30
flipkart,BXRHC6DYVZD6TGQX,2026-08-04,1,4,0,0,0,1,0,1,0,0,0,2026-08-19 20:00:40.818952+05:30
flipkart,TKPH8MTXDBUUNCZ6,2026-07-16,1,5,0,0,0,0,1,1,0,0,0,2026-08-19 20:00:40.818952+05:30
flipkart,TSHHHJRAHXY4F7PK,2026-07-09,2,10,0,0,0,0,2,2,0,0,0,2026-08-19 20:00:40.818952+05:30
flipkart,TSHHHJRATZFGHRZ6,2026-07-09,2,10,0,0,0,0,2,2,0,0,0,2026-08-19 20:00:40.818952+05:30
flipkart,TSHH8NR5R9KTDJQW,2026-07-09,1,5,0,0,0,0,1,1,0,0,0,2026-08-19 20:00:40.818952+05:30
flipkart,FCKG75WBGNBBTM4Z,2026-07-22,1,5,0,0,0,0,1,1,0,0,0,2026-08-19 20:00:40.818952+05:30
flipkart,BXRHC6DFMKDBBHTH,2026-06-09,1,1,1,0,0,0,0,0,1,0,0,2026-08-19 20:00:40.818952+05:30
flipkart,TSHHHJRAJZ9W3CHJ,2026-07-07,1,5,0,0,0,0,1,1,0,0,0,2026-08-19 20:00:40.818952+05:30
flipkart,TKPH8MTXXNY2H39G,2026-06-01,3,11,1,0,0,0,2,2,1,0,0,2026-08-19 20:00:40.818952+05:30
flipkart,TSHHCHZPWEDWVFFP,2025-10-01,10,29,4,1,0,2,3,5,5,0,0,2026-08-19 20:00:40.818952+05:30
flipkart,TKPGSYPCXUARRUMY,2026-06-01,3,11,1,0,0,0,2,2,1,0,0,2026-08-19 20:00:40.818952+05:30
flipkart,TSHHCHZPQHS2MJAG,2026-07-13,1,5,0,0,0,0,1,1,0,0,0,2026-08-19 20:00:40.818952+05:30
flipkart,TSHGSUTBCYM82QFQ,2026-07-20,1,4,0,0,0,1,0,1,0,0,0,2026-08-19 20:00:40.818952+05:30
flipkart,TSHHCKSGU77X4FDT,2026-07-29,1,5,0,0,0,0,1,1,0,0,0,2026-08-19 20:00:40.818952+05:30
flipkart,TSHHCHZPCTKYBK4A,2026-02-01,2,5,0,1,1,0,0,0,1,1,0,2026-08-19 20:00:40.818952+05:30
flipkart,BXRGRFMQHGNKWPEY,2026-01-01,2,6,0,0,2,0,0,0,0,2,0,2026-08-19 20:00:40.818952+05:30
flipkart,TKPGDC7BK9HTWTBG,2026-07-14,1,5,0,0,0,0,1,1,0,0,0,2026-08-19 20:00:40.818952+05:30
flipkart,TSHHHJRA9WNSWQEP,2026-06-01,3,12,0,0,1,1,1,2,0,1,0,2026-08-19 20:00:40.818952+05:30
flipkart,BXRGRFHZDKCCHGCH,2026-01-01,2,6,0,0,2,0,0,0,0,2,0,2026-08-19 20:00:40.818952+05:30
flipkart,BXRGRFMQGMZFEGNJ,2026-07-08,1,1,1,0,0,0,0,0,1,0,0,2026-08-19 20:00:40.818952+05:30
flipkart,SRTFFFUD8AZAJJDY,2025-12-01,1,5,0,0,0,0,1,1,0,0,0,2026-08-19 20:00:40.818952+05:30
flipkart,BXRGRFHZ6RH2KZWD,2026-07-21,1,5,0,0,0,0,1,1,0,0,0,2026-08-19 20:00:40.818952+05:30
flipkart,BXRHFQXCVGA9H3CZ,2026-07-23,1,5,0,0,0,0,1,1,0,0,0,2026-08-19 20:00:40.818952+05:30
flipkart,TSHHCHZPHWHEZWQQ,2026-02-01,2,5,0,1,1,0,0,0,1,1,0,2026-08-19 20:00:40.818952+05:30
flipkart,TKPGTHNYNZYPG9HH,2026-04-01,3,8,1,1,0,0,1,1,2,0,0,2026-08-19 20:00:40.818952+05:30
flipkart,SRTGSYQGQPJEP8SR,2026-07-14,1,5,0,0,0,0,1,1,0,0,0,2026-08-19 20:00:40.818952+05:30
flipkart,SRTHDH2JGGZZSZEA,2026-01-01,2,10,0,0,0,0,2,2,0,0,0,2026-08-19 20:00:40.818952+05:30
flipkart,TSHHHJRAAHQGWZMX,2026-08-03,1,5,0,0,0,0,1,1,0,0,0,2026-08-19 20:00:40.818952+05:30
flipkart,SRTFFFUDPECZJGJN,2026-05-01,2,10,0,0,0,0,2,2,0,0,0,2026-08-19 20:00:40.818952+05:30
flipkart,VESGZ9YZE7TGEHAT,2026-07-01,1,5,0,0,0,0,1,1,0,0,0,2026-08-19 20:00:40.818952+05:30
flipkart,BXRGRFHZ6RH2KZWD,2026-07-24,1,5,0,0,0,0,1,1,0,0,0,2026-08-19 20:00:40.818952+05:30
flipkart,BXRGZJCWTRB2DDZH,2026-03-01,4,17,0,0,1,1,2,3,0,1,0,2026-08-19 20:00:40.818952+05:30
flipkart,BXRGRFMQYHQS4BM7,2026-05-01,1,3,0,0,1,0,0,0,0,1,0,2026-08-19 20:00:40.818952+05:30
flipkart,TSHHCKSGYZBSAB3B,2026-07-14,1,5,0,0,0,0,1,1,0,0,0,2026-08-19 20:00:40.818952+05:30
flipkart,BXRGZJCWSKK9RSYE,2026-06-01,2,8,0,0,1,0,1,1,0,1,0,2026-08-19 20:00:40.818952+05:30
flipkart,SRTHDH2JWSHGP896,2026-01-01,2,10,0,0,0,0,2,2,0,0,0,2026-08-19 20:00:40.818952+05:30
flipkart,TSHHCHZPHWHEZWQQ,2025-11-01,4,17,0,0,1,1,2,3,0,1,0,2026-08-19 20:00:40.818952+05:30
flipkart,TKPH8MTJH5D4AHG6,2026-07-26,1,5,0,0,0,0,1,1,0,0,0,2026-08-19 20:00:40.818952+05:30
flipkart,TSHHCHZPYY2A6GA4,2026-07-26,1,5,0,0,0,0,1,1,0,0,0,2026-08-19 20:00:40.818952+05:30
flipkart,TSHHHJRAX9D5ZHGY,2026-06-16,1,5,0,0,0,0,1,1,0,0,0,2026-08-19 20:00:40.818952+05:30
flipkart,TSHHCKSGSP8GHBJG,2026-07-14,1,5,0,0,0,0,1,1,0,0,0,2026-08-19 20:00:40.818952+05:30
flipkart,SRTGSYQGMGZZC5A6,2026-01-01,2,10,0,0,0,0,2,2,0,0,0,2026-08-19 20:00:40.818952+05:30
flipkart,TSHGSUT86EGTBTMZ,2025-11-01,4,20,0,0,0,0,4,4,0,0,0,2026-08-19 20:00:40.818952+05:30
flipkart,BXRHC6DFE3JTKT5S,2026-06-27,1,4,0,0,0,1,0,1,0,0,0,2026-08-19 20:00:40.818952+05:30
flipkart,VESGFCUG9YG7SU2Y,2026-07-01,1,4,0,0,0,1,0,1,0,0,0,2026-08-19 20:00:40.818952+05:30
flipkart,TKPGSYPCZ3BPMPSF,2026-03-01,6,15,2,1,2,0,1,1,3,2,0,2026-08-19 20:00:40.818952+05:30
flipkart,VESFF2CGWGGC88DT,2026-01-01,1,5,0,0,0,0,1,1,0,0,0,2026-08-19 20:00:40.818952+05:30
flipkart,BXRGRFHZMPDXZWY7,2025-11-01,3,12,0,0,1,1,1,2,0,1,0,2026-08-19 20:00:40.818952+05:30
flipkart,TSHHCHZPHWHEZWQQ,2025-10-01,10,29,4,1,0,2,3,5,5,0,0,2026-08-19 20:00:40.818952+05:30
flipkart,BXRH2W5SMYCHTMF8,2026-07-19,1,1,1,0,0,0,0,0,1,0,0,2026-08-19 20:00:40.818952+05:30
flipkart,SRTHDH2JJY3GGYAD,2026-04-01,1,5,0,0,0,0,1,1,0,0,0,2026-08-19 20:00:40.818952+05:30
flipkart,BXRGZJCWTRB2DDZH,2025-10-01,27,102,2,4,5,3,13,16,6,5,0,2026-08-19 20:00:40.818952+05:30
flipkart,TSHGSUTCU9JSGH44,2026-05-01,5,17,2,0,0,0,3,3,2,0,0,2026-08-19 20:00:40.818952+05:30
flipkart,TSHHCHZPVJAGWTTG,2026-05-01,5,25,0,0,0,0,5,5,0,0,0,2026-08-19 20:00:40.818952+05:30
flipkart,TSHHHJRA8ZMQMYHG,2026-07-24,4,18,0,0,0,2,2,4,0,0,0,2026-08-19 20:00:40.818952+05:30
flipkart,TSHHHJRAYZD4VNH2,2026-06-29,1,5,0,0,0,0,1,1,0,0,0,2026-08-19 20:00:40.818952+05:30
flipkart,BXRGRFHZDKCCHGCH,2026-06-01,1,3,0,0,1,0,0,0,0,1,0,2026-08-19 20:00:40.818952+05:30
flipkart,SRTFEYC4J2SHRAFG,2025-10-01,4,20,0,0,0,0,4,4,0,0,0,2026-08-19 20:00:40.818952+05:30
flipkart,SRTHDH2J2ZEZZYYT,2026-07-14,1,5,0,0,0,0,1,1,0,0,0,2026-08-19 20:00:40.818952+05:30
flipkart,SNRE5FB4TUKHY9GR,2026-06-29,1,5,0,0,0,0,1,1,0,0,0,2026-08-19 20:00:40.818952+05:30
flipkart,TSHHHJRA8C7ZXDW3,2026-07-23,2,10,0,0,0,0,2,2,0,0,0,2026-08-19 20:00:40.818952+05:30
flipkart,BXRGRFHZECWSEYJZ,2026-07-21,1,5,0,0,0,0,1,1,0,0,0,2026-08-19 20:00:40.818952+05:30
flipkart,SRTFEYC4J2SHRAFG,2025-12-01,2,9,0,0,0,1,1,2,0,0,0,2026-08-19 20:00:40.818952+05:30
flipkart,TKPH8MTJUWNEVNBA,2025-10-01,9,27,3,1,0,3,2,5,4,0,0,2026-08-19 20:00:40.818952+05:30
flipkart,TSHHCKSGSZFNEFAY,2026-07-22,1,3,0,0,1,0,0,0,0,1,0,2026-08-19 20:00:40.818952+05:30
flipkart,TSHHHJRAYZD4VNH2,2026-07-07,1,5,0,0,0,0,1,1,0,0,0,2026-08-19 20:00:40.818952+05:30
flipkart,SRTHDH2JJY3GGYAD,2026-06-29,1,4,0,0,0,1,0,1,0,0,0,2026-08-19 20:00:40.818952+05:30
flipkart,TRKFFFUYEW8PQSDR,2025-09-01,1,4,0,0,0,1,0,1,0,0,0,2026-08-19 20:00:40.818952+05:30
flipkart,TKPG38GF3GZCVMU5,2026-03-01,11,39,2,1,1,3,4,7,3,1,0,2026-08-19 20:00:40.818952+05:30
flipkart,TSHHCKSGSZFNEFAY,2026-07-13,1,5,0,0,0,0,1,1,0,0,0,2026-08-19 20:00:40.818952+05:30
flipkart,TKPGTHNYC5NYSAVJ,2026-06-19,1,4,0,0,0,1,0,1,0,0,0,2026-08-19 20:00:40.818952+05:30
flipkart,TKPH5URAJGUXT5SG,2026-07-30,1,2,0,1,0,0,0,0,1,0,0,2026-08-19 20:00:40.818952+05:30
flipkart,TSHHCKSGWQKARXTR,2026-06-30,1,5,0,0,0,0,1,1,0,0,0,2026-08-19 20:00:40.818952+05:30
flipkart,TSHHCKSGWNGKY7HH,2026-05-01,5,25,0,0,0,0,5,5,0,0,0,2026-08-19 20:00:40.818952+05:30
flipkart,SRTFEYC44SNDHXKZ,2026-04-01,1,5,0,0,0,0,1,1,0,0,0,2026-08-19 20:00:40.818952+05:30
flipkart,BXRH2W5SJRAGFHXT,2026-07-19,1,1,1,0,0,0,0,0,1,0,0,2026-08-19 20:00:40.818952+05:30
flipkart,TKPGDC7BNJTFHSJS,2026-07-14,1,5,0,0,0,0,1,1,0,0,0,2026-08-19 20:00:40.818952+05:30
flipkart,TSHHG96EU3QTAQYG,2026-05-01,5,17,2,0,0,0,3,3,2,0,0,2026-08-19 20:00:40.818952+05:30
flipkart,TSHHCKSGAHZZHBTY,2026-04-01,2,10,0,0,0,0,2,2,0,0,0,2026-08-19 20:00:40.818952+05:30
flipkart,BXRHFQXCVGA9H3CZ,2026-06-28,1,4,0,0,0,1,0,1,0,0,0,2026-08-19 20:00:40.818952+05:30
flipkart,BXRGRFHNAHFPSTSB,2026-07-20,1,1,1,0,0,0,0,0,1,0,0,2026-08-19 20:00:40.818952+05:30
flipkart,SNRGYXWQ97FHGQRP,2026-07-01,1,4,0,0,0,1,0,1,0,0,0,2026-08-19 20:00:40.818952+05:30
flipkart,BXRH2W5SMYCHTMF8,2026-07-18,1,1,1,0,0,0,0,0,1,0,0,2026-08-19 20:00:40.818952+05:30
flipkart,BXRGRFMQVPRAX7QU,2026-06-28,1,5,0,0,0,0,1,1,0,0,0,2026-08-19 20:00:40.818952+05:30
flipkart,TSHHCKSGM5HEB5FV,2026-07-28,1,5,0,0,0,0,1,1,0,0,0,2026-08-19 20:00:40.818952+05:30
flipkart,BXRHC6D3GGAB6HGP,2026-08-04,1,4,0,0,0,1,0,1,0,0,0,2026-08-19 20:00:40.818952+05:30
flipkart,BXRHC6DY55BHVQQW,2025-10-01,2,6,1,0,0,0,1,1,1,0,0,2026-08-19 20:00:40.818952+05:30
flipkart,TSHHCKSGZNZPWUGC,2026-07-25,1,5,0,0,0,0,1,1,0,0,0,2026-08-19 20:00:40.818952+05:30
flipkart,TSHHHJRATZFGHRZ6,2026-07-16,1,5,0,0,0,0,1,1,0,0,0,2026-08-19 20:00:40.818952+05:30
flipkart,SRTFFFUDS9Q4YWUA,2026-05-01,2,10,0,0,0,0,2,2,0,0,0,2026-08-19 20:00:40.818952+05:30
flipkart,TSHHCKSGWNGKY7HH,2026-04-01,2,10,0,0,0,0,2,2,0,0,0,2026-08-19 20:00:40.818952+05:30
flipkart,SOCH7KSZXDZQHQGG,2025-12-01,4,15,0,0,2,1,1,2,0,2,0,2026-08-19 20:00:40.818952+05:30
flipkart,TSHHCHZPAD7JCGRK,2026-05-01,5,25,0,0,0,0,5,5,0,0,0,2026-08-19 20:00:40.818952+05:30
flipkart,TSHHHJRAWDVUHWBJ,2026-06-01,2,7,0,0,1,1,0,1,0,1,0,2026-08-19 20:00:40.818952+05:30
flipkart,SRTFEYC44SNDHXKZ,2025-11-01,5,23,0,0,0,2,3,5,0,0,0,2026-08-19 20:00:40.818952+05:30
flipkart,TSHHG96E34GYMJQV,2026-07-01,3,15,0,0,0,0,3,3,0,0,0,2026-08-19 20:00:40.818952+05:30
flipkart,TSHHHJRA94PWAYGW,2026-08-05,1,1,1,0,0,0,0,0,1,0,0,2026-08-19 20:00:40.818952+05:30
flipkart,TSHHG96E3AHMMXYQ,2026-06-05,1,5,0,0,0,0,1,1,0,0,0,2026-08-19 20:00:40.818952+05:30
flipkart,TKPGTHNYXKPURXZD,2026-07-16,1,5,0,0,0,0,1,1,0,0,0,2026-08-19 20:00:40.818952+05:30
flipkart,SRTGSYQG43TJVM67,2026-07-23,1,5,0,0,0,0,1,1,0,0,0,2026-08-19 20:00:40.818952+05:30
flipkart,TSHHHJRAZY3BXMSE,2026-07-07,1,5,0,0,0,0,1,1,0,0,0,2026-08-19 20:00:40.818952+05:30
flipkart,TSHHHJRAZY3BXMSE,2026-07-23,1,5,0,0,0,0,1,1,0,0,0,2026-08-19 20:00:40.818952+05:30
flipkart,TSHHCKSGSP8GHBJG,2026-07-01,4,14,1,0,0,2,1,3,1,0,0,2026-08-19 20:00:40.818952+05:30
flipkart,TKPH2TTMHWRBHFQX,2026-02-01,1,3,0,0,1,0,0,0,0,1,0,2026-08-19 20:00:40.818952+05:30
flipkart,TSHHHJRARG5VGWZC,2026-07-16,1,5,0,0,0,0,1,1,0,0,0,2026-08-19 20:00:40.818952+05:30
flipkart,TKPGFQNDGFD8NKG6,2026-06-29,1,4,0,0,0,1,0,1,0,0,0,2026-08-19 20:00:40.818952+05:30
flipkart,SRTHDH2JHYDY2ZF3,2026-01-01,2,10,0,0,0,0,2,2,0,0,0,2026-08-19 20:00:40.818952+05:30
flipkart,FCWFG3MEKYQF6WAE,2026-06-22,1,5,0,0,0,0,1,1,0,0,0,2026-08-19 20:00:40.818952+05:30
flipkart,TSHHCKSGFXPPK5GV,2026-07-23,1,4,0,0,0,1,0,1,0,0,0,2026-08-19 20:00:40.818952+05:30
flipkart,TSHHHJRAZY3BXMSE,2026-06-16,1,5,0,0,0,0,1,1,0,0,0,2026-08-19 20:00:40.818952+05:30
flipkart,BXRHFQXCVGA9H3CZ,2026-07-09,1,4,0,0,0,1,0,1,0,0,0,2026-08-19 20:00:40.818952+05:30
flipkart,TSHHHJRARECBQRGY,2026-06-01,2,7,0,0,1,1,0,1,0,1,0,2026-08-19 20:00:40.818952+05:30
flipkart,BXRGZJCWYYCZQ9PZ,2026-06-01,2,8,0,0,1,0,1,1,0,1,0,2026-08-19 20:00:40.818952+05:30
flipkart,BXRGRFHZZKF8JG49,2025-09-01,1,5,0,0,0,0,1,1,0,0,0,2026-08-19 20:00:40.818952+05:30
flipkart,TSHHCHZP3J5ZFRU7,2026-04-01,2,10,0,0,0,0,2,2,0,0,0,2026-08-19 20:00:40.818952+05:30
flipkart,TKPH8MTJH5D4AHG6,2025-09-01,1,5,0,0,0,0,1,1,0,0,0,2026-08-19 20:00:40.818952+05:30
flipkart,TSHHCKSGPGYUQY9G,2025-10-01,10,29,4,1,0,2,3,5,5,0,0,2026-08-19 20:00:40.818952+05:30
flipkart,TSHHCHZP8YHX8CBY,2025-12-01,1,1,1,0,0,0,0,0,1,0,0,2026-08-19 20:00:40.818952+05:30
flipkart,SRTGSYQGXBGUJYRQ,2026-07-14,1,5,0,0,0,0,1,1,0,0,0,2026-08-19 20:00:40.818952+05:30
flipkart,TSHHHJRA6RS7EUZE,2026-06-29,1,5,0,0,0,0,1,1,0,0,0,2026-08-19 20:00:40.818952+05:30
flipkart,FCKG75WBGNBBTM4Z,2026-07-01,6,24,0,1,1,1,3,4,1,1,0,2026-08-19 20:00:40.818952+05:30
flipkart,TSHHCKSGWNGKY7HH,2026-07-29,1,5,0,0,0,0,1,1,0,0,0,2026-08-19 20:00:40.818952+05:30
flipkart,TSHHHJRAX9D5ZHGY,2026-06-13,1,3,0,0,1,0,0,0,0,1,0,2026-08-19 20:00:40.818952+05:30
flipkart,BXRGRFHZE7HPWZVS,2026-02-01,3,11,0,0,2,0,1,1,0,2,0,2026-08-19 20:00:40.818952+05:30
flipkart,BXRGRFHZGBUYPHVS,2026-06-01,1,3,0,0,1,0,0,0,0,1,0,2026-08-19 20:00:40.818952+05:30
flipkart,TKPH2TTMWTFQDUWH,2026-01-01,1,3,0,0,1,0,0,0,0,1,0,2026-08-19 20:00:40.818952+05:30
flipkart,BXRGRFMQAJVB8HKM,2026-07-15,1,4,0,0,0,1,0,1,0,0,0,2026-08-19 20:00:40.818952+05:30
flipkart,TSHGSUTCU9JSGH44,2026-08-08,1,1,1,0,0,0,0,0,1,0,0,2026-08-19 20:00:40.818952+05:30
flipkart,TSHHCKSGPGYUQY9G,2026-02-01,2,5,0,1,1,0,0,0,1,1,0,2026-08-19 20:00:40.818952+05:30
flipkart,TKPH8MTJH5D4AHG6,2026-07-01,2,8,0,0,0,2,0,2,0,0,0,2026-08-19 20:00:40.818952+05:30
flipkart,BXRGRFHNSVU6JKXH,2026-08-06,1,4,0,0,0,1,0,1,0,0,0,2026-08-19 20:00:40.818952+05:30
flipkart,SRTGSYQGZFHM7HB2,2026-07-07,1,5,0,0,0,0,1,1,0,0,0,2026-08-19 20:00:40.818952+05:30
flipkart,TSHHCHZP8YHX8CBY,2026-07-01,4,14,1,0,0,2,1,3,1,0,0,2026-08-19 20:00:40.818952+05:30
flipkart,TSHHZ7ZJRBGCDTGK,2026-07-01,1,1,1,0,0,0,0,0,1,0,0,2026-08-19 20:00:40.818952+05:30
flipkart,TSHHHJRATVMXGFAG,2026-07-07,1,5,0,0,0,0,1,1,0,0,0,2026-08-19 20:00:40.818952+05:30
flipkart,BXRGRFHZ8VB6UZR3,2025-09-01,1,5,0,0,0,0,1,1,0,0,0,2026-08-19 20:00:40.818952+05:30
flipkart,TKPHZTUBTRJGZ4RZ,2026-01-01,9,27,1,4,0,2,2,4,5,0,0,2026-08-19 20:00:40.818952+05:30
flipkart,TSHHCHZP3J5ZFRU7,2025-12-01,1,1,1,0,0,0,0,0,1,0,0,2026-08-19 20:00:40.818952+05:30
flipkart,TSHHCHZPYY2A6GA4,2026-07-13,1,5,0,0,0,0,1,1,0,0,0,2026-08-19 20:00:40.818952+05:30
flipkart,TKPH5URAWVHYBZHU,2026-02-01,7,21,3,0,0,2,2,4,3,0,0,2026-08-19 20:00:40.818952+05:30
flipkart,TSHHHJRASMKXNJYD,2026-07-12,1,4,0,0,0,1,0,1,0,0,0,2026-08-19 20:00:40.818952+05:30
flipkart,BXRGRFHNGYGVXSHX,2026-07-15,1,4,0,0,0,1,0,1,0,0,0,2026-08-19 20:00:40.818952+05:30
flipkart,PANH46SM5MWVTYHY,2026-02-01,1,5,0,0,0,0,1,1,0,0,0,2026-08-19 20:00:40.818952+05:30
flipkart,BXRHC6D3GGAB6HGP,2026-05-01,4,11,1,1,1,0,1,1,2,1,0,2026-08-19 20:00:40.818952+05:30
flipkart,TKPGTHNYNZYPG9HH,2026-02-01,1,5,0,0,0,0,1,1,0,0,0,2026-08-19 20:00:40.818952+05:30
flipkart,BXRH2W5SJRAGFHXT,2026-03-01,1,5,0,0,0,0,1,1,0,0,0,2026-08-19 20:00:40.818952+05:30
flipkart,TSHHCHZPQHS2MJAG,2026-05-01,5,25,0,0,0,0,5,5,0,0,0,2026-08-19 20:00:40.818952+05:30
flipkart,BXRGRFHZE7HPWZVS,2026-07-01,4,13,1,0,1,1,1,2,1,1,0,2026-08-19 20:00:40.818952+05:30
flipkart,TSHHHJRAAHQGWZMX,2026-08-05,1,1,1,0,0,0,0,0,1,0,0,2026-08-19 20:00:40.818952+05:30
flipkart,BXRHC6DYCZYBRFTQ,2026-07-01,6,18,2,0,1,2,1,3,2,1,0,2026-08-19 20:00:40.818952+05:30
flipkart,TSHHCKSGU77X4FDT,2026-07-23,1,4,0,0,0,1,0,1,0,0,0,2026-08-19 20:00:40.818952+05:30
flipkart,TSHHHJRAHXY4F7PK,2026-06-13,1,3,0,0,1,0,0,0,0,1,0,2026-08-19 20:00:40.818952+05:30
flipkart,TSHHCHZPQHS2MJAG,2026-07-01,4,14,1,0,0,2,1,3,1,0,0,2026-08-19 20:00:40.818952+05:30
flipkart,BXRHC6DFMKDBBHTH,2026-06-01,5,20,0,1,1,0,3,3,1,1,0,2026-08-19 20:00:40.818952+05:30
flipkart,TKPGDC7BK9HTWTBG,2026-04-01,4,10,2,0,1,0,1,1,2,1,0,2026-08-19 20:00:40.818952+05:30
flipkart,TSHHCHZPVJAGWTTG,2026-08-03,1,1,1,0,0,0,0,0,1,0,0,2026-08-19 20:00:40.818952+05:30
flipkart,TSHHCHZPAD7JCGRK,2025-12-01,1,1,1,0,0,0,0,0,1,0,0,2026-08-19 20:00:40.818952+05:30
flipkart,TKPH2TTMWTFQDUWH,2025-11-01,1,4,0,0,0,1,0,1,0,0,0,2026-08-19 20:00:40.818952+05:30
flipkart,SRTFFFUDKHADW5AT,2025-10-01,8,27,3,0,0,1,4,5,3,0,0,2026-08-19 20:00:40.818952+05:30
flipkart,TSHHHJRATZFGHRZ6,2026-07-11,1,5,0,0,0,0,1,1,0,0,0,2026-08-19 20:00:40.818952+05:30
flipkart,TSHHCHZPXTGZXVZF,2026-06-29,2,6,1,0,0,0,1,1,1,0,0,2026-08-19 20:00:40.818952+05:30
flipkart,TSHHZ7ZG5G3HUGEW,2026-07-01,1,1,1,0,0,0,0,0,1,0,0,2026-08-19 20:00:40.818952+05:30
flipkart,VESGFCUG9YG7SU2Y,2026-07-14,1,5,0,0,0,0,1,1,0,0,0,2026-08-19 20:00:40.818952+05:30
flipkart,TKPGSYPCZ3BPMPSF,2026-06-15,1,1,1,0,0,0,0,0,1,0,0,2026-08-19 20:00:40.818952+05:30
flipkart,VESGFCUGNPHDVFG5,2026-04-01,1,5,0,0,0,0,1,1,0,0,0,2026-08-19 20:00:40.818952+05:30
flipkart,TSHHHJRARG5VGWZC,2026-06-17,1,2,0,1,0,0,0,0,1,0,0,2026-08-19 20:00:40.818952+05:30
flipkart,TSHHHJRA94PWAYGW,2026-08-03,1,5,0,0,0,0,1,1,0,0,0,2026-08-19 20:00:40.818952+05:30
flipkart,NSTH3NV9UAGKKRTC,2026-05-01,1,5,0,0,0,0,1,1,0,0,0,2026-08-19 20:00:40.818952+05:30
flipkart,TSHHG96EPA39GEKH,2026-06-05,1,5,0,0,0,0,1,1,0,0,0,2026-08-19 20:00:40.818952+05:30
flipkart,TSHHHJRASMKXNJYD,2026-06-29,1,5,0,0,0,0,1,1,0,0,0,2026-08-19 20:00:40.818952+05:30
flipkart,BXRH2W5SGPFYRGVV,2025-09-01,2,8,0,0,1,0,1,1,0,1,0,2026-08-19 20:00:40.818952+05:30
flipkart,SRTHDH2J4RH3QHCM,2026-07-23,1,5,0,0,0,0,1,1,0,0,0,2026-08-19 20:00:40.818952+05:30
flipkart,TKPH8MTJUWNEVNBA,2026-04-01,1,5,0,0,0,0,1,1,0,0,0,2026-08-19 20:00:40.818952+05:30
flipkart,TKPGDC7BGZNCKDUZ,2026-05-01,1,3,0,0,1,0,0,0,0,1,0,2026-08-19 20:00:40.818952+05:30
flipkart,TSHHCHZPSYNBHGNM,2026-06-30,1,5,0,0,0,0,1,1,0,0,0,2026-08-19 20:00:40.818952+05:30
flipkart,TSHHCKSGABGZAHRG,2026-06-29,2,6,1,0,0,0,1,1,1,0,0,2026-08-19 20:00:40.818952+05:30
flipkart,TSHGSUTCQHTXPU7T,2026-07-09,1,5,0,0,0,0,1,1,0,0,0,2026-08-19 20:00:40.818952+05:30
flipkart,FCKG75WBTHGH8F9N,2026-07-11,1,5,0,0,0,0,1,1,0,0,0,2026-08-19 20:00:40.818952+05:30
flipkart,BXRGRFHZECWSEYJZ,2026-07-15,1,4,0,0,0,1,0,1,0,0,0,2026-08-19 20:00:40.818952+05:30
flipkart,TSHHCKSGMZPHHWZG,2026-07-01,4,14,1,0,0,2,1,3,1,0,0,2026-08-19 20:00:40.818952+05:30
flipkart,VESFF2CGQKN2HQCE,2026-06-01,1,5,0,0,0,0,1,1,0,0,0,2026-08-19 20:00:40.818952+05:30
flipkart,BXRGRFMQYKUB9K5S,2026-05-01,1,3,0,0,1,0,0,0,0,1,0,2026-08-19 20:00:40.818952+05:30
flipkart,TSHHCKSGM5HEB5FV,2026-07-14,1,5,0,0,0,0,1,1,0,0,0,2026-08-19 20:00:40.818952+05:30
flipkart,TSHHG96EYHPYNDCT,2026-06-05,1,5,0,0,0,0,1,1,0,0,0,2026-08-19 20:00:40.818952+05:30
flipkart,TSHHHJRA8ZMQMYHG,2026-07-01,14,62,0,1,2,1,10,11,1,2,0,2026-08-19 20:00:40.818952+05:30
flipkart,TSHHHJRANNWPSFHF,2026-07-09,2,10,0,0,0,0,2,2,0,0,0,2026-08-19 20:00:40.818952+05:30
flipkart,TSHGSUTA8P6XKZWF,2026-07-01,3,15,0,0,0,0,3,3,0,0,0,2026-08-19 20:00:40.818952+05:30
flipkart,TSHGSUTA9ZWNC3QG,2026-07-01,3,15,0,0,0,0,3,3,0,0,0,2026-08-19 20:00:40.818952+05:30
flipkart,SRTGSYQGKNWEKJRC,2026-01-01,2,10,0,0,0,0,2,2,0,0,0,2026-08-19 20:00:40.818952+05:30
flipkart,BXRHC6D3GGAB6HGP,2026-07-09,1,4,0,0,0,1,0,1,0,0,0,2026-08-19 20:00:40.818952+05:30
flipkart,BXRH8ZQZMEXQSX4N,2025-09-01,1,4,0,0,0,1,0,1,0,0,0,2026-08-19 20:00:40.818952+05:30
flipkart,TSHHHJRAZY3BXMSE,2026-06-01,2,7,0,0,1,1,0,1,0,1,0,2026-08-19 20:00:40.818952+05:30
flipkart,BXRGRFHZZKF8JG49,2026-01-01,2,6,0,0,2,0,0,0,0,2,0,2026-08-19 20:00:40.818952+05:30
flipkart,TSHHHJRA9WNSWQEP,2026-07-20,1,4,0,0,0,1,0,1,0,0,0,2026-08-19 20:00:40.818952+05:30
flipkart,TSHHCKSGYZBSAB3B,2025-12-01,1,1,1,0,0,0,0,0,1,0,0,2026-08-19 20:00:40.818952+05:30
flipkart,TSHHHJRA9WNSWQEP,2026-07-11,1,5,0,0,0,0,1,1,0,0,0,2026-08-19 20:00:40.818952+05:30
flipkart,TSHHCKSGAHZZHBTY,2026-06-29,2,6,1,0,0,0,1,1,1,0,0,2026-08-19 20:00:40.818952+05:30
flipkart,BXRHFQXCBDZZKBFW,2026-06-29,1,5,0,0,0,0,1,1,0,0,0,2026-08-19 20:00:40.818952+05:30
flipkart,BXRH2W5SGPFYRGVV,2026-07-19,1,1,1,0,0,0,0,0,1,0,0,2026-08-19 20:00:40.818952+05:30
flipkart,SRTGSYQGUNZZH6A6,2026-07-01,2,9,0,0,0,1,1,2,0,0,0,2026-08-19 20:00:40.818952+05:30
flipkart,TKPGSYPCZ3BPMPSF,2026-04-01,4,10,2,0,1,0,1,1,2,1,0,2026-08-19 20:00:40.818952+05:30
flipkart,TSHGSUT9HEHTJVKA,2026-07-12,1,5,0,0,0,0,1,1,0,0,0,2026-08-19 20:00:40.818952+05:30
flipkart,VESGZ9YZZHNDTRCP,2026-07-09,1,5,0,0,0,0,1,1,0,0,0,2026-08-19 20:00:40.818952+05:30
flipkart,TSHH8NR5R9KTDJQW,2026-01-01,4,14,1,0,1,0,2,2,1,1,0,2026-08-19 20:00:40.818952+05:30
flipkart,TKPH8MTXFWZFBZYG,2026-06-15,1,1,1,0,0,0,0,0,1,0,0,2026-08-19 20:00:40.818952+05:30
flipkart,TSHHHJRA94PWAYGW,2026-07-12,1,4,0,0,0,1,0,1,0,0,0,2026-08-19 20:00:40.818952+05:30
flipkart,TSHHCHZPAD7JCGRK,2026-02-01,2,5,0,1,1,0,0,0,1,1,0,2026-08-19 20:00:40.818952+05:30
flipkart,BXRGRFHZE7HPWZVS,2026-07-20,1,1,1,0,0,0,0,0,1,0,0,2026-08-19 20:00:40.818952+05:30
flipkart,BXRGRFHZE7HPWZVS,2026-08-08,1,5,0,0,0,0,1,1,0,0,0,2026-08-19 20:00:40.818952+05:30
flipkart,BXRHFQXCJSCCGJ6J,2026-04-01,2,6,0,0,2,0,0,0,0,2,0,2026-08-19 20:00:40.818952+05:30
flipkart,TSHHCHZPQHS2MJAG,2026-07-22,1,3,0,0,1,0,0,0,0,1,0,2026-08-19 20:00:40.818952+05:30
flipkart,SRTHZA8H5DSADPG7,2026-07-14,1,5,0,0,0,0,1,1,0,0,0,2026-08-19 20:00:40.818952+05:30
flipkart,TKPGDC7BGZNCKDUZ,2025-11-01,3,12,0,0,1,1,1,2,0,1,0,2026-08-19 20:00:40.818952+05:30
flipkart,SRTHDH2JESGPPG8F,2025-10-01,4,20,0,0,0,0,4,4,0,0,0,2026-08-19 20:00:40.818952+05:30
flipkart,BXRGRFMQYHQS4BM7,2026-02-01,3,11,0,0,2,0,1,1,0,2,0,2026-08-19 20:00:40.818952+05:30
flipkart,TKPH8MTXNRYV3DAZ,2026-07-16,1,5,0,0,0,0,1,1,0,0,0,2026-08-19 20:00:40.818952+05:30
flipkart,SNRE5FB4TUKHY9GR,2026-06-15,3,9,1,0,0,2,0,2,1,0,0,2026-08-19 20:00:40.818952+05:30
flipkart,TSHGSUTCU9JSGH44,2025-11-01,4,20,0,0,0,0,4,4,0,0,0,2026-08-19 20:00:40.818952+05:30
flipkart,TSHHCHZPHWHEZWQQ,2026-07-26,1,5,0,0,0,0,1,1,0,0,0,2026-08-19 20:00:40.818952+05:30
flipkart,SRTFFFUDVZFADD9P,2025-10-01,8,27,3,0,0,1,4,5,3,0,0,2026-08-19 20:00:40.818952+05:30
flipkart,BXRGZJCWTRB2DDZH,2026-01-01,1,5,0,0,0,0,1,1,0,0,0,2026-08-19 20:00:40.818952+05:30
flipkart,TSHGSUTBCYM82QFQ,2026-08-08,1,1,1,0,0,0,0,0,1,0,0,2026-08-19 20:00:40.818952+05:30
flipkart,BXRH2W5SSXWGWGSD,2026-06-07,1,1,1,0,0,0,0,0,1,0,0,2026-08-19 20:00:40.818952+05:30
flipkart,TSHGSUTCQHTXPU7T,2026-04-01,3,10,0,0,2,1,0,1,0,2,0,2026-08-19 20:00:40.818952+05:30
flipkart,SRTHDH2JGFCMMGZK,2025-10-01,4,20,0,0,0,0,4,4,0,0,0,2026-08-19 20:00:40.818952+05:30
flipkart,BXRHFQXCJSCCGJ6J,2026-07-12,1,3,0,0,1,0,0,0,0,1,0,2026-08-19 20:00:40.818952+05:30
flipkart,VESGFCUGVDFNPJDG,2026-07-07,1,5,0,0,0,0,1,1,0,0,0,2026-08-19 20:00:40.818952+05:30
flipkart,BXRGRFMQYKUB9K5S,2025-11-01,3,12,0,0,1,1,1,2,0,1,0,2026-08-19 20:00:40.818952+05:30
flipkart,TKPGSYPCTDHAGPFB,2025-12-01,20,78,1,2,5,2,10,12,3,5,0,2026-08-19 20:00:40.818952+05:30
flipkart,TSHHHJRATVMXGFAG,2026-06-15,1,5,0,0,0,0,1,1,0,0,0,2026-08-19 20:00:40.818952+05:30
flipkart,TRKFFFTZNQNNK4BP,2026-05-01,1,5,0,0,0,0,1,1,0,0,0,2026-08-19 20:00:40.818952+05:30
flipkart,SRTGSYQGKNWEKJRC,2026-07-14,1,5,0,0,0,0,1,1,0,0,0,2026-08-19 20:00:40.818952+05:30
flipkart,TSHHHJRATVMXGFAG,2026-07-23,1,5,0,0,0,0,1,1,0,0,0,2026-08-19 20:00:40.818952+05:30
flipkart,BXRGZJCWTRB2DDZH,2025-09-01,20,58,7,2,2,4,5,9,9,2,0,2026-08-19 20:00:40.818952+05:30
flipkart,FCWFG3MEKYQF6WAE,2026-07-01,2,6,1,0,0,0,1,1,1,0,0,2026-08-19 20:00:40.818952+05:30
flipkart,SRTGSYQGKNWEKJRC,2026-06-29,1,4,0,0,0,1,0,1,0,0,0,2026-08-19 20:00:40.818952+05:30
flipkart,FCKFFGVX9NEVKSKT,2026-02-01,3,14,0,0,0,1,2,3,0,0,0,2026-08-19 20:00:40.818952+05:30
flipkart,TKPH2TTM8RYBXMGR,2025-11-01,3,8,1,1,0,0,1,1,2,0,0,2026-08-19 20:00:40.818952+05:30
flipkart,BXRH2W5SZGUTXVQM,2026-05-01,1,5,0,0,0,0,1,1,0,0,0,2026-08-19 20:00:40.818952+05:30
flipkart,TSHHCHZPHWHEZWQQ,2026-04-01,2,10,0,0,0,0,2,2,0,0,0,2026-08-19 20:00:40.818952+05:30
flipkart,BXRHFS5FHHMGH7HH,2026-07-10,1,1,1,0,0,0,0,0,1,0,0,2026-08-19 20:00:40.818952+05:30
flipkart,BXRHC6DFE3JTKT5S,2026-07-01,4,13,1,0,1,1,1,2,1,1,0,2026-08-19 20:00:40.818952+05:30
flipkart,TSHHCHZP3TPCWQMM,2026-07-22,1,3,0,0,1,0,0,0,0,1,0,2026-08-19 20:00:40.818952+05:30
flipkart,TSHHG96EEHFKFUXY,2026-05-01,5,17,2,0,0,0,3,3,2,0,0,2026-08-19 20:00:40.818952+05:30
flipkart,VESFF2CGAF9RGFHX,2026-01-01,1,5,0,0,0,0,1,1,0,0,0,2026-08-19 20:00:40.818952+05:30
flipkart,TSHHCKSG7PQRZGM2,2026-04-01,2,10,0,0,0,0,2,2,0,0,0,2026-08-19 20:00:40.818952+05:30
flipkart,SRTHZA8H2BMKZDB3,2026-07-14,1,5,0,0,0,0,1,1,0,0,0,2026-08-19 20:00:40.818952+05:30
flipkart,TKPGSYPCSVEGZXTU,2026-04-01,4,10,2,0,1,0,1,1,2,1,0,2026-08-19 20:00:40.818952+05:30
flipkart,BRFGD7GARARCGURT,2026-01-01,1,5,0,0,0,0,1,1,0,0,0,2026-08-19 20:00:40.818952+05:30
flipkart,VESGFCUGVDFNPJDG,2026-01-01,1,5,0,0,0,0,1,1,0,0,0,2026-08-19 20:00:40.818952+05:30
flipkart,TKPH5URAJGUXT5SG,2026-04-01,3,9,0,1,1,1,0,1,1,1,0,2026-08-19 20:00:40.818952+05:30
flipkart,SOCH8ERGSC6PEHZF,2026-07-01,1,5,0,0,0,0,1,1,0,0,0,2026-08-19 20:00:40.818952+05:30
flipkart,SNRGEMJDBHBCNYCF,2026-06-25,1,1,1,0,0,0,0,0,1,0,0,2026-08-19 20:00:40.818952+05:30
flipkart,TSHHHJRAX9D5ZHGY,2026-06-01,2,7,0,0,1,1,0,1,0,1,0,2026-08-19 20:00:40.818952+05:30
flipkart,VESGFCUG9YG7SU2Y,2026-01-01,1,5,0,0,0,0,1,1,0,0,0,2026-08-19 20:00:40.818952+05:30
flipkart,TSHHCKSGAHZZHBTY,2026-06-13,1,4,0,0,0,1,0,1,0,0,0,2026-08-19 20:00:40.818952+05:30
flipkart,FCKFZDUGBQHUUHAA,2026-07-01,1,5,0,0,0,0,1,1,0,0,0,2026-08-19 20:00:40.818952+05:30
flipkart,TKPGDC7BK9HTWTBG,2026-06-01,3,11,1,0,0,0,2,2,1,0,0,2026-08-19 20:00:40.818952+05:30
flipkart,BXRH2W5SZQ2NVMUV,2026-04-01,1,2,0,1,0,0,0,0,1,0,0,2026-08-19 20:00:40.818952+05:30
flipkart,SRTFEYC4J3YQFBHE,2026-06-29,1,4,0,0,0,1,0,1,0,0,0,2026-08-19 20:00:40.818952+05:30
flipkart,TKPH2TTMWTFQDUWH,2026-04-01,1,1,1,0,0,0,0,0,1,0,0,2026-08-19 20:00:40.818952+05:30
flipkart,BXRGRFHNAHFPSTSB,2026-07-27,1,4,0,0,0,1,0,1,0,0,0,2026-08-19 20:00:40.818952+05:30
flipkart,SRTHDH2J2ZEZZYYT,2026-07-23,1,5,0,0,0,0,1,1,0,0,0,2026-08-19 20:00:40.818952+05:30
flipkart,TSHHHJRAZY3BXMSE,2026-07-24,2,10,0,0,0,0,2,2,0,0,0,2026-08-19 20:00:40.818952+05:30
flipkart,TSHHHJRAAHQGWZMX,2026-07-07,1,5,0,0,0,0,1,1,0,0,0,2026-08-19 20:00:40.818952+05:30
flipkart,SRTHDH2JHYDY2ZF3,2026-07-14,1,5,0,0,0,0,1,1,0,0,0,2026-08-19 20:00:40.818952+05:30
flipkart,TSHHHJRAJZ9W3CHJ,2026-06-16,1,5,0,0,0,0,1,1,0,0,0,2026-08-19 20:00:40.818952+05:30
flipkart,TKPGFQNDGFD8NKG6,2026-06-15,1,5,0,0,0,0,1,1,0,0,0,2026-08-19 20:00:40.818952+05:30
flipkart,VESGZ9YZ8ZBYGVDX,2026-06-01,3,13,0,0,0,2,1,3,0,0,0,2026-08-19 20:00:40.818952+05:30
flipkart,AFKGFYDYGVXGB5R5,2026-07-12,1,5,0,0,0,0,1,1,0,0,0,2026-08-19 20:00:40.818952+05:30
flipkart,BXRHFQXCJSCCGJ6J,2026-06-27,1,4,0,0,0,1,0,1,0,0,0,2026-08-19 20:00:40.818952+05:30
flipkart,SRTH6AFXGZGAQBMS,2025-12-01,2,9,0,0,0,1,1,2,0,0,0,2026-08-19 20:00:40.818952+05:30
flipkart,TKPGTHNYFGUCTHDE,2025-11-01,1,4,0,0,0,1,0,1,0,0,0,2026-08-19 20:00:40.818952+05:30
flipkart,TSHGSUT9HEHTJVKA,2026-04-01,3,10,0,0,2,1,0,1,0,2,0,2026-08-19 20:00:40.818952+05:30
flipkart,TSHHHJRARG5VGWZC,2026-06-13,1,3,0,0,1,0,0,0,0,1,0,2026-08-19 20:00:40.818952+05:30
flipkart,BXRGRFHZATAPYBDY,2026-08-07,1,1,1,0,0,0,0,0,1,0,0,2026-08-19 20:00:40.818952+05:30
flipkart,TKPH5URAWVHYBZHU,2026-01-01,9,27,1,4,0,2,2,4,5,0,0,2026-08-19 20:00:40.818952+05:30
flipkart,TSHHHJRACHP5GR2W,2025-12-01,1,4,0,0,0,1,0,1,0,0,0,2026-08-19 20:00:40.818952+05:30
flipkart,TSHHHJRACHP5GR2W,2026-02-01,1,5,0,0,0,0,1,1,0,0,0,2026-08-19 20:00:40.818952+05:30
flipkart,TSHHHJRACHP5GR2W,2026-04-01,1,1,1,0,0,0,0,0,1,0,0,2026-08-19 20:00:40.818952+05:30
flipkart,TSHHHJRACHP5GR2W,2026-05-01,2,9,0,0,0,1,1,2,0,0,0,2026-08-19 20:00:40.818952+05:30
flipkart,TSHHHJRACHP5GR2W,2026-06-01,3,12,0,0,1,1,1,2,0,1,0,2026-08-19 20:00:40.818952+05:30
flipkart,TSHHHJRACHP5GR2W,2026-06-13,1,3,0,0,1,0,0,0,0,1,0,2026-08-19 20:00:40.818952+05:30
flipkart,TSHHHJRACHP5GR2W,2026-06-15,1,5,0,0,0,0,1,1,0,0,0,2026-08-19 20:00:40.818952+05:30
flipkart,TSHHHJRACHP5GR2W,2026-06-16,1,5,0,0,0,0,1,1,0,0,0,2026-08-19 20:00:40.818952+05:30
flipkart,TSHHHJRACHP5GR2W,2026-06-17,1,2,0,1,0,0,0,0,1,0,0,2026-08-19 20:00:40.818952+05:30
flipkart,TSHHHJRACHP5GR2W,2026-06-29,1,5,0,0,0,0,1,1,0,0,0,2026-08-19 20:00:40.818952+05:30
flipkart,TSHHHJRACHP5GR2W,2026-07-01,14,62,0,1,2,1,10,11,1,2,0,2026-08-19 20:00:40.818952+05:30
flipkart,TSHHHJRACHP5GR2W,2026-07-07,1,5,0,0,0,0,1,1,0,0,0,2026-08-19 20:00:40.818952+05:30
flipkart,TSHHHJRACHP5GR2W,2026-07-09,2,10,0,0,0,0,2,2,0,0,0,2026-08-19 20:00:40.818952+05:30
flipkart,TSHHHJRACHP5GR2W,2026-07-11,1,5,0,0,0,0,1,1,0,0,0,2026-08-19 20:00:40.818952+05:30
flipkart,TSHHHJRACHP5GR2W,2026-07-12,1,4,0,0,0,1,0,1,0,0,0,2026-08-19 20:00:40.818952+05:30
flipkart,TSHHHJRACHP5GR2W,2026-07-15,1,5,0,0,0,0,1,1,0,0,0,2026-08-19 20:00:40.818952+05:30
flipkart,TSHHHJRACHP5GR2W,2026-07-16,1,5,0,0,0,0,1,1,0,0,0,2026-08-19 20:00:40.818952+05:30
flipkart,TSHHHJRACHP5GR2W,2026-07-20,1,4,0,0,0,1,0,1,0,0,0,2026-08-19 20:00:40.818952+05:30
flipkart,TSHHHJRACHP5GR2W,2026-07-23,2,10,0,0,0,0,2,2,0,0,0,2026-08-19 20:00:40.818952+05:30
flipkart,TSHHHJRACHP5GR2W,2026-07-24,4,18,0,0,0,2,2,4,0,0,0,2026-08-19 20:00:40.818952+05:30
flipkart,TSHHHJRACHP5GR2W,2026-07-25,2,8,0,0,0,2,0,2,0,0,0,2026-08-19 20:00:40.818952+05:30
flipkart,TSHHHJRACHP5GR2W,2026-08-02,1,5,0,0,0,0,1,1,0,0,0,2026-08-19 20:00:40.818952+05:30
flipkart,TSHHHJRACHP5GR2W,2026-08-03,1,5,0,0,0,0,1,1,0,0,0,2026-08-19 20:00:40.818952+05:30
flipkart,TSHHHJRACHP5GR2W,2026-08-05,1,1,1,0,0,0,0,0,1,0,0,2026-08-19 20:00:40.818952+05:30
flipkart,TSHHHJRACHP5GR2W,2026-08-10,1,5,0,0,0,0,1,1,0,0,1,2026-08-20 11:41:59.052+05:30
flipkart,BXRGZJCW9NY5YPZG,2025-09-01,20,58,7,2,2,4,5,9,9,2,0,2026-08-19 20:00:40.818952+05:30
flipkart,BXRGZJCW9NY5YPZG,2025-10-01,27,102,2,4,5,3,13,16,6,5,0,2026-08-19 20:00:40.818952+05:30
flipkart,BXRGZJCW9NY5YPZG,2025-11-01,12,50,0,1,2,3,6,9,1,2,0,2026-08-19 20:00:40.818952+05:30
flipkart,BXRGZJCWEGYGEC3V,2025-10-01,27,102,2,4,5,3,13,16,6,5,0,2026-08-19 20:00:40.818952+05:30
flipkart,BXRGZJCWEGYGEC3V,2025-12-01,5,24,0,0,0,1,4,5,0,0,0,2026-08-19 20:00:40.818952+05:30
flipkart,BXRGZJCWEGYGEC3V,2026-01-01,1,5,0,0,0,0,1,1,0,0,0,2026-08-19 20:00:40.818952+05:30
flipkart,BXRGZJCWEGYGEC3V,2026-02-01,2,4,1,0,1,0,0,0,1,1,0,2026-08-19 20:00:40.818952+05:30
flipkart,TKPH5URAH9J5MH4G,2026-01-01,9,27,1,4,0,2,2,4,5,0,0,2026-08-19 20:00:40.818952+05:30
flipkart,TKPH5URAH9J5MH4G,2026-02-01,7,21,3,0,0,2,2,4,3,0,0,2026-08-19 20:00:40.818952+05:30
flipkart,TKPH5URAH9J5MH4G,2026-03-01,11,39,2,1,1,3,4,7,3,1,0,2026-08-19 20:00:40.818952+05:30
flipkart,TKPH5URAH9J5MH4G,2026-06-01,2,4,1,0,1,0,0,0,1,1,0,2026-08-19 20:00:40.818952+05:30
flipkart,TKPH5URAH9J5MH4G,2026-06-14,1,3,0,0,1,0,0,0,0,1,0,2026-08-19 20:00:40.818952+05:30
flipkart,TKPH5URAH9J5MH4G,2026-06-25,1,5,0,0,0,0,1,1,0,0,0,2026-08-20 12:00:03.237+05:30
flipkart,TKPH5URAH9J5MH4G,2026-07-01,4,18,0,0,1,0,3,3,0,1,0,2026-08-19 20:00:40.818952+05:30
flipkart,TKPH5URAH9J5MH4G,2026-07-10,1,5,0,0,0,0,1,1,0,0,0,2026-08-19 20:00:40.818952+05:30
flipkart,TKPH5URAH9J5MH4G,2026-07-30,1,2,0,1,0,0,0,0,1,0,0,2026-08-19 20:00:40.818952+05:30
flipkart,BXRGZJCW9NY5YPZG,2025-12-01,5,24,0,0,0,1,4,5,0,0,0,2026-08-19 20:00:40.818952+05:30
flipkart,BXRGZJCW9NY5YPZG,2026-01-01,1,5,0,0,0,0,1,1,0,0,0,2026-08-19 20:00:40.818952+05:30
flipkart,BXRGZJCW9NY5YPZG,2026-02-01,2,4,1,0,1,0,0,0,1,1,0,2026-08-19 20:00:40.818952+05:30
flipkart,BXRGZJCW9NY5YPZG,2026-03-01,4,17,0,0,1,1,2,3,0,1,0,2026-08-19 20:00:40.818952+05:30
flipkart,BXRGZJCW9NY5YPZG,2026-04-01,2,9,0,0,0,1,1,2,0,0,0,2026-08-19 20:00:40.818952+05:30
flipkart,BXRGZJCW9NY5YPZG,2026-05-01,1,5,0,0,0,0,1,1,0,0,0,2026-08-19 20:00:40.818952+05:30
flipkart,BXRGZJCW9NY5YPZG,2026-06-01,2,8,0,0,1,0,1,1,0,1,0,2026-08-19 20:00:40.818952+05:30
flipkart,BXRGZJCW9NY5YPZG,2026-06-22,1,5,0,0,0,0,1,1,0,0,0,2026-08-20 12:00:47.526+05:30
flipkart,BXRGZJCW9NY5YPZG,2026-07-01,1,5,0,0,0,0,1,1,0,0,0,2026-08-19 20:00:40.818952+05:30
flipkart,BXRGZJCW9NY5YPZG,2026-08-02,1,1,1,0,0,0,0,0,1,0,0,2026-08-19 20:00:40.818952+05:30
flipkart,BXRGZJCW9NY5YPZG,2026-08-03,1,1,1,0,0,0,0,0,1,0,0,2026-08-19 20:00:40.818952+05:30
flipkart,BXRGZJCWEGYGEC3V,2025-09-01,20,58,7,2,2,4,5,9,9,2,0,2026-08-19 20:00:40.818952+05:30
flipkart,BXRGZJCWEGYGEC3V,2026-03-01,4,17,0,0,1,1,2,3,0,1,0,2026-08-19 20:00:40.818952+05:30
flipkart,BXRGZJCWEGYGEC3V,2026-04-01,2,9,0,0,0,1,1,2,0,0,0,2026-08-19 20:00:40.818952+05:30
flipkart,BXRGZJCWEGYGEC3V,2026-05-01,1,5,0,0,0,0,1,1,0,0,0,2026-08-19 20:00:40.818952+05:30
flipkart,BXRGZJCWEGYGEC3V,2026-06-01,2,8,0,0,1,0,1,1,0,1,0,2026-08-19 20:00:40.818952+05:30
flipkart,BXRGZJCWEGYGEC3V,2026-06-22,1,1,1,0,0,0,0,0,1,0,7,2026-08-20 12:00:47.691+05:30
flipkart,BXRGZJCWEGYGEC3V,2026-07-01,1,5,0,0,0,0,1,1,0,0,0,2026-08-19 20:00:40.818952+05:30
flipkart,BXRGZJCWEGYGEC3V,2026-08-02,1,1,1,0,0,0,0,0,1,0,0,2026-08-19 20:00:40.818952+05:30
flipkart,BXRGZJCWEGYGEC3V,2026-08-03,1,1,1,0,0,0,0,0,1,0,0,2026-08-19 20:00:40.818952+05:30
flipkart,SRTGSYQG43TJVM67,2025-10-01,4,20,0,0,0,0,4,4,0,0,0,2026-08-19 20:00:40.818952+05:30
flipkart,SRTGSYQG43TJVM67,2025-11-01,5,23,0,0,0,2,3,5,0,0,0,2026-08-19 20:00:40.818952+05:30
flipkart,SRTGSYQG43TJVM67,2025-12-01,2,9,0,0,0,1,1,2,0,0,0,2026-08-19 20:00:40.818952+05:30
flipkart,SRTGSYQG43TJVM67,2026-01-01,2,10,0,0,0,0,2,2,0,0,0,2026-08-19 20:00:40.818952+05:30
flipkart,SRTGSYQG43TJVM67,2026-04-01,1,5,0,0,0,0,1,1,0,0,0,2026-08-19 20:00:40.818952+05:30
flipkart,SRTGSYQG43TJVM67,2026-06-29,1,2,0,1,0,0,0,0,1,0,5,2026-08-20 12:28:47.04+05:30
flipkart,SRTGSYQG43TJVM67,2026-07-01,2,9,0,0,0,1,1,2,0,0,0,2026-08-19 20:00:40.818952+05:30
flipkart,SRTGSYQG43TJVM67,2026-07-07,1,5,0,0,0,0,1,1,0,0,0,2026-08-19 20:00:40.818952+05:30
flipkart,SRTGSYQG43TJVM67,2026-07-14,1,5,0,0,0,0,1,1,0,0,0,2026-08-19 20:00:40.818952+05:30
